OPIS Truckstop ID,Truckstop Name,Address,City,State,Rack ID,Retail Price
1001,DUMMY TRUCK STOP #1,"I-65, EXIT 202",McClure,OH,772,3.822
1002,DUMMY TRUCK STOP #2,"I-25, EXIT 45",Parshall,CO,847,3.510
1003,DUMMY TRUCK STOP #3,"I-44, EXIT 214",Maricopa,AZ,346,3.512
1004,DUMMY TRUCK STOP #4,"I-95, EXIT 79",Quakertown,PA,536,4.359
1005,DUMMY TRUCK STOP #5,"I-65, EXIT 230",Monticello,IA,655,3.738
1006,DUMMY TRUCK STOP #6,"I-25, EXIT 106",New Palestine,IN,768,3.677
1007,DUMMY TRUCK STOP #7,"I-40, EXIT 71",Walnut Hill,IL,416,3.945
1008,DUMMY TRUCK STOP #8,"I-90, EXIT 70",Malabar,FL,540,3.672
1009,DUMMY TRUCK STOP #9,"I-25, EXIT 336",North Wales,PA,678,4.541
1010,DUMMY TRUCK STOP #10,"I-35, EXIT 163",Brookside,CO,169,3.537
1011,DUMMY TRUCK STOP #11,"I-20, EXIT 95",Park Hill,OK,425,2.740
1012,DUMMY TRUCK STOP #12,"I-25, EXIT 16",Pomeroy,PA,883,3.895
1013,DUMMY TRUCK STOP #13,"I-80, EXIT 156",Patrick Springs,VA,553,3.348
1014,DUMMY TRUCK STOP #14,"I-55, EXIT 78",Altamont,NY,897,4.589
1015,DUMMY TRUCK STOP #15,"I-5, EXIT 314",Princeton,CA,731,4.786
1016,DUMMY TRUCK STOP #16,"I-55, EXIT 311",Eden,NC,680,3.538
1017,DUMMY TRUCK STOP #17,"I-44, EXIT 14",Beulah,MS,467,3.015
1018,DUMMY TRUCK STOP #18,"I-15, EXIT 245",Wilhoit,AZ,237,3.693
1019,DUMMY TRUCK STOP #19,"I-70, EXIT 95",Tacna,AZ,496,3.605
1020,DUMMY TRUCK STOP #20,"I-85, EXIT 243",Spring Garden,CA,240,4.746
1021,DUMMY TRUCK STOP #21,"I-80, EXIT 8",Shipman,IL,376,3.866
1022,DUMMY TRUCK STOP #22,"I-80, EXIT 114",Dillsboro,IN,860,3.860
1023,DUMMY TRUCK STOP #23,"I-40, EXIT 34",Groveton,NH,281,3.543
1024,DUMMY TRUCK STOP #24,"I-81, EXIT 316",Rockfish,NC,601,3.343
1025,DUMMY TRUCK STOP #25,"I-44, EXIT 219",Peeples Valley,AZ,514,3.712
1026,DUMMY TRUCK STOP #26,"I-10, EXIT 312",Islandia,NY,852,3.816
1027,DUMMY TRUCK STOP #27,"I-75, EXIT 314",Havana,IL,860,3.929
1028,DUMMY TRUCK STOP #28,"I-95, EXIT 305",Foster Brook,PA,649,3.793
1029,DUMMY TRUCK STOP #29,"I-10, EXIT 267",Roaming Shores,OH,211,3.337
1030,DUMMY TRUCK STOP #30,"I-81, EXIT 234",Bendersville,PA,143,3.992
1031,DUMMY TRUCK STOP #31,"I-94, EXIT 203",Addison,NY,852,4.247
1032,DUMMY TRUCK STOP #32,"I-10, EXIT 286",Watkins,MN,496,3.406
1033,DUMMY TRUCK STOP #33,"I-10, EXIT 98",Stronghurst,IL,398,3.547
1034,DUMMY TRUCK STOP #34,"I-81, EXIT 204",Jamesport,MO,411,3.174
1035,DUMMY TRUCK STOP #35,"I-35, EXIT 217",Cove Creek,NC,401,3.472
1036,DUMMY TRUCK STOP #36,"I-10, EXIT 265",Peterson,IA,245,3.204
1037,DUMMY TRUCK STOP #37,"I-15, EXIT 257",Blue Ridge,TX,215,2.897
1038,DUMMY TRUCK STOP #38,"I-35, EXIT 300",Salem,UT,812,3.659
1039,DUMMY TRUCK STOP #39,"I-65, EXIT 231",Glencoe,AL,125,3.128
1040,DUMMY TRUCK STOP #40,"I-35, EXIT 233",Yukon,PA,704,3.998
1041,DUMMY TRUCK STOP #41,"I-81, EXIT 47",Ames,TX,356,3.455
1042,DUMMY TRUCK STOP #42,"I-65, EXIT 333",Du Pont,GA,828,3.118
1043,DUMMY TRUCK STOP #43,"I-20, EXIT 47",Albion,PA,216,4.133
1044,DUMMY TRUCK STOP #44,"I-81, EXIT 325",Bude,MS,471,2.926
1045,DUMMY TRUCK STOP #45,"I-90, EXIT 314",Tallulah,LA,263,3.493
1046,DUMMY TRUCK STOP #46,"I-75, EXIT 282",Park View,IA,489,3.494
1047,DUMMY TRUCK STOP #47,"I-65, EXIT 290",Blakely,GA,775,3.456
1048,DUMMY TRUCK STOP #48,"I-25, EXIT 84",Richview,IL,248,3.830
1049,DUMMY TRUCK STOP #49,"I-80, EXIT 158",Crowheart,WY,416,3.573
1050,DUMMY TRUCK STOP #50,"I-81, EXIT 148",Drayton,SC,741,3.556
1051,DUMMY TRUCK STOP #51,"I-40, EXIT 2",New Orleans,LA,737,3.412
1052,DUMMY TRUCK STOP #52,"I-55, EXIT 7",Boulder,CO,569,3.899
1053,DUMMY TRUCK STOP #53,"I-5, EXIT 312",Sky Valley,CA,605,4.539
1054,DUMMY TRUCK STOP #54,"I-44, EXIT 112",Hillsdale,MI,702,3.703
1055,DUMMY TRUCK STOP #55,"I-81, EXIT 41",Twain Harte,CA,715,4.643
1056,DUMMY TRUCK STOP #56,"I-5, EXIT 126",Prince Frederick,MD,660,3.433
1057,DUMMY TRUCK STOP #57,"I-40, EXIT 26",Richmond,TX,289,3.105
1058,DUMMY TRUCK STOP #58,"I-25, EXIT 29",Lewiston,ME,768,3.849
1059,DUMMY TRUCK STOP #59,"I-10, EXIT 342",Sims,NC,691,3.391
1060,DUMMY TRUCK STOP #60,"I-64, EXIT 170",Eddyville,IA,189,3.432
1061,DUMMY TRUCK STOP #61,"I-35, EXIT 83",Baird,TX,788,3.328
1062,DUMMY TRUCK STOP #62,"I-64, EXIT 313",Mammoth Spring,AR,776,3.307
1063,DUMMY TRUCK STOP #63,"I-94, EXIT 91",Marlin,PA,566,3.963
1064,DUMMY TRUCK STOP #64,"I-95, EXIT 185",Rensselaer,MO,136,2.974
1065,DUMMY TRUCK STOP #65,"I-70, EXIT 195",Lobo Canyon,NM,169,3.577
1066,DUMMY TRUCK STOP #66,"I-80, EXIT 282",Alva,FL,166,3.584
1067,DUMMY TRUCK STOP #67,"I-55, EXIT 169",Fort Ashby,WV,639,3.574
1068,DUMMY TRUCK STOP #68,"I-80, EXIT 269",Goodrich,MI,314,3.793
1069,DUMMY TRUCK STOP #69,"I-20, EXIT 293",Matheny,CA,847,4.667
1070,DUMMY TRUCK STOP #70,"I-90, EXIT 45",Cortland West,NY,595,3.917
1071,DUMMY TRUCK STOP #71,"I-64, EXIT 219",Elsmore,KS,723,3.210
1072,DUMMY TRUCK STOP #72,"I-65, EXIT 133",Kirby,TX,638,2.908
1073,DUMMY TRUCK STOP #73,"I-25, EXIT 315",Damascus,OH,676,3.476
1074,DUMMY TRUCK STOP #74,"I-85, EXIT 267",Sheyenne,ND,846,3.386
1075,DUMMY TRUCK STOP #75,"I-35, EXIT 313",Great Falls,VA,338,3.408
1076,DUMMY TRUCK STOP #76,"I-64, EXIT 100",Aneth,UT,101,3.446
1077,DUMMY TRUCK STOP #77,"I-20, EXIT 107",Union Bridge,MD,730,3.748
1078,DUMMY TRUCK STOP #78,"I-80, EXIT 212",Solvay,NY,146,4.286
1079,DUMMY TRUCK STOP #79,"I-40, EXIT 6",Dover,IL,755,3.684
1080,DUMMY TRUCK STOP #80,"I-40, EXIT 145",California,PA,360,4.250
1081,DUMMY TRUCK STOP #81,"I-90, EXIT 282",Grover Beach,CA,431,4.789
1082,DUMMY TRUCK STOP #82,"I-5, EXIT 59",Ozone,AR,802,3.101
1083,DUMMY TRUCK STOP #83,"I-95, EXIT 316",Bowring,OK,129,3.060
1084,DUMMY TRUCK STOP #84,"I-35, EXIT 100",Bicknell,IN,438,3.907
1085,DUMMY TRUCK STOP #85,"I-85, EXIT 243",Troy,SC,136,3.505
1086,DUMMY TRUCK STOP #86,"I-25, EXIT 247",Bogue,KS,259,2.898
1087,DUMMY TRUCK STOP #87,"I-94, EXIT 172",Millville,CA,573,4.485
1088,DUMMY TRUCK STOP #88,"I-80, EXIT 29",Tehuacana,TX,633,2.878
1089,DUMMY TRUCK STOP #89,"I-65, EXIT 285",Dubois,IN,648,3.662
1090,DUMMY TRUCK STOP #90,"I-5, EXIT 107",Levan,UT,691,3.875
1091,DUMMY TRUCK STOP #91,"I-70, EXIT 34",Alamosa,CO,252,3.423
1092,DUMMY TRUCK STOP #92,"I-55, EXIT 16",Hopkins,MI,447,3.403
1093,DUMMY TRUCK STOP #93,"I-35, EXIT 293",Patterson,IA,720,3.601
1094,DUMMY TRUCK STOP #94,"I-75, EXIT 96",Mehlville,MO,709,3.174
1095,DUMMY TRUCK STOP #95,"I-64, EXIT 162",Hunter,OH,826,3.933
1096,DUMMY TRUCK STOP #96,"I-10, EXIT 140",Lopeño,TX,523,3.361
1097,DUMMY TRUCK STOP #97,"I-70, EXIT 232",Gardner,MA,409,3.915
1098,DUMMY TRUCK STOP #98,"I-40, EXIT 269",Heron Bay,GA,409,3.541
1099,DUMMY TRUCK STOP #99,"I-10, EXIT 104",Woburn,MA,194,3.679
1100,DUMMY TRUCK STOP #100,"I-81, EXIT 260",Lansdowne,MD,125,3.755
1101,DUMMY TRUCK STOP #101,"I-25, EXIT 98",Nebo,IL,448,3.918
1102,DUMMY TRUCK STOP #102,"I-85, EXIT 269",Hopeton,OK,417,2.778
1103,DUMMY TRUCK STOP #103,"I-20, EXIT 265",Graf,IA,792,3.366
1104,DUMMY TRUCK STOP #104,"I-25, EXIT 106",Big Beaver,PA,841,3.951
1105,DUMMY TRUCK STOP #105,"I-90, EXIT 60",Dekorra,WI,104,3.624
1106,DUMMY TRUCK STOP #106,"I-64, EXIT 23",Waynoka,OK,803,3.191
1107,DUMMY TRUCK STOP #107,"I-65, EXIT 240",Pleasant Grove,OH,147,3.911
1108,DUMMY TRUCK STOP #108,"I-20, EXIT 267",Huron,CA,884,4.452
1109,DUMMY TRUCK STOP #109,"I-95, EXIT 160",Blacktail,ND,754,3.416
1110,DUMMY TRUCK STOP #110,"I-40, EXIT 165",Hilliard,OH,305,3.569
1111,DUMMY TRUCK STOP #111,"I-65, EXIT 226",Stockton,GA,787,3.401
1112,DUMMY TRUCK STOP #112,"I-20, EXIT 140",Happy Valley,NM,252,3.586
1113,DUMMY TRUCK STOP #113,"I-94, EXIT 264",Manchester,PA,204,4.099
1114,DUMMY TRUCK STOP #114,"I-40, EXIT 278",New Marion,IN,458,3.824
1115,DUMMY TRUCK STOP #115,"I-64, EXIT 294",Ivey,GA,350,3.214
1116,DUMMY TRUCK STOP #116,"I-35, EXIT 37",Southwest City,MO,418,3.156
1117,DUMMY TRUCK STOP #117,"I-81, EXIT 26",Harrisville,MI,233,3.576
1118,DUMMY TRUCK STOP #118,"I-5, EXIT 242",Kelley,IA,791,3.243
1119,DUMMY TRUCK STOP #119,"I-15, EXIT 219",Man,WV,501,3.768
1120,DUMMY TRUCK STOP #120,"I-35, EXIT 306",Malvern,OH,706,3.755
1121,DUMMY TRUCK STOP #121,"I-81, EXIT 316",Elgin,OR,464,4.011
1122,DUMMY TRUCK STOP #122,"I-64, EXIT 171",Garden City,NY,302,3.950
1123,DUMMY TRUCK STOP #123,"I-94, EXIT 41",Spaulding,IL,873,3.738
1124,DUMMY TRUCK STOP #124,"I-81, EXIT 291",Yale,OK,234,2.889
1125,DUMMY TRUCK STOP #125,"I-81, EXIT 50",Sparta,KY,566,3.720
1126,DUMMY TRUCK STOP #126,"I-64, EXIT 330",Pattison,TX,827,3.329
1127,DUMMY TRUCK STOP #127,"I-44, EXIT 74",Manville,SC,731,3.321
1128,DUMMY TRUCK STOP #128,"I-55, EXIT 187",Brant Lake,SD,501,3.198
1129,DUMMY TRUCK STOP #129,"I-65, EXIT 167",Boron,CA,564,4.913
1130,DUMMY TRUCK STOP #130,"I-85, EXIT 16",Browns Crossing,IN,166,4.117
1131,DUMMY TRUCK STOP #131,"I-81, EXIT 88",Friendswood,TX,389,2.985
1132,DUMMY TRUCK STOP #132,"I-70, EXIT 310",Wintersburg,AZ,688,3.876
1133,DUMMY TRUCK STOP #133,"I-20, EXIT 167",Airport Road Addition,TX,669,3.208
1134,DUMMY TRUCK STOP #134,"I-15, EXIT 155",Fountain Run,KY,645,3.510
1135,DUMMY TRUCK STOP #135,"I-44, EXIT 318",Fairfax,MN,349,3.267
1136,DUMMY TRUCK STOP #136,"I-94, EXIT 82",Hamburg,IA,593,3.408
1137,DUMMY TRUCK STOP #137,"I-95, EXIT 221",Fairmead,CA,545,4.628
1138,DUMMY TRUCK STOP #138,"I-95, EXIT 176",Oakdale,IL,657,3.910
1139,DUMMY TRUCK STOP #139,"I-15, EXIT 294",Ronald,WA,598,4.412
1140,DUMMY TRUCK STOP #140,"I-20, EXIT 304",Lake Koshkonong,WI,710,3.346
1141,DUMMY TRUCK STOP #141,"I-81, EXIT 91",Muttontown,NY,415,3.927
1142,DUMMY TRUCK STOP #142,"I-75, EXIT 36",Waitsfield,VT,712,3.653
1143,DUMMY TRUCK STOP #143,"I-75, EXIT 168",Glendale,PA,606,4.306
1144,DUMMY TRUCK STOP #144,"I-10, EXIT 47",Evarts,KY,322,3.658
1145,DUMMY TRUCK STOP #145,"I-5, EXIT 76",Palos Hills,IL,776,3.954
1146,DUMMY TRUCK STOP #146,"I-25, EXIT 232",Valley View,OH,644,3.357
1147,DUMMY TRUCK STOP #147,"I-81, EXIT 101",Wann,NE,310,3.286
1148,DUMMY TRUCK STOP #148,"I-65, EXIT 154",Borup,MN,683,3.740
1149,DUMMY TRUCK STOP #149,"I-80, EXIT 177",Franktown,VA,191,3.625
1150,DUMMY TRUCK STOP #150,"I-95, EXIT 5",Spokane,WA,726,4.189
1151,DUMMY TRUCK STOP #151,"I-25, EXIT 151",Mount Cory,OH,163,3.883
1152,DUMMY TRUCK STOP #152,"I-70, EXIT 282",Purdin,MO,154,3.184
1153,DUMMY TRUCK STOP #153,"I-70, EXIT 57",Okahumpka,FL,388,3.731
1154,DUMMY TRUCK STOP #154,"I-5, EXIT 121",Elliott,IA,542,3.351
1155,DUMMY TRUCK STOP #155,"I-65, EXIT 196",Manasota Key,FL,515,3.447
1156,DUMMY TRUCK STOP #156,"I-75, EXIT 223",Parker City,IN,658,3.578
1157,DUMMY TRUCK STOP #157,"I-25, EXIT 97",Salladasburg,PA,668,4.077
1158,DUMMY TRUCK STOP #158,"I-75, EXIT 185",Ithaca,NY,527,4.258
1159,DUMMY TRUCK STOP #159,"I-25, EXIT 69",Pecan Park,NM,111,3.802
1160,DUMMY TRUCK STOP #160,"I-15, EXIT 332",Danbury,IA,116,3.863
1161,DUMMY TRUCK STOP #161,"I-80, EXIT 70",Shippingport,PA,186,4.281
1162,DUMMY TRUCK STOP #162,"I-25, EXIT 329",Andrews,NC,525,3.744
1163,DUMMY TRUCK STOP #163,"I-80, EXIT 320",Monticello,MS,284,3.443
1164,DUMMY TRUCK STOP #164,"I-81, EXIT 261",Wise,VA,534,3.257
1165,DUMMY TRUCK STOP #165,"I-70, EXIT 116",Winthrop,NY,290,3.964
1166,DUMMY TRUCK STOP #166,"I-80, EXIT 310",Dent,MN,107,3.437
1167,DUMMY TRUCK STOP #167,"I-44, EXIT 257",West Denton,MD,375,3.292
1168,DUMMY TRUCK STOP #168,"I-80, EXIT 280",South Chicago Heights,IL,690,3.636
1169,DUMMY TRUCK STOP #169,"I-95, EXIT 248",Largo,FL,821,3.166
1170,DUMMY TRUCK STOP #170,"I-70, EXIT 58",Brielle,NJ,694,4.219
1171,DUMMY TRUCK STOP #171,"I-25, EXIT 270",Nebraska City,NE,868,3.076
1172,DUMMY TRUCK STOP #172,"I-55, EXIT 239",San Ramon,CA,629,4.782
1173,DUMMY TRUCK STOP #173,"I-15, EXIT 126",West Lawn,PA,583,4.383
1174,DUMMY TRUCK STOP #174,"I-15, EXIT 325",Quitman,AR,652,3.428
1175,DUMMY TRUCK STOP #175,"I-10, EXIT 176",Wortham,TX,647,3.196
1176,DUMMY TRUCK STOP #176,"I-5, EXIT 241",Maybell,CO,564,3.401
1177,DUMMY TRUCK STOP #177,"I-65, EXIT 216",Williston,FL,461,3.298
1178,DUMMY TRUCK STOP #178,"I-64, EXIT 149",Coalton,OH,271,3.684
1179,DUMMY TRUCK STOP #179,"I-64, EXIT 289",Edge Hill,GA,366,3.747
1180,DUMMY TRUCK STOP #180,"I-10, EXIT 323",Collinwood,TN,584,3.390
1181,DUMMY TRUCK STOP #181,"I-64, EXIT 320",Sportmans Shores,OK,127,2.943
1182,DUMMY TRUCK STOP #182,"I-64, EXIT 249",Bogue Chitto,MS,184,3.089
1183,DUMMY TRUCK STOP #183,"I-55, EXIT 130",Lewiston Woodville,NC,235,3.500
1184,DUMMY TRUCK STOP #184,"I-55, EXIT 141",Douglas City,CA,363,4.801
1185,DUMMY TRUCK STOP #185,"I-35, EXIT 303",Mount Morris,MI,856,3.787
1186,DUMMY TRUCK STOP #186,"I-25, EXIT 338",Lake LeAnn,MI,557,3.708
1187,DUMMY TRUCK STOP #187,"I-44, EXIT 249",Lake Norman of Catawba,NC,285,3.374
1188,DUMMY TRUCK STOP #188,"I-90, EXIT 17",Big Stone Colony,MT,451,3.682
1189,DUMMY TRUCK STOP #189,"I-25, EXIT 254",Angustura,NM,870,3.919
1190,DUMMY TRUCK STOP #190,"I-80, EXIT 197",Spiceland,IN,343,3.703
1191,DUMMY TRUCK STOP #191,"I-35, EXIT 108",Dover Plains,NY,691,3.996
1192,DUMMY TRUCK STOP #192,"I-70, EXIT 28",Wixon Valley,TX,757,2.905
1193,DUMMY TRUCK STOP #193,"I-10, EXIT 86",Knapp,WI,575,3.420
1194,DUMMY TRUCK STOP #194,"I-75, EXIT 244",Muscle Shoals,AL,408,3.632
1195,DUMMY TRUCK STOP #195,"I-94, EXIT 120",Sparks,OK,488,2.717
1196,DUMMY TRUCK STOP #196,"I-75, EXIT 243",Herminie,PA,368,4.115
1197,DUMMY TRUCK STOP #197,"I-5, EXIT 148",Valdez,CO,559,3.773
1198,DUMMY TRUCK STOP #198,"I-75, EXIT 348",Texanna,OK,423,3.438
1199,DUMMY TRUCK STOP #199,"I-10, EXIT 50",Fries,VA,644,3.815
1200,DUMMY TRUCK STOP #200,"I-70, EXIT 222",Magdalena,NM,725,3.385
1201,DUMMY TRUCK STOP #201,"I-65, EXIT 139",Sykesville,PA,373,4.360
1202,DUMMY TRUCK STOP #202,"I-20, EXIT 131",Goldfield,IA,770,3.175
1203,DUMMY TRUCK STOP #203,"I-44, EXIT 345",Monetta,SC,702,3.127
1204,DUMMY TRUCK STOP #204,"I-40, EXIT 267",Medina,OH,445,3.599
1205,DUMMY TRUCK STOP #205,"I-65, EXIT 281",Supreme,LA,110,3.000
1206,DUMMY TRUCK STOP #206,"I-5, EXIT 35",Piedra,CO,112,3.039
1207,DUMMY TRUCK STOP #207,"I-81, EXIT 180",Eudora,KS,324,3.064
1208,DUMMY TRUCK STOP #208,"I-64, EXIT 129",Arbyrd,MO,297,3.316
1209,DUMMY TRUCK STOP #209,"I-10, EXIT 305",Cordele,GA,772,3.594
1210,DUMMY TRUCK STOP #210,"I-40, EXIT 307",Middle Grove,MO,753,3.253
1211,DUMMY TRUCK STOP #211,"I-15, EXIT 310",Coats Bend,AL,233,3.627
1212,DUMMY TRUCK STOP #212,"I-75, EXIT 337",Warrens,WI,882,3.764
1213,DUMMY TRUCK STOP #213,"I-35, EXIT 57",Huntingdon,PA,812,4.238
1214,DUMMY TRUCK STOP #214,"I-35, EXIT 130",South Hero,VT,401,3.463
1215,DUMMY TRUCK STOP #215,"I-81, EXIT 142",Harleigh,PA,887,3.637
1216,DUMMY TRUCK STOP #216,"I-80, EXIT 342",Des Moines,IA,888,3.437
1217,DUMMY TRUCK STOP #217,"I-15, EXIT 142",Bunkerville,NV,895,4.068
1218,DUMMY TRUCK STOP #218,"I-10, EXIT 196",Cateechee,SC,497,3.162
1219,DUMMY TRUCK STOP #219,"I-55, EXIT 92",Moscow,ID,551,3.669
1220,DUMMY TRUCK STOP #220,"I-15, EXIT 252",Ampere North,NJ,305,3.905
1221,DUMMY TRUCK STOP #221,"I-85, EXIT 56",Reardan,WA,247,4.363
1222,DUMMY TRUCK STOP #222,"I-94, EXIT 221",Glendale,CO,323,3.478
1223,DUMMY TRUCK STOP #223,"I-81, EXIT 133",Thompson Springs,UT,205,3.536
1224,DUMMY TRUCK STOP #224,"I-10, EXIT 38",Byesville,OH,172,3.644
1225,DUMMY TRUCK STOP #225,"I-81, EXIT 10",Leawood,KS,609,3.127
1226,DUMMY TRUCK STOP #226,"I-25, EXIT 335",Omaha,TX,755,3.091
1227,DUMMY TRUCK STOP #227,"I-75, EXIT 137",Loudonville,OH,255,3.750
1228,DUMMY TRUCK STOP #228,"I-65, EXIT 201",Wisconsin Dells,WI,688,3.450
1229,DUMMY TRUCK STOP #229,"I-85, EXIT 245",Berlin,ND,546,3.782
1230,DUMMY TRUCK STOP #230,"I-75, EXIT 36",Hazel Crest,IL,653,3.807
1231,DUMMY TRUCK STOP #231,"I-85, EXIT 63",Brookhurst,WY,680,3.477
1232,DUMMY TRUCK STOP #232,"I-94, EXIT 184",Carsonville,MI,441,3.875
1233,DUMMY TRUCK STOP #233,"I-15, EXIT 188",Clemson,SC,647,3.224
1234,DUMMY TRUCK STOP #234,"I-65, EXIT 42",Girard,GA,570,3.184
1235,DUMMY TRUCK STOP #235,"I-40, EXIT 91",Placitas,NM,667,3.460
1236,DUMMY TRUCK STOP #236,"I-10, EXIT 197",Van Dyne,WI,776,3.301
1237,DUMMY TRUCK STOP #237,"I-20, EXIT 323",Estelline,SD,805,3.501
1238,DUMMY TRUCK STOP #238,"I-70, EXIT 250",Gallipolis Ferry,WV,186,3.859
1239,DUMMY TRUCK STOP #239,"I-40, EXIT 72",Candy Kitchen,NM,136,3.595
1240,DUMMY TRUCK STOP #240,"I-40, EXIT 13",Beckley,WV,837,3.472
1241,DUMMY TRUCK STOP #241,"I-75, EXIT 33",Ariton,AL,653,3.433
1242,DUMMY TRUCK STOP #242,"I-64, EXIT 256",Mount Pleasant,NC,646,3.447
1243,DUMMY TRUCK STOP #243,"I-5, EXIT 19",Southgate,KY,447,3.771
1244,DUMMY TRUCK STOP #244,"I-10, EXIT 173",Geneva,NE,838,3.278
1245,DUMMY TRUCK STOP #245,"I-90, EXIT 235",Burnside,AZ,794,3.937
1246,DUMMY TRUCK STOP #246,"I-94, EXIT 77",Pritchett,CO,858,3.574
1247,DUMMY TRUCK STOP #247,"I-10, EXIT 73",Shrewsbury,WV,600,3.240
1248,DUMMY TRUCK STOP #248,"I-5, EXIT 242",Athol,MA,733,3.404
1249,DUMMY TRUCK STOP #249,"I-25, EXIT 8",Bethel Manor,VA,276,3.818
1250,DUMMY TRUCK STOP #250,"I-10, EXIT 158",La Paloma-Lost Creek,TX,199,3.229
1251,DUMMY TRUCK STOP #251,"I-95, EXIT 33",Atlanta,TX,208,3.044
1252,DUMMY TRUCK STOP #252,"I-20, EXIT 255",Towanda,KS,709,3.280
1253,DUMMY TRUCK STOP #253,"I-40, EXIT 219",La Fontaine,IN,445,3.789
1254,DUMMY TRUCK STOP #254,"I-75, EXIT 167",Canby,CA,223,4.629
1255,DUMMY TRUCK STOP #255,"I-25, EXIT 165",Libertyville,IN,318,3.983
1256,DUMMY TRUCK STOP #256,"I-10, EXIT 304",Atlantic,VA,277,3.514
1257,DUMMY TRUCK STOP #257,"I-25, EXIT 213",Narrowsburg,NY,272,4.103
1258,DUMMY TRUCK STOP #258,"I-70, EXIT 284",Nichols,WI,268,3.528
1259,DUMMY TRUCK STOP #259,"I-10, EXIT 69",Martinez,CA,202,4.370
1260,DUMMY TRUCK STOP #260,"I-75, EXIT 81",Pine Grove,CA,116,4.904
1261,DUMMY TRUCK STOP #261,"I-5, EXIT 92",Modena,PA,191,4.104
1262,DUMMY TRUCK STOP #262,"I-95, EXIT 146",Concord,NE,526,3.299
1263,DUMMY TRUCK STOP #263,"I-85, EXIT 65",Crowley,TX,311,3.039
1264,DUMMY TRUCK STOP #264,"I-25, EXIT 328",Greenfield,CA,377,4.451
1265,DUMMY TRUCK STOP #265,"I-35, EXIT 313",Batesburg-Leesville,SC,808,3.116
1266,DUMMY TRUCK STOP #266,"I-10, EXIT 306",El Cerro,NM,284,3.423
1267,DUMMY TRUCK STOP #267,"I-15, EXIT 322",Helena,SC,408,3.249
1268,DUMMY TRUCK STOP #268,"I-70, EXIT 215",Bay Hill,FL,104,3.258
1269,DUMMY TRUCK STOP #269,"I-90, EXIT 49",Chiefland,FL,733,3.390
1270,DUMMY TRUCK STOP #270,"I-70, EXIT 277",Ardmore,OK,619,3.108
1271,DUMMY TRUCK STOP #271,"I-40, EXIT 142",Loring Colony,MT,154,3.659
1272,DUMMY TRUCK STOP #272,"I-40, EXIT 58",New Post,WI,252,3.753
1273,DUMMY TRUCK STOP #273,"I-85, EXIT 255",Catskill,NY,280,3.963
1274,DUMMY TRUCK STOP #274,"I-35, EXIT 344",Lyons,GA,144,2.915
1275,DUMMY TRUCK STOP #275,"I-40, EXIT 223",Emmetsburg,IA,357,3.512
1276,DUMMY TRUCK STOP #276,"I-65, EXIT 316",Westfield,NJ,876,3.907
1277,DUMMY TRUCK STOP #277,"I-10, EXIT 276",Canaan,VT,280,3.519
1278,DUMMY TRUCK STOP #278,"I-35, EXIT 15",Washington Park,NC,596,3.475
1279,DUMMY TRUCK STOP #279,"I-44, EXIT 228",Cleveland,MS,706,3.131
1280,DUMMY TRUCK STOP #280,"I-95, EXIT 167",Olympia Fields,IL,529,3.794
1281,DUMMY TRUCK STOP #281,"I-65, EXIT 118",Scarbro,WV,897,3.686
1282,DUMMY TRUCK STOP #282,"I-20, EXIT 167",Pinehill,NM,333,3.707
1283,DUMMY TRUCK STOP #283,"I-40, EXIT 193",West Alexander,PA,325,4.290
1284,DUMMY TRUCK STOP #284,"I-15, EXIT 242",Maryd,PA,699,4.220
1285,DUMMY TRUCK STOP #285,"I-25, EXIT 111",Hillsboro,OR,724,3.823
1286,DUMMY TRUCK STOP #286,"I-81, EXIT 92",Jerome,IL,496,3.837
1287,DUMMY TRUCK STOP #287,"I-40, EXIT 324",Effort,PA,467,3.911
1288,DUMMY TRUCK STOP #288,"I-55, EXIT 104",Brownsville,KY,443,3.592
1289,DUMMY TRUCK STOP #289,"I-10, EXIT 144",Dawson,MN,239,3.693
1290,DUMMY TRUCK STOP #290,"I-20, EXIT 239",Krebs,OK,569,3.348
1291,DUMMY TRUCK STOP #291,"I-44, EXIT 152",Star Valley Ranch,WY,718,3.185
1292,DUMMY TRUCK STOP #292,"I-35, EXIT 327",Byron Center,MI,726,3.850
1293,DUMMY TRUCK STOP #293,"I-94, EXIT 118",Buell,MO,188,3.396
1294,DUMMY TRUCK STOP #294,"I-80, EXIT 268",Beverly,WA,600,4.318
1295,DUMMY TRUCK STOP #295,"I-85, EXIT 237",Little Silver,NJ,385,3.931
1296,DUMMY TRUCK STOP #296,"I-5, EXIT 220",Leeton,MO,853,3.104
1297,DUMMY TRUCK STOP #297,"I-80, EXIT 297",Storrs,CT,327,4.195
1298,DUMMY TRUCK STOP #298,"I-95, EXIT 77",Prince's Lakes,IN,687,3.653
1299,DUMMY TRUCK STOP #299,"I-10, EXIT 21",Wheeling,IL,581,3.950
1300,DUMMY TRUCK STOP #300,"I-90, EXIT 18",Eastern Goleta Valley,CA,535,4.638
1301,DUMMY TRUCK STOP #301,"I-20, EXIT 232",Presquille,LA,607,3.048
1302,DUMMY TRUCK STOP #302,"I-44, EXIT 43",Cottonwood,AZ,671,3.810
1303,DUMMY TRUCK STOP #303,"I-80, EXIT 112",Cherokee,NC,235,3.455
1304,DUMMY TRUCK STOP #304,"I-70, EXIT 152",East Herkimer,NY,344,3.873
1305,DUMMY TRUCK STOP #305,"I-85, EXIT 343",Cates,IN,412,3.703
1306,DUMMY TRUCK STOP #306,"I-35, EXIT 236",Chinquapin,NC,684,3.387
1307,DUMMY TRUCK STOP #307,"I-81, EXIT 238",Stone Park,IL,890,3.799
1308,DUMMY TRUCK STOP #308,"I-25, EXIT 208",Gu-Win,AL,289,3.260
1309,DUMMY TRUCK STOP #309,"I-81, EXIT 325",Homeland,CA,101,4.793
1310,DUMMY TRUCK STOP #310,"I-15, EXIT 198",Colonial Park,PA,807,3.882
1311,DUMMY TRUCK STOP #311,"I-80, EXIT 139",Felicity,OH,814,3.677
1312,DUMMY TRUCK STOP #312,"I-94, EXIT 295",Cazadero,CA,312,4.790
1313,DUMMY TRUCK STOP #313,"I-65, EXIT 29",Brooksburg,IN,627,3.767
1314,DUMMY TRUCK STOP #314,"I-70, EXIT 27",Fountain Valley,CA,213,4.678
1315,DUMMY TRUCK STOP #315,"I-10, EXIT 188",Harrington,WA,475,4.301
1316,DUMMY TRUCK STOP #316,"I-35, EXIT 332",Wet Camp Village,AZ,672,3.985
1317,DUMMY TRUCK STOP #317,"I-40, EXIT 71",West Tawakoni,TX,442,3.085
1318,DUMMY TRUCK STOP #318,"I-44, EXIT 277",Doyline,LA,216,3.028
1319,DUMMY TRUCK STOP #319,"I-95, EXIT 108",Hiouchi,CA,871,4.576
1320,DUMMY TRUCK STOP #320,"I-44, EXIT 165",Goshen,NJ,461,3.613
1321,DUMMY TRUCK STOP #321,"I-80, EXIT 142",Huntertown,IN,155,3.921
1322,DUMMY TRUCK STOP #322,"I-15, EXIT 191",Pleasantville,IA,453,3.223
1323,DUMMY TRUCK STOP #323,"I-20, EXIT 241",Guthrie,OK,826,2.947
1324,DUMMY TRUCK STOP #324,"I-94, EXIT 348",Chalco,NE,645,3.413
1325,DUMMY TRUCK STOP #325,"I-70, EXIT 345",Port Barrington,IL,809,3.959
1326,DUMMY TRUCK STOP #326,"I-15, EXIT 97",Pinedale,NM,568,3.333
1327,DUMMY TRUCK STOP #327,"I-35, EXIT 148",Fort Pierce,FL,178,3.653
1328,DUMMY TRUCK STOP #328,"I-20, EXIT 85",Jermyn,PA,382,4.143
1329,DUMMY TRUCK STOP #329,"I-25, EXIT 105",Clear Lake,WI,633,3.528
1330,DUMMY TRUCK STOP #330,"I-5, EXIT 151",Dale City,VA,526,3.616
1331,DUMMY TRUCK STOP #331,"I-25, EXIT 243",Parc,NY,455,4.371
1332,DUMMY TRUCK STOP #332,"I-80, EXIT 228",Seaford,NY,855,4.107
1333,DUMMY TRUCK STOP #333,"I-15, EXIT 12",Hardy,MT,337,3.508
1334,DUMMY TRUCK STOP #334,"I-90, EXIT 331",Milford,IN,443,3.632
1335,DUMMY TRUCK STOP #335,"I-65, EXIT 249",Pickstown,SD,707,3.260
1336,DUMMY TRUCK STOP #336,"I-90, EXIT 281",Hebgen Lake Estates,MT,555,3.687
1337,DUMMY TRUCK STOP #337,"I-64, EXIT 88",Barry,TX,366,2.925
1338,DUMMY TRUCK STOP #338,"I-44, EXIT 248",Lakeville,MN,480,3.561
1339,DUMMY TRUCK STOP #339,"I-10, EXIT 76",Cowden,IL,461,4.103
1340,DUMMY TRUCK STOP #340,"I-64, EXIT 234",Strawberry,CA,270,4.694
1341,DUMMY TRUCK STOP #341,"I-94, EXIT 147",University of California-Merced,CA,286,4.672
1342,DUMMY TRUCK STOP #342,"I-35, EXIT 342",Achille,OK,257,3.078
1343,DUMMY TRUCK STOP #343,"I-65, EXIT 295",Runnelstown,MS,229,3.247
1344,DUMMY TRUCK STOP #344,"I-81, EXIT 134",Huntingtown,MD,478,3.676
1345,DUMMY TRUCK STOP #345,"I-10, EXIT 341",Courtland,MS,424,3.293
1346,DUMMY TRUCK STOP #346,"I-70, EXIT 76",New Brighton,MN,481,3.712
1347,DUMMY TRUCK STOP #347,"I-94, EXIT 155",Absarokee,MT,224,3.135
1348,DUMMY TRUCK STOP #348,"I-5, EXIT 208",Elwood,UT,611,3.756
1349,DUMMY TRUCK STOP #349,"I-65, EXIT 80",Malvern,PA,104,4.101
1350,DUMMY TRUCK STOP #350,"I-94, EXIT 260",Bear Creek,CA,439,4.316
1351,DUMMY TRUCK STOP #351,"I-64, EXIT 294",McCord,OK,782,3.059
1352,DUMMY TRUCK STOP #352,"I-25, EXIT 290",Stow,OH,846,3.580
1353,DUMMY TRUCK STOP #353,"I-20, EXIT 246",Obetz,OH,141,3.862
1354,DUMMY TRUCK STOP #354,"I-25, EXIT 348",Waukena,CA,664,4.643
1355,DUMMY TRUCK STOP #355,"I-44, EXIT 229",Colma,CA,465,4.780
1356,DUMMY TRUCK STOP #356,"I-15, EXIT 168",Gilbert,MN,156,3.527
1357,DUMMY TRUCK STOP #357,"I-90, EXIT 114",McAlisterville,PA,900,3.958
1358,DUMMY TRUCK STOP #358,"I-55, EXIT 101",Shreveport,LA,123,3.175
1359,DUMMY TRUCK STOP #359,"I-15, EXIT 263",Pocahontas,TN,503,3.603
1360,DUMMY TRUCK STOP #360,"I-40, EXIT 252",American Fork,UT,425,3.776
1361,DUMMY TRUCK STOP #361,"I-10, EXIT 342",Loveland,CO,469,3.378
1362,DUMMY TRUCK STOP #362,"I-75, EXIT 76",Roann,IN,833,3.620
1363,DUMMY TRUCK STOP #363,"I-70, EXIT 7",Deer Grove,IL,391,3.905
1364,DUMMY TRUCK STOP #364,"I-70, EXIT 180",Cordova,IL,415,3.663
1365,DUMMY TRUCK STOP #365,"I-15, EXIT 111",Logan,NM,845,3.813
1366,DUMMY TRUCK STOP #366,"I-81, EXIT 213",Hurdland,MO,553,3.148
1367,DUMMY TRUCK STOP #367,"I-80, EXIT 213",Meadow Woods,FL,242,3.422
1368,DUMMY TRUCK STOP #368,"I-95, EXIT 307",Bethlehem,MS,188,3.516
1369,DUMMY TRUCK STOP #369,"I-90, EXIT 172",Aviston,IL,167,3.895
1370,DUMMY TRUCK STOP #370,"I-95, EXIT 193",Plymouth,IA,190,3.470
1371,DUMMY TRUCK STOP #371,"I-55, EXIT 213",Stewartsville,MO,279,3.457
1372,DUMMY TRUCK STOP #372,"I-94, EXIT 237",Sandborn,IN,827,3.761
1373,DUMMY TRUCK STOP #373,"I-40, EXIT 96",Montpelier,VT,490,3.236
1374,DUMMY TRUCK STOP #374,"I-64, EXIT 284",Hambleton,WV,602,3.435
1375,DUMMY TRUCK STOP #375,"I-95, EXIT 156",Lathrop,CA,605,5.075
1376,DUMMY TRUCK STOP #376,"I-94, EXIT 238",Elmo,MO,329,3.288
1377,DUMMY TRUCK STOP #377,"I-55, EXIT 154",Beauxart Gardens,TX,755,3.162
1378,DUMMY TRUCK STOP #378,"I-85, EXIT 64",Zapata,TX,769,3.152
1379,DUMMY TRUCK STOP #379,"I-35, EXIT 252",Throckmorton,TX,804,3.075
1380,DUMMY TRUCK STOP #380,"I-44, EXIT 15",Chateaugay,NY,222,4.022
1381,DUMMY TRUCK STOP #381,"I-15, EXIT 307",Vista Santa Rosa,CA,863,4.769
1382,DUMMY TRUCK STOP #382,"I-70, EXIT 298",Western Grove,AR,592,3.041
1383,DUMMY TRUCK STOP #383,"I-85, EXIT 62",Shiloh,OH,482,3.368
1384,DUMMY TRUCK STOP #384,"I-90, EXIT 295",Rivers,NM,117,3.305
1385,DUMMY TRUCK STOP #385,"I-10, EXIT 75",Manuel Garcia,TX,427,3.210
1386,DUMMY TRUCK STOP #386,"I-81, EXIT 70",Sardis City,AL,465,3.211
1387,DUMMY TRUCK STOP #387,"I-80, EXIT 326",South Dos Palos,CA,464,4.824
1388,DUMMY TRUCK STOP #388,"I-10, EXIT 149",Newark,WV,398,3.723
1389,DUMMY TRUCK STOP #389,"I-90, EXIT 100",Vandergrift,PA,884,3.635
1390,DUMMY TRUCK STOP #390,"I-35, EXIT 49",Rosharon,TX,713,3.072
1391,DUMMY TRUCK STOP #391,"I-65, EXIT 155",Groverton,IN,377,3.754
1392,DUMMY TRUCK STOP #392,"I-70, EXIT 50",Montgomery,GA,647,3.125
1393,DUMMY TRUCK STOP #393,"I-5, EXIT 71",Kimball,MN,630,3.206
1394,DUMMY TRUCK STOP #394,"I-64, EXIT 191",Clarks,NE,897,3.188
1395,DUMMY TRUCK STOP #395,"I-35, EXIT 53",Whitehall,MT,323,3.437
1396,DUMMY TRUCK STOP #396,"I-25, EXIT 258",Pittsburg,IL,326,3.816
1397,DUMMY TRUCK STOP #397,"I-94, EXIT 315",Garland,UT,806,3.757
1398,DUMMY TRUCK STOP #398,"I-90, EXIT 273",Evansville,MN,829,3.221
1399,DUMMY TRUCK STOP #399,"I-20, EXIT 214",Curlew,WA,571,4.163
1400,DUMMY TRUCK STOP #400,"I-15, EXIT 60",Castaic,CA,234,4.655
1401,DUMMY TRUCK STOP #401,"I-64, EXIT 186",Lincolnton,GA,242,3.532
1402,DUMMY TRUCK STOP #402,"I-81, EXIT 306",Grosse Pointe,MI,635,3.605
1403,DUMMY TRUCK STOP #403,"I-64, EXIT 15",Broomtown,AL,862,3.314
1404,DUMMY TRUCK STOP #404,"I-20, EXIT 114",Stony Point,MI,231,3.536
1405,DUMMY TRUCK STOP #405,"I-44, EXIT 158",Everly,IA,228,3.412
1406,DUMMY TRUCK STOP #406,"I-40, EXIT 67",New Martinsville,WV,180,3.522
1407,DUMMY TRUCK STOP #407,"I-20, EXIT 40",Ola,SD,119,3.128
1408,DUMMY TRUCK STOP #408,"I-85, EXIT 221",Pringle,SD,143,3.539
1409,DUMMY TRUCK STOP #409,"I-90, EXIT 304",Neck City,MO,160,3.215
1410,DUMMY TRUCK STOP #410,"I-85, EXIT 61",Washburn,IA,359,3.394
1411,DUMMY TRUCK STOP #411,"I-5, EXIT 50",Chunky,MS,226,3.347
1412,DUMMY TRUCK STOP #412,"I-40, EXIT 301",Tutuilla,OR,304,4.241
1413,DUMMY TRUCK STOP #413,"I-15, EXIT 75",Mercersburg,PA,864,4.117
1414,DUMMY TRUCK STOP #414,"I-55, EXIT 297",Newdale Colony,SD,456,3.554
1415,DUMMY TRUCK STOP #415,"I-44, EXIT 259",Firthcliffe,NY,683,3.938
1416,DUMMY TRUCK STOP #416,"I-15, EXIT 51",Bryant,OK,692,3.433
1417,DUMMY TRUCK STOP #417,"I-40, EXIT 145",Gordonville,PA,275,4.068
1418,DUMMY TRUCK STOP #418,"I-94, EXIT 3",Davenport,NE,842,3.130
1419,DUMMY TRUCK STOP #419,"I-90, EXIT 244",Avera,GA,475,3.452
1420,DUMMY TRUCK STOP #420,"I-95, EXIT 95",Colona,IL,550,3.873
1421,DUMMY TRUCK STOP #421,"I-70, EXIT 195",Hugoton,KS,534,3.210
1422,DUMMY TRUCK STOP #422,"I-40, EXIT 264",Sauget,IL,333,3.724
1423,DUMMY TRUCK STOP #423,"I-65, EXIT 64",Casa de Oro-Mount Helix,CA,577,4.495
1424,DUMMY TRUCK STOP #424,"I-20, EXIT 267",Thiells,NY,239,4.317
1425,DUMMY TRUCK STOP #425,"I-64, EXIT 286",New Tripoli,PA,839,3.880
1426,DUMMY TRUCK STOP #426,"I-10, EXIT 43",Shiprock,NM,435,3.454
1427,DUMMY TRUCK STOP #427,"I-81, EXIT 308",Copperopolis,CA,853,4.573
1428,DUMMY TRUCK STOP #428,"I-64, EXIT 228",Smock,PA,331,4.057
1429,DUMMY TRUCK STOP #429,"I-80, EXIT 97",Crossgate,KY,171,3.309
1430,DUMMY TRUCK STOP #430,"I-85, EXIT 348",California Hot Springs,CA,476,4.700
1431,DUMMY TRUCK STOP #431,"I-85, EXIT 345",Waldenburg,AR,207,3.532
1432,DUMMY TRUCK STOP #432,"I-75, EXIT 225",Yorktown Heights,NY,635,4.743
1433,DUMMY TRUCK STOP #433,"I-25, EXIT 203",Parker School,MT,510,3.559
1434,DUMMY TRUCK STOP #434,"I-95, EXIT 53",Owyhee,NV,859,3.986
1435,DUMMY TRUCK STOP #435,"I-15, EXIT 187",Brandonville,WV,303,4.043
1436,DUMMY TRUCK STOP #436,"I-65, EXIT 103",Smiley,TX,709,2.925
1437,DUMMY TRUCK STOP #437,"I-44, EXIT 218",Chamizal,NM,842,3.552
1438,DUMMY TRUCK STOP #438,"I-85, EXIT 143",Clarkesville,GA,883,3.198
1439,DUMMY TRUCK STOP #439,"I-55, EXIT 330",Butte Creek Canyon,CA,509,4.696
1440,DUMMY TRUCK STOP #440,"I-70, EXIT 244",Asbury,NJ,782,3.619
1441,DUMMY TRUCK STOP #441,"I-85, EXIT 262",Modjeska,CA,385,4.604
1442,DUMMY TRUCK STOP #442,"I-25, EXIT 233",Scurry,TX,210,3.039
1443,DUMMY TRUCK STOP #443,"I-44, EXIT 322",Bradley,IL,237,3.950
1444,DUMMY TRUCK STOP #444,"I-5, EXIT 51",Glennville,CA,855,4.895
1445,DUMMY TRUCK STOP #445,"I-5, EXIT 92",Jackson Heights,NC,491,3.514
1446,DUMMY TRUCK STOP #446,"I-65, EXIT 79",Furnace Creek,CA,410,4.772
1447,DUMMY TRUCK STOP #447,"I-15, EXIT 339",Nelagoney,OK,869,3.092
1448,DUMMY TRUCK STOP #448,"I-90, EXIT 253",Aurora,UT,577,3.544
1449,DUMMY TRUCK STOP #449,"I-85, EXIT 259",Galveston,IN,367,3.829
1450,DUMMY TRUCK STOP #450,"I-94, EXIT 176",Hammond,MN,653,3.753
1451,DUMMY TRUCK STOP #451,"I-10, EXIT 221",Poquonock Bridge,CT,221,3.674
1452,DUMMY TRUCK STOP #452,"I-75, EXIT 231",Iron River,WI,422,3.322
1453,DUMMY TRUCK STOP #453,"I-10, EXIT 17",Moneta,VA,281,3.667
1454,DUMMY TRUCK STOP #454,"I-94, EXIT 338",Noyack,NY,898,3.995
1455,DUMMY TRUCK STOP #455,"I-85, EXIT 221",Oswego,IN,237,3.658
1456,DUMMY TRUCK STOP #456,"I-64, EXIT 200",Syracuse,NY,599,4.416
1457,DUMMY TRUCK STOP #457,"I-85, EXIT 338",Holly Ridge,NC,667,3.471
1458,DUMMY TRUCK STOP #458,"I-94, EXIT 293",Gum Springs,AR,581,3.017
1459,DUMMY TRUCK STOP #459,"I-90, EXIT 29",Underwood,ND,500,3.151
1460,DUMMY TRUCK STOP #460,"I-55, EXIT 254",New Pine Creek,CA,705,4.803
1461,DUMMY TRUCK STOP #461,"I-70, EXIT 146",Wanamingo,MN,428,3.745
1462,DUMMY TRUCK STOP #462,"I-10, EXIT 15",West Unity,OH,704,3.655
1463,DUMMY TRUCK STOP #463,"I-70, EXIT 299",Woodbury,NY,127,4.479
1464,DUMMY TRUCK STOP #464,"I-65, EXIT 195",Mastic Beach,NY,199,4.246
1465,DUMMY TRUCK STOP #465,"I-80, EXIT 180",Princeton,NJ,157,3.347
1466,DUMMY TRUCK STOP #466,"I-44, EXIT 127",Greenville,KY,340,3.694
1467,DUMMY TRUCK STOP #467,"I-15, EXIT 157",Camp Douglas,WI,217,3.306
1468,DUMMY TRUCK STOP #468,"I-65, EXIT 87",Chatsworth,IA,120,3.157
1469,DUMMY TRUCK STOP #469,"I-80, EXIT 291",Limestone,IL,627,3.752
1470,DUMMY TRUCK STOP #470,"I-80, EXIT 137",Hinton,OK,120,3.138
1471,DUMMY TRUCK STOP #471,"I-65, EXIT 194",Fox Chapel,PA,684,3.970
1472,DUMMY TRUCK STOP #472,"I-75, EXIT 166",Earlington,KY,686,3.224
1473,DUMMY TRUCK STOP #473,"I-40, EXIT 173",Judson,IN,608,3.920
1474,DUMMY TRUCK STOP #474,"I-90, EXIT 342",Fenton,IA,447,3.470
1475,DUMMY TRUCK STOP #475,"I-80, EXIT 104",Braham,MN,608,3.576
1476,DUMMY TRUCK STOP #476,"I-15, EXIT 275",Eastpoint,FL,319,3.632
1477,DUMMY TRUCK STOP #477,"I-95, EXIT 206",Trempealeau,WI,331,3.437
1478,DUMMY TRUCK STOP #478,"I-15, EXIT 297",North Lewisburg,OH,197,3.755
1479,DUMMY TRUCK STOP #479,"I-95, EXIT 272",Manhattan,KS,586,3.129
1480,DUMMY TRUCK STOP #480,"I-80, EXIT 108",Parkway,MO,455,3.122
1481,DUMMY TRUCK STOP #481,"I-64, EXIT 259",Gratz,KY,407,3.524
1482,DUMMY TRUCK STOP #482,"I-80, EXIT 340",Shepherdstown,WV,652,3.349
1483,DUMMY TRUCK STOP #483,"I-55, EXIT 320",Towamensing Trails,PA,627,3.978
1484,DUMMY TRUCK STOP #484,"I-81, EXIT 344",Coleman,WI,881,3.622
1485,DUMMY TRUCK STOP #485,"I-90, EXIT 96",Joshua Tree,CA,690,4.395
1486,DUMMY TRUCK STOP #486,"I-85, EXIT 110",Leroy,AL,776,3.191
1487,DUMMY TRUCK STOP #487,"I-81, EXIT 138",Pleasant Valley,MO,753,3.488
1488,DUMMY TRUCK STOP #488,"I-94, EXIT 315",Apple Valley,OH,887,3.630
1489,DUMMY TRUCK STOP #489,"I-10, EXIT 268",Laurel Hollow,NY,305,4.500
1490,DUMMY TRUCK STOP #490,"I-70, EXIT 237",Winters,CA,251,4.518
1491,DUMMY TRUCK STOP #491,"I-64, EXIT 223",Kings Beach,CA,520,4.768
1492,DUMMY TRUCK STOP #492,"I-65, EXIT 33",Moquino,NM,749,3.748
1493,DUMMY TRUCK STOP #493,"I-64, EXIT 331",Pearl City,IL,264,3.853
1494,DUMMY TRUCK STOP #494,"I-55, EXIT 308",Lisbon,NH,341,3.778
1495,DUMMY TRUCK STOP #495,"I-40, EXIT 15",Reeseville,WI,351,3.377
1496,DUMMY TRUCK STOP #496,"I-64, EXIT 238",Fountainebleau,FL,597,3.549
1497,DUMMY TRUCK STOP #497,"I-10, EXIT 104",Black Creek,WI,263,3.271
1498,DUMMY TRUCK STOP #498,"I-55, EXIT 70",Cavetown,MD,129,3.529
1499,DUMMY TRUCK STOP #499,"I-94, EXIT 91",Charlottesville,VA,759,3.533
1500,DUMMY TRUCK STOP #500,"I-10, EXIT 249",Goshen,CA,120,5.074
1501,DUMMY TRUCK STOP #501,"I-65, EXIT 309",Boswell's Corner,VA,405,3.910
1502,DUMMY TRUCK STOP #502,"I-15, EXIT 209",Nashville,IN,472,3.881
1503,DUMMY TRUCK STOP #503,"I-75, EXIT 72",Wellesley,MA,341,3.423
1504,DUMMY TRUCK STOP #504,"I-20, EXIT 293",Wadena,IA,852,3.020
1505,DUMMY TRUCK STOP #505,"I-95, EXIT 269",Cohutta,GA,357,3.259
1506,DUMMY TRUCK STOP #506,"I-85, EXIT 47",Bunceton,MO,343,3.200
1507,DUMMY TRUCK STOP #507,"I-65, EXIT 169",Loma Grande,TX,698,2.899
1508,DUMMY TRUCK STOP #508,"I-75, EXIT 121",Timberlake,NM,533,3.268
1509,DUMMY TRUCK STOP #509,"I-40, EXIT 141",Bridgewater,PA,550,4.067
1510,DUMMY TRUCK STOP #510,"I-80, EXIT 131",Ogallah,KS,703,3.334
1511,DUMMY TRUCK STOP #511,"I-20, EXIT 163",Fargo,ND,658,3.709
1512,DUMMY TRUCK STOP #512,"I-80, EXIT 244",Pine Bluffs,WY,799,3.527
1513,DUMMY TRUCK STOP #513,"I-25, EXIT 186",Swanton,OH,586,3.703
1514,DUMMY TRUCK STOP #514,"I-70, EXIT 158",Alamogordo,NM,121,3.595
1515,DUMMY TRUCK STOP #515,"I-10, EXIT 340",Henagar,AL,155,3.061
1516,DUMMY TRUCK STOP #516,"I-44, EXIT 130",Francis,OK,665,2.841
1517,DUMMY TRUCK STOP #517,"I-70, EXIT 63",Denton,TX,647,2.958
1518,DUMMY TRUCK STOP #518,"I-44, EXIT 227",Eatons Neck,NY,497,4.320
1519,DUMMY TRUCK STOP #519,"I-55, EXIT 155",Louisburg,KS,192,3.707
1520,DUMMY TRUCK STOP #520,"I-44, EXIT 153",Antigo,WI,315,3.473
1521,DUMMY TRUCK STOP #521,"I-81, EXIT 324",Chance,OK,424,3.218
1522,DUMMY TRUCK STOP #522,"I-80, EXIT 18",Colona,CO,380,3.468
1523,DUMMY TRUCK STOP #523,"I-85, EXIT 242",Fox Point,WI,854,3.674
1524,DUMMY TRUCK STOP #524,"I-80, EXIT 171",Barboursville,VA,834,3.301
1525,DUMMY TRUCK STOP #525,"I-20, EXIT 83",Haverhill,FL,815,3.144
1526,DUMMY TRUCK STOP #526,"I-55, EXIT 260",East Peru,IA,167,3.539
1527,DUMMY TRUCK STOP #527,"I-94, EXIT 168",Woody Creek,CO,564,3.404
1528,DUMMY TRUCK STOP #528,"I-5, EXIT 27",Meadowbrook,VA,756,3.746
1529,DUMMY TRUCK STOP #529,"I-25, EXIT 2",Hasty,CO,510,3.390
1530,DUMMY TRUCK STOP #530,"I-40, EXIT 322",Rennerdale,PA,412,3.853
1531,DUMMY TRUCK STOP #531,"I-35, EXIT 128",Auburn,WY,628,3.421
1532,DUMMY TRUCK STOP #532,"I-25, EXIT 305",Blairsville,GA,802,3.419
1533,DUMMY TRUCK STOP #533,"I-81, EXIT 245",Loveland,IA,852,2.990
1534,DUMMY TRUCK STOP #534,"I-25, EXIT 134",Shelby,IA,277,3.578
1535,DUMMY TRUCK STOP #535,"I-64, EXIT 102",Stonewall,NC,186,3.321
1536,DUMMY TRUCK STOP #536,"I-80, EXIT 189",Northbrook,IL,286,3.489
1537,DUMMY TRUCK STOP #537,"I-95, EXIT 115",Gibraltar,PA,121,3.913
1538,DUMMY TRUCK STOP #538,"I-5, EXIT 286",Dunstan,ME,762,3.709
1539,DUMMY TRUCK STOP #539,"I-15, EXIT 237",LaSalle,IL,303,3.701
1540,DUMMY TRUCK STOP #540,"I-55, EXIT 87",Dallas,OR,150,4.116
1541,DUMMY TRUCK STOP #541,"I-55, EXIT 77",Harrison,OH,191,3.545
1542,DUMMY TRUCK STOP #542,"I-70, EXIT 88",Somerset,TX,680,3.261
1543,DUMMY TRUCK STOP #543,"I-80, EXIT 233",Dumont,IA,789,3.562
1544,DUMMY TRUCK STOP #544,"I-85, EXIT 61",Hampton Beach,NH,329,3.793
1545,DUMMY TRUCK STOP #545,"I-55, EXIT 148",Garland,NE,864,3.323
1546,DUMMY TRUCK STOP #546,"I-85, EXIT 196",South Bend,IN,233,3.636
1547,DUMMY TRUCK STOP #547,"I-40, EXIT 145",Hansville,WA,844,4.339
1548,DUMMY TRUCK STOP #548,"I-40, EXIT 215",Mabton,WA,284,4.501
1549,DUMMY TRUCK STOP #549,"I-64, EXIT 135",Ranchette Estates,TX,341,3.065
1550,DUMMY TRUCK STOP #550,"I-81, EXIT 128",Wickes,AR,478,3.305
1551,DUMMY TRUCK STOP #551,"I-15, EXIT 6",Shingle Springs,CA,580,4.525
1552,DUMMY TRUCK STOP #552,"I-25, EXIT 166",Harrod,OH,809,3.571
1553,DUMMY TRUCK STOP #553,"I-75, EXIT 217",Slinger,WI,853,3.351
1554,DUMMY TRUCK STOP #554,"I-55, EXIT 38",Kingsville,TX,197,3.225
1555,DUMMY TRUCK STOP #555,"I-44, EXIT 242",Oakland,IA,462,3.295
1556,DUMMY TRUCK STOP #556,"I-10, EXIT 3",Mineral Springs,AR,359,3.229
1557,DUMMY TRUCK STOP #557,"I-75, EXIT 344",Cordova,AL,479,3.124
1558,DUMMY TRUCK STOP #558,"I-25, EXIT 287",Jonesville,LA,142,3.245
1559,DUMMY TRUCK STOP #559,"I-90, EXIT 253",St. Andrews,SC,447,3.178
1560,DUMMY TRUCK STOP #560,"I-81, EXIT 68",East Milton,FL,191,3.432
1561,DUMMY TRUCK STOP #561,"I-25, EXIT 134",Kirtland Hills,OH,219,3.609
1562,DUMMY TRUCK STOP #562,"I-65, EXIT 23",Coon Rapids,IA,230,3.552
1563,DUMMY TRUCK STOP #563,"I-55, EXIT 185",Glenn,GA,540,2.865
1564,DUMMY TRUCK STOP #564,"I-64, EXIT 135",Prompton,PA,727,4.052
1565,DUMMY TRUCK STOP #565,"I-90, EXIT 161",Dellwood,MO,546,3.397
1566,DUMMY TRUCK STOP #566,"I-35, EXIT 162",Cooperstown,NY,854,3.789
1567,DUMMY TRUCK STOP #567,"I-25, EXIT 285",Centerport,PA,773,4.356
1568,DUMMY TRUCK STOP #568,"I-81, EXIT 28",Maben,MS,293,3.190
1569,DUMMY TRUCK STOP #569,"I-10, EXIT 241",Huntington,NY,366,4.227
1570,DUMMY TRUCK STOP #570,"I-35, EXIT 240",Littleville,AL,546,3.405
1571,DUMMY TRUCK STOP #571,"I-85, EXIT 21",Westby,WI,552,3.735
1572,DUMMY TRUCK STOP #572,"I-70, EXIT 288",Larkspur,CA,596,5.005
1573,DUMMY TRUCK STOP #573,"I-25, EXIT 64",Dumfries,VA,457,3.465
1574,DUMMY TRUCK STOP #574,"I-15, EXIT 105",Lakeside,OR,390,4.223
1575,DUMMY TRUCK STOP #575,"I-90, EXIT 140",Fairchild AFB,WA,676,4.496
1576,DUMMY TRUCK STOP #576,"I-95, EXIT 109",Springhill,FL,697,3.599
1577,DUMMY TRUCK STOP #577,"I-95, EXIT 93",Amsterdam,NY,526,4.166
1578,DUMMY TRUCK STOP #578,"I-15, EXIT 127",Clinton,AR,886,3.250
1579,DUMMY TRUCK STOP #579,"I-65, EXIT 14",Los Fresnos,TX,391,3.070
1580,DUMMY TRUCK STOP #580,"I-20, EXIT 202",Upton,MA,482,3.601
1581,DUMMY TRUCK STOP #581,"I-65, EXIT 79",West Hempstead,NY,129,3.777
1582,DUMMY TRUCK STOP #582,"I-15, EXIT 236",Cutchogue,NY,824,3.912
1583,DUMMY TRUCK STOP #583,"I-55, EXIT 305",Siesta Key,FL,773,3.393
1584,DUMMY TRUCK STOP #584,"I-5, EXIT 169",Pearl,MS,144,3.033
1585,DUMMY TRUCK STOP #585,"I-65, EXIT 292",Buckingham,FL,232,3.254
1586,DUMMY TRUCK STOP #586,"I-40, EXIT 25",Keo,AR,759,2.883
1587,DUMMY TRUCK STOP #587,"I-15, EXIT 281",Walnut,KS,716,3.184
1588,DUMMY TRUCK STOP #588,"I-75, EXIT 48",Fiskdale,MA,508,3.915
1589,DUMMY TRUCK STOP #589,"I-75, EXIT 46",Asotin,WA,121,4.446
1590,DUMMY TRUCK STOP #590,"I-40, EXIT 84",Big Falls,WI,497,3.583
1591,DUMMY TRUCK STOP #591,"I-25, EXIT 62",Huntsville,TN,405,3.327
1592,DUMMY TRUCK STOP #592,"I-85, EXIT 222",Winnsboro,TX,853,3.005
1593,DUMMY TRUCK STOP #593,"I-25, EXIT 184",Halley,AR,781,3.304
1594,DUMMY TRUCK STOP #594,"I-20, EXIT 189",Artondale,WA,624,4.305
1595,DUMMY TRUCK STOP #595,"I-75, EXIT 244",Ocean,MD,374,3.661
1596,DUMMY TRUCK STOP #596,"I-95, EXIT 308",Newman,IL,533,3.986
1597,DUMMY TRUCK STOP #597,"I-70, EXIT 315",Tonkawa Tribal Housing,OK,290,3.309
1598,DUMMY TRUCK STOP #598,"I-80, EXIT 323",St. Meinrad,IN,536,3.851
1599,DUMMY TRUCK STOP #599,"I-81, EXIT 347",Fairfax,OK,329,3.330
1600,DUMMY TRUCK STOP #600,"I-25, EXIT 254",Carbonate,CO,639,3.669
1601,DUMMY TRUCK STOP #601,"I-64, EXIT 240",Greensboro,MD,547,3.449
1602,DUMMY TRUCK STOP #602,"I-15, EXIT 245",Hayti,SD,407,3.240
1603,DUMMY TRUCK STOP #603,"I-64, EXIT 128",Hewlett Bay Park,NY,635,4.206
1604,DUMMY TRUCK STOP #604,"I-80, EXIT 152",Farmville,VA,682,3.626
1605,DUMMY TRUCK STOP #605,"I-10, EXIT 263",North Bennington,VT,210,3.669
1606,DUMMY TRUCK STOP #606,"I-90, EXIT 218",Kilkenny,MN,522,3.521
1607,DUMMY TRUCK STOP #607,"I-95, EXIT 130",Alexandria,OH,463,3.919
1608,DUMMY TRUCK STOP #608,"I-55, EXIT 300",State College,PA,183,4.198
1609,DUMMY TRUCK STOP #609,"I-81, EXIT 92",Ashburn,GA,286,3.354
1610,DUMMY TRUCK STOP #610,"I-75, EXIT 24",Middlebourne,WV,185,3.568
1611,DUMMY TRUCK STOP #611,"I-65, EXIT 301",Tunnelton,WV,841,3.357
1612,DUMMY TRUCK STOP #612,"I-81, EXIT 344",Harrison Lake,IN,560,3.891
1613,DUMMY TRUCK STOP #613,"I-35, EXIT 109",Garden City,UT,289,3.499
1614,DUMMY TRUCK STOP #614,"I-15, EXIT 310",Hawkinsville,GA,365,3.251
1615,DUMMY TRUCK STOP #615,"I-94, EXIT 10",Orlinda,TN,105,3.359
1616,DUMMY TRUCK STOP #616,"I-75, EXIT 60",Bruceville-Eddy,TX,113,3.088
1617,DUMMY TRUCK STOP #617,"I-75, EXIT 337",Harrison,ID,862,3.797
1618,DUMMY TRUCK STOP #618,"I-85, EXIT 156",Cleveland,VA,733,3.731
1619,DUMMY TRUCK STOP #619,"I-75, EXIT 155",Orr,MN,189,3.596
1620,DUMMY TRUCK STOP #620,"I-25, EXIT 70",McConnico,AZ,114,3.620
1621,DUMMY TRUCK STOP #621,"I-40, EXIT 14",Parma,ID,314,3.820
1622,DUMMY TRUCK STOP #622,"I-85, EXIT 333",Northwest Harborcreek,PA,248,4.359
1623,DUMMY TRUCK STOP #623,"I-94, EXIT 98",Justice Addition,WV,188,3.487
1624,DUMMY TRUCK STOP #624,"I-64, EXIT 238",Gramercy,LA,251,3.094
1625,DUMMY TRUCK STOP #625,"I-35, EXIT 79",Mansfield,SD,856,3.363
1626,DUMMY TRUCK STOP #626,"I-81, EXIT 249",Whitesville,WV,582,3.606
1627,DUMMY TRUCK STOP #627,"I-44, EXIT 104",Northome,MN,401,3.695
1628,DUMMY TRUCK STOP #628,"I-95, EXIT 201",Soddy-Daisy,TN,152,3.324
1629,DUMMY TRUCK STOP #629,"I-80, EXIT 213",Hoffman,OK,607,3.108
1630,DUMMY TRUCK STOP #630,"I-95, EXIT 306",Erda,UT,848,3.672
1631,DUMMY TRUCK STOP #631,"I-85, EXIT 205",New Jerusalem,PA,597,3.909
1632,DUMMY TRUCK STOP #632,"I-90, EXIT 303",Brownwood,TX,842,3.100
1633,DUMMY TRUCK STOP #633,"I-85, EXIT 119",Ramsey,IN,831,3.543
1634,DUMMY TRUCK STOP #634,"I-10, EXIT 271",Glidden,IA,119,3.175
1635,DUMMY TRUCK STOP #635,"I-15, EXIT 138",Dillard,GA,763,3.212
1636,DUMMY TRUCK STOP #636,"I-80, EXIT 243",Trent,SD,219,3.474
1637,DUMMY TRUCK STOP #637,"I-70, EXIT 230",Ben Avon,PA,814,3.625
1638,DUMMY TRUCK STOP #638,"I-80, EXIT 11",Keystone,CO,265,3.564
1639,DUMMY TRUCK STOP #639,"I-70, EXIT 225",Linden,MI,337,3.672
1640,DUMMY TRUCK STOP #640,"I-90, EXIT 113",Bolton Valley,VT,701,3.714
1641,DUMMY TRUCK STOP #641,"I-81, EXIT 68",Friendship,AR,400,3.388
1642,DUMMY TRUCK STOP #642,"I-75, EXIT 214",Warren,TX,789,3.061
1643,DUMMY TRUCK STOP #643,"I-85, EXIT 83",East Malta Colony,MT,736,3.502
1644,DUMMY TRUCK STOP #644,"I-40, EXIT 145",Valley City,IL,807,3.661
1645,DUMMY TRUCK STOP #645,"I-25, EXIT 89",Hillview,IL,304,3.799
1646,DUMMY TRUCK STOP #646,"I-35, EXIT 311",Dayton,TX,603,2.883
1647,DUMMY TRUCK STOP #647,"I-85, EXIT 156",Beards Fork,WV,340,3.750
1648,DUMMY TRUCK STOP #648,"I-40, EXIT 286",Rothville,MO,148,3.311
1649,DUMMY TRUCK STOP #649,"I-55, EXIT 183",Chevy Chase View,MD,793,3.770
1650,DUMMY TRUCK STOP #650,"I-35, EXIT 90",Roseland,KS,615,3.249
1651,DUMMY TRUCK STOP #651,"I-80, EXIT 59",Falman,TX,732,3.214
1652,DUMMY TRUCK STOP #652,"I-44, EXIT 62",Halls,TN,675,3.313
1653,DUMMY TRUCK STOP #653,"I-65, EXIT 182",West Mountain,UT,887,3.623
1654,DUMMY TRUCK STOP #654,"I-10, EXIT 286",Beaver Dam,IN,373,3.887
1655,DUMMY TRUCK STOP #655,"I-90, EXIT 310",Villa Grove,IL,785,4.080
1656,DUMMY TRUCK STOP #656,"I-20, EXIT 26",Jakes Corner,AZ,548,3.636
1657,DUMMY TRUCK STOP #657,"I-20, EXIT 55",Avant,OK,900,3.290
1658,DUMMY TRUCK STOP #658,"I-20, EXIT 288",East St. Louis,IL,142,3.360
1659,DUMMY TRUCK STOP #659,"I-20, EXIT 106",Courtland,MN,470,3.391
1660,DUMMY TRUCK STOP #660,"I-35, EXIT 150",Boutte,LA,825,3.245
1661,DUMMY TRUCK STOP #661,"I-20, EXIT 79",Polk City,IA,762,3.151
1662,DUMMY TRUCK STOP #662,"I-70, EXIT 172",Fillmore,UT,241,3.677
1663,DUMMY TRUCK STOP #663,"I-80, EXIT 4",Grenada,CA,351,4.837
1664,DUMMY TRUCK STOP #664,"I-85, EXIT 175",Varnville,SC,393,3.384
1665,DUMMY TRUCK STOP #665,"I-70, EXIT 213",Radcliffe,IA,469,3.274
1666,DUMMY TRUCK STOP #666,"I-44, EXIT 78",Eagle Harbor,MD,871,3.598
1667,DUMMY TRUCK STOP #667,"I-44, EXIT 71",Middleport,OH,539,3.704
1668,DUMMY TRUCK STOP #668,"I-80, EXIT 210",Bridgeport,NJ,569,3.662
1669,DUMMY TRUCK STOP #669,"I-70, EXIT 16",Dovray,MN,553,3.707
1670,DUMMY TRUCK STOP #670,"I-25, EXIT 6",Sentinel,OK,834,3.085
1671,DUMMY TRUCK STOP #671,"I-15, EXIT 174",Pilot Point,TX,422,3.299
1672,DUMMY TRUCK STOP #672,"I-75, EXIT 85",Llano del Medio,NM,544,3.045
1673,DUMMY TRUCK STOP #673,"I-25, EXIT 295",Evergreen,LA,159,3.531
1674,DUMMY TRUCK STOP #674,"I-90, EXIT 152",Fulton,WI,529,3.564
1675,DUMMY TRUCK STOP #675,"I-94, EXIT 156",Roosevelt,AZ,838,3.628
1676,DUMMY TRUCK STOP #676,"I-65, EXIT 177",Wolcott,CO,108,3.707
1677,DUMMY TRUCK STOP #677,"I-25, EXIT 207",Wilmington,VT,556,3.780
1678,DUMMY TRUCK STOP #678,"I-40, EXIT 279",Cleghorn,IA,739,3.008
1679,DUMMY TRUCK STOP #679,"I-70, EXIT 333",Montpelier,ID,514,3.762
1680,DUMMY TRUCK STOP #680,"I-40, EXIT 155",Verplanck,NY,186,3.896
1681,DUMMY TRUCK STOP #681,"I-25, EXIT 267",Farmersburg,IA,653,3.508
1682,DUMMY TRUCK STOP #682,"I-64, EXIT 110",Fisher,AR,195,3.287
1683,DUMMY TRUCK STOP #683,"I-65, EXIT 326",La Junta,CO,263,3.395
1684,DUMMY TRUCK STOP #684,"I-5, EXIT 15",Lilesville,NC,652,3.439
1685,DUMMY TRUCK STOP #685,"I-64, EXIT 217",Amsterdam,MO,617,3.088
1686,DUMMY TRUCK STOP #686,"I-20, EXIT 31",Standish,ME,481,3.527
1687,DUMMY TRUCK STOP #687,"I-20, EXIT 25",McKee,PA,874,4.037
1688,DUMMY TRUCK STOP #688,"I-20, EXIT 230",Sinai,SD,405,3.614
1689,DUMMY TRUCK STOP #689,"I-65, EXIT 121",Cunningham,KY,863,3.433
1690,DUMMY TRUCK STOP #690,"I-95, EXIT 290",Bethany,MO,831,3.192
1691,DUMMY TRUCK STOP #691,"I-94, EXIT 305",Wake Forest,NC,339,3.649
1692,DUMMY TRUCK STOP #692,"I-70, EXIT 154",Dayton,NJ,391,3.694
1693,DUMMY TRUCK STOP #693,"I-95, EXIT 345",Bantam,CT,243,3.935
1694,DUMMY TRUCK STOP #694,"I-75, EXIT 267",Newberry,MI,855,3.413
1695,DUMMY TRUCK STOP #695,"I-95, EXIT 99",Bell Hill,WA,897,4.452
1696,DUMMY TRUCK STOP #696,"I-70, EXIT 233",Sherrill,NY,200,4.310
1697,DUMMY TRUCK STOP #697,"I-80, EXIT 42",Concord,IL,194,3.915
1698,DUMMY TRUCK STOP #698,"I-10, EXIT 218",West Terre Haute,IN,233,3.901
1699,DUMMY TRUCK STOP #699,"I-70, EXIT 347",Morrison Bluff,AR,638,3.056
1700,DUMMY TRUCK STOP #700,"I-75, EXIT 302",Courtdale,PA,672,4.079
1701,DUMMY TRUCK STOP #701,"I-55, EXIT 300",Bel-Nor,MO,610,3.021
1702,DUMMY TRUCK STOP #702,"I-80, EXIT 226",Boligee,AL,805,3.279
1703,DUMMY TRUCK STOP #703,"I-80, EXIT 84",Netcong,NJ,247,4.039
1704,DUMMY TRUCK STOP #704,"I-90, EXIT 66",Masontown,WV,596,3.512
1705,DUMMY TRUCK STOP #705,"I-90, EXIT 271",Argyle,TX,220,3.127
1706,DUMMY TRUCK STOP #706,"I-40, EXIT 234",North San Ysidro,NM,584,3.358
1707,DUMMY TRUCK STOP #707,"I-94, EXIT 190",Cheshire,OR,221,4.303
1708,DUMMY TRUCK STOP #708,"I-80, EXIT 57",Hallstead,PA,223,4.071
1709,DUMMY TRUCK STOP #709,"I-90, EXIT 79",Gresham,WI,220,3.348
1710,DUMMY TRUCK STOP #710,"I-70, EXIT 157",Reading,PA,483,4.159
1711,DUMMY TRUCK STOP #711,"I-25, EXIT 73",Oakmont,PA,703,3.982
1712,DUMMY TRUCK STOP #712,"I-80, EXIT 25",Iron Post,OK,412,3.346
1713,DUMMY TRUCK STOP #713,"I-85, EXIT 2",Golconda,IL,225,3.896
1714,DUMMY TRUCK STOP #714,"I-94, EXIT 179",Duxbury,MA,169,3.519
1715,DUMMY TRUCK STOP #715,"I-95, EXIT 159",Schlater,MS,679,3.328
1716,DUMMY TRUCK STOP #716,"I-81, EXIT 173",Hardwick,CA,900,4.614
1717,DUMMY TRUCK STOP #717,"I-25, EXIT 71",Cole,OK,616,2.905
1718,DUMMY TRUCK STOP #718,"I-81, EXIT 231",Cottageville,WV,783,3.838
1719,DUMMY TRUCK STOP #719,"I-65, EXIT 46",Des Allemands,LA,739,2.907
1720,DUMMY TRUCK STOP #720,"I-80, EXIT 199",Berlin Heights,OH,338,3.814
1721,DUMMY TRUCK STOP #721,"I-10, EXIT 344",Dixon,KY,553,3.583
1722,DUMMY TRUCK STOP #722,"I-55, EXIT 331",Mukwonago,WI,190,3.354
1723,DUMMY TRUCK STOP #723,"I-95, EXIT 323",Robinson,TX,890,3.338
1724,DUMMY TRUCK STOP #724,"I-64, EXIT 288",Alafaya,FL,760,3.289
1725,DUMMY TRUCK STOP #725,"I-40, EXIT 317",Harmonsburg,PA,654,4.214
1726,DUMMY TRUCK STOP #726,"I-95, EXIT 28",Boyds,WA,683,4.612
1727,DUMMY TRUCK STOP #727,"I-90, EXIT 10",Mayetta,KS,223,2.953
1728,DUMMY TRUCK STOP #728,"I-94, EXIT 93",Warner,NH,119,3.559
1729,DUMMY TRUCK STOP #729,"I-95, EXIT 228",Wilroads Gardens,KS,186,3.231
1730,DUMMY TRUCK STOP #730,"I-94, EXIT 311",Eufaula,OK,428,3.271
1731,DUMMY TRUCK STOP #731,"I-5, EXIT 175",Lynd,MN,547,3.455
1732,DUMMY TRUCK STOP #732,"I-35, EXIT 213",Wildwood,KY,124,3.482
1733,DUMMY TRUCK STOP #733,"I-55, EXIT 47",Gary,MN,217,3.600
1734,DUMMY TRUCK STOP #734,"I-20, EXIT 278",West Haven-Sylvan,OR,272,4.079
1735,DUMMY TRUCK STOP #735,"I-15, EXIT 79",Harris,KS,414,3.225
1736,DUMMY TRUCK STOP #736,"I-80, EXIT 348",East Rochester,NY,273,4.262
1737,DUMMY TRUCK STOP #737,"I-35, EXIT 14",Brooker,FL,830,3.928
1738,DUMMY TRUCK STOP #738,"I-10, EXIT 153",Detroit,IL,499,3.966
1739,DUMMY TRUCK STOP #739,"I-65, EXIT 133",Winthrop,MN,484,3.581
1740,DUMMY TRUCK STOP #740,"I-20, EXIT 27",Cumberland,OK,307,3.208
1741,DUMMY TRUCK STOP #741,"I-44, EXIT 253",Hamtramck,MI,620,3.716
1742,DUMMY TRUCK STOP #742,"I-90, EXIT 198",Pittsburg,OK,217,3.392
1743,DUMMY TRUCK STOP #743,"I-94, EXIT 209",Snydertown,PA,167,4.031
1744,DUMMY TRUCK STOP #744,"I-85, EXIT 15",Deming,WA,517,4.606
1745,DUMMY TRUCK STOP #745,"I-5, EXIT 138",Woodland,GA,667,3.084
1746,DUMMY TRUCK STOP #746,"I-95, EXIT 346",Martin,ND,203,3.204
1747,DUMMY TRUCK STOP #747,"I-25, EXIT 156",North Lindenhurst,NY,681,4.155
1748,DUMMY TRUCK STOP #748,"I-80, EXIT 229",Mont Ida,KS,185,3.479
1749,DUMMY TRUCK STOP #749,"I-25, EXIT 192",Kellogg,MN,653,3.621
1750,DUMMY TRUCK STOP #750,"I-35, EXIT 126",Bolton Landing,NY,650,3.976
1751,DUMMY TRUCK STOP #751,"I-94, EXIT 232",Lolita,TX,142,3.589
1752,DUMMY TRUCK STOP #752,"I-5, EXIT 238",Anderson,AL,735,3.165
1753,DUMMY TRUCK STOP #753,"I-5, EXIT 31",Pittsburg,KS,593,3.132
1754,DUMMY TRUCK STOP #754,"I-55, EXIT 307",Woodward,IA,356,3.817
1755,DUMMY TRUCK STOP #755,"I-70, EXIT 324",Newton,IL,317,3.894
1756,DUMMY TRUCK STOP #756,"I-95, EXIT 262",Pelahatchie,MS,388,3.051
1757,DUMMY TRUCK STOP #757,"I-95, EXIT 36",Rosebud,SD,407,3.683
1758,DUMMY TRUCK STOP #758,"I-15, EXIT 203",Uniondale,NY,815,4.233
1759,DUMMY TRUCK STOP #759,"I-94, EXIT 144",Waxhaw,NC,542,3.521
1760,DUMMY TRUCK STOP #760,"I-40, EXIT 313",Trenton,OH,616,3.769
1761,DUMMY TRUCK STOP #761,"I-65, EXIT 326",Powderly,KY,367,3.602
1762,DUMMY TRUCK STOP #762,"I-81, EXIT 140",Wardell,MO,351,3.158
1763,DUMMY TRUCK STOP #763,"I-40, EXIT 236",Defiance,MO,713,3.117
1764,DUMMY TRUCK STOP #764,"I-65, EXIT 9",Dexter,MO,808,3.065
1765,DUMMY TRUCK STOP #765,"I-85, EXIT 3",Norge,OK,109,3.421
1766,DUMMY TRUCK STOP #766,"I-35, EXIT 212",Piper City,IL,669,4.103
1767,DUMMY TRUCK STOP #767,"I-75, EXIT 276",Cranbury,NJ,183,4.072
1768,DUMMY TRUCK STOP #768,"I-15, EXIT 276",Helena West Side,MT,131,3.428
1769,DUMMY TRUCK STOP #769,"I-81, EXIT 345",Ethridge,TN,226,3.559
1770,DUMMY TRUCK STOP #770,"I-70, EXIT 193",Chehalis,WA,715,4.243
1771,DUMMY TRUCK STOP #771,"I-5, EXIT 64",Hunter,TN,573,3.229
1772,DUMMY TRUCK STOP #772,"I-70, EXIT 99",Nixon,PA,555,4.138
1773,DUMMY TRUCK STOP #773,"I-55, EXIT 349",Rossville,GA,826,3.646
1774,DUMMY TRUCK STOP #774,"I-70, EXIT 99",Zaleski,OH,192,3.717
1775,DUMMY TRUCK STOP #775,"I-44, EXIT 120",Pasadena,CA,605,4.852
1776,DUMMY TRUCK STOP #776,"I-70, EXIT 19",Thornton,IA,387,3.119
1777,DUMMY TRUCK STOP #777,"I-40, EXIT 4",Hillsborough,NJ,300,3.569
1778,DUMMY TRUCK STOP #778,"I-75, EXIT 57",Clarita,OK,384,3.163
1779,DUMMY TRUCK STOP #779,"I-94, EXIT 100",Gomer,OH,775,3.509
1780,DUMMY TRUCK STOP #780,"I-95, EXIT 345",Towner,ND,798,3.412
1781,DUMMY TRUCK STOP #781,"I-95, EXIT 66",Mansura,LA,863,3.161
1782,DUMMY TRUCK STOP #782,"I-15, EXIT 66",South Monrovia Island,CA,365,4.683
1783,DUMMY TRUCK STOP #783,"I-90, EXIT 141",Edcouch,TX,296,3.474
1784,DUMMY TRUCK STOP #784,"I-5, EXIT 348",Telford,PA,645,3.906
1785,DUMMY TRUCK STOP #785,"I-81, EXIT 2",Francisco,IN,537,3.545
1786,DUMMY TRUCK STOP #786,"I-10, EXIT 166",Lone Chimney,OK,542,2.971
1787,DUMMY TRUCK STOP #787,"I-20, EXIT 349",Barbourville,KY,630,3.553
1788,DUMMY TRUCK STOP #788,"I-81, EXIT 254",Wheeler,IL,470,3.647
1789,DUMMY TRUCK STOP #789,"I-44, EXIT 25",Arp,TX,384,3.097
1790,DUMMY TRUCK STOP #790,"I-80, EXIT 273",Herrick,IL,559,3.794
1791,DUMMY TRUCK STOP #791,"I-65, EXIT 42",Samoset,FL,685,3.427
1792,DUMMY TRUCK STOP #792,"I-5, EXIT 116",Lake of the Woods,AZ,806,4.014
1793,DUMMY TRUCK STOP #793,"I-44, EXIT 101",Pencil Bluff,AR,268,3.187
1794,DUMMY TRUCK STOP #794,"I-65, EXIT 160",New Middletown,IN,164,3.783
1795,DUMMY TRUCK STOP #795,"I-85, EXIT 222",Lodge Pole,MT,124,3.543
1796,DUMMY TRUCK STOP #796,"I-95, EXIT 321",Egeland,ND,442,3.442
1797,DUMMY TRUCK STOP #797,"I-85, EXIT 123",San Benito,TX,448,3.223
1798,DUMMY TRUCK STOP #798,"I-10, EXIT 171",Meggett,SC,632,3.186
1799,DUMMY TRUCK STOP #799,"I-81, EXIT 49",Kelly Ridge,CA,740,4.868
1800,DUMMY TRUCK STOP #800,"I-81, EXIT 297",New London,MO,227,2.785
1801,DUMMY TRUCK STOP #801,"I-10, EXIT 194",Rockford,MN,420,3.555
1802,DUMMY TRUCK STOP #802,"I-15, EXIT 66",Haysi,VA,163,3.583
1803,DUMMY TRUCK STOP #803,"I-64, EXIT 313",Dunlap,OH,741,3.870
1804,DUMMY TRUCK STOP #804,"I-80, EXIT 34",Savannah,NY,204,4.055
1805,DUMMY TRUCK STOP #805,"I-64, EXIT 196",Fairbury,IL,511,3.699
1806,DUMMY TRUCK STOP #806,"I-20, EXIT 317",Goodville,PA,870,3.843
1807,DUMMY TRUCK STOP #807,"I-5, EXIT 233",Trail,OR,493,3.895
1808,DUMMY TRUCK STOP #808,"I-81, EXIT 220",Merrill,MI,735,3.891
1809,DUMMY TRUCK STOP #809,"I-5, EXIT 233",Omaha,NE,629,3.230
1810,DUMMY TRUCK STOP #810,"I-65, EXIT 301",Dover,MN,297,3.388
1811,DUMMY TRUCK STOP #811,"I-15, EXIT 304",Mount Ayr,IN,298,3.772
1812,DUMMY TRUCK STOP #812,"I-95, EXIT 65",Sarasota,FL,752,3.518
1813,DUMMY TRUCK STOP #813,"I-85, EXIT 318",Walnut Creek,OH,555,3.532
1814,DUMMY TRUCK STOP #814,"I-35, EXIT 125",Deer Island,OR,240,4.191
1815,DUMMY TRUCK STOP #815,"I-64, EXIT 300",Five Points,AL,546,3.319
1816,DUMMY TRUCK STOP #816,"I-90, EXIT 334",Pound,VA,872,3.489
1817,DUMMY TRUCK STOP #817,"I-94, EXIT 75",Table Rock,PA,250,3.901
1818,DUMMY TRUCK STOP #818,"I-85, EXIT 159",Wilson,TX,717,3.336
1819,DUMMY TRUCK STOP #819,"I-5, EXIT 266",Perry,SC,700,3.205
1820,DUMMY TRUCK STOP #820,"I-25, EXIT 30",Moose Wilson Road,WY,343,3.594
1821,DUMMY TRUCK STOP #821,"I-10, EXIT 217",Granada,CO,452,3.209
1822,DUMMY TRUCK STOP #822,"I-40, EXIT 103",Edgemont,SD,755,3.385
1823,DUMMY TRUCK STOP #823,"I-65, EXIT 97",Fulton,MS,783,3.465
1824,DUMMY TRUCK STOP #824,"I-85, EXIT 240",Sidney,IL,714,3.628
1825,DUMMY TRUCK STOP #825,"I-95, EXIT 172",Donnelly,ID,730,3.575
1826,DUMMY TRUCK STOP #826,"I-64, EXIT 215",White House,TN,436,2.971
1827,DUMMY TRUCK STOP #827,"I-10, EXIT 254",Sumpter,OR,324,4.304
1828,DUMMY TRUCK STOP #828,"I-5, EXIT 328",Madison,NJ,328,4.019
1829,DUMMY TRUCK STOP #829,"I-40, EXIT 123",Velda City,MO,592,3.130
1830,DUMMY TRUCK STOP #830,"I-65, EXIT 193",Waldron,AR,310,3.061
1831,DUMMY TRUCK STOP #831,"I-5, EXIT 186",Glen Aubrey,NY,110,3.877
1832,DUMMY TRUCK STOP #832,"I-15, EXIT 184",Royal Center,IN,130,3.947
1833,DUMMY TRUCK STOP #833,"I-81, EXIT 100",Woodland,WA,746,4.356
1834,DUMMY TRUCK STOP #834,"I-95, EXIT 185",Rocky Mound,TX,144,3.116
1835,DUMMY TRUCK STOP #835,"I-64, EXIT 90",Topstone,CT,324,4.219
1836,DUMMY TRUCK STOP #836,"I-55, EXIT 90",Olean,MO,447,3.181
1837,DUMMY TRUCK STOP #837,"I-40, EXIT 12",Gotha,FL,280,3.578
1838,DUMMY TRUCK STOP #838,"I-55, EXIT 52",Russellville,TN,121,3.189
1839,DUMMY TRUCK STOP #839,"I-20, EXIT 174",Versailles,MO,315,3.248
1840,DUMMY TRUCK STOP #840,"I-64, EXIT 234",Fort Cobb,OK,345,3.065
1841,DUMMY TRUCK STOP #841,"I-35, EXIT 270",Chaparral,NM,738,3.331
1842,DUMMY TRUCK STOP #842,"I-80, EXIT 34",Hammond,NY,221,4.277
1843,DUMMY TRUCK STOP #843,"I-40, EXIT 99",Kenly,NC,645,3.702
1844,DUMMY TRUCK STOP #844,"I-75, EXIT 192",Horse Cave,KY,425,3.772
1845,DUMMY TRUCK STOP #845,"I-44, EXIT 24",Union Center,WI,881,3.049
1846,DUMMY TRUCK STOP #846,"I-95, EXIT 97",North Springfield,VA,648,3.261
1847,DUMMY TRUCK STOP #847,"I-44, EXIT 28",Dutchtown,MO,744,3.172
1848,DUMMY TRUCK STOP #848,"I-55, EXIT 65",Goodrich,ND,620,3.598
1849,DUMMY TRUCK STOP #849,"I-40, EXIT 42",Coolidge,TX,581,3.518
1850,DUMMY TRUCK STOP #850,"I-15, EXIT 86",Guilford,PA,620,3.976
1851,DUMMY TRUCK STOP #851,"I-90, EXIT 192",Paris,VA,610,3.266
1852,DUMMY TRUCK STOP #852,"I-90, EXIT 238",Charlestown,NH,283,3.841
1853,DUMMY TRUCK STOP #853,"I-85, EXIT 254",Kilmichael,MS,585,3.124
1854,DUMMY TRUCK STOP #854,"I-55, EXIT 298",Lake Bridgeport,TX,510,3.307
1855,DUMMY TRUCK STOP #855,"I-10, EXIT 107",Lake Bosworth,WA,324,4.244
1856,DUMMY TRUCK STOP #856,"I-40, EXIT 232",Bohemia,NY,340,3.907
1857,DUMMY TRUCK STOP #857,"I-75, EXIT 293",Goss,MO,260,3.078
1858,DUMMY TRUCK STOP #858,"I-70, EXIT 131",Warsaw,VA,663,3.644
1859,DUMMY TRUCK STOP #859,"I-64, EXIT 228",Dexter,GA,631,3.609
1860,DUMMY TRUCK STOP #860,"I-70, EXIT 118",Roots,PA,697,4.203
1861,DUMMY TRUCK STOP #861,"I-65, EXIT 219",Zuehl,TX,561,3.359
1862,DUMMY TRUCK STOP #862,"I-81, EXIT 222",Laredo,MT,518,3.655
1863,DUMMY TRUCK STOP #863,"I-55, EXIT 196",Kissee Mills,MO,125,3.058
1864,DUMMY TRUCK STOP #864,"I-35, EXIT 227",Bradford,IA,339,3.506
1865,DUMMY TRUCK STOP #865,"I-15, EXIT 151",Toftrees,PA,613,4.043
1866,DUMMY TRUCK STOP #866,"I-90, EXIT 280",Pine Village,IN,759,3.821
1867,DUMMY TRUCK STOP #867,"I-44, EXIT 51",Newcastle,TX,221,3.278
1868,DUMMY TRUCK STOP #868,"I-15, EXIT 185",Lakeview,OH,139,3.768
1869,DUMMY TRUCK STOP #869,"I-65, EXIT 129",Ossian,IA,409,3.195
1870,DUMMY TRUCK STOP #870,"I-55, EXIT 98",Waterford,WI,822,3.404
1871,DUMMY TRUCK STOP #871,"I-94, EXIT 134",Corsica,SD,108,3.322
1872,DUMMY TRUCK STOP #872,"I-64, EXIT 145",Packanack Lake,NJ,454,3.790
1873,DUMMY TRUCK STOP #873,"I-75, EXIT 297",Brownlee,NE,875,3.388
1874,DUMMY TRUCK STOP #874,"I-5, EXIT 242",Chilo,OH,769,3.521
1875,DUMMY TRUCK STOP #875,"I-25, EXIT 204",Koontz Lake,IN,333,3.446
1876,DUMMY TRUCK STOP #876,"I-44, EXIT 108",Minburn,IA,585,3.326
1877,DUMMY TRUCK STOP #877,"I-94, EXIT 240",Chula,MO,839,3.224
1878,DUMMY TRUCK STOP #878,"I-81, EXIT 175",Lower Lake,CA,187,4.988
1879,DUMMY TRUCK STOP #879,"I-80, EXIT 108",Elmora,PA,549,4.005
1880,DUMMY TRUCK STOP #880,"I-81, EXIT 286",Wellman,IA,130,3.457
1881,DUMMY TRUCK STOP #881,"I-25, EXIT 157",Folsomville,IN,855,3.583
1882,DUMMY TRUCK STOP #882,"I-5, EXIT 256",Libertyville,IA,774,3.517
1883,DUMMY TRUCK STOP #883,"I-80, EXIT 218",Monroe,LA,802,3.333
1884,DUMMY TRUCK STOP #884,"I-75, EXIT 276",Mayking,KY,406,3.308
1885,DUMMY TRUCK STOP #885,"I-10, EXIT 72",Radford,VA,257,3.532
1886,DUMMY TRUCK STOP #886,"I-65, EXIT 291",Raton,NM,744,3.485
1887,DUMMY TRUCK STOP #887,"I-95, EXIT 201",Monterey,CA,490,4.871
1888,DUMMY TRUCK STOP #888,"I-40, EXIT 201",Lauderdale Lakes,FL,165,3.120
1889,DUMMY TRUCK STOP #889,"I-20, EXIT 169",Vamo,FL,683,3.386
1890,DUMMY TRUCK STOP #890,"I-81, EXIT 328",Colburn,IN,411,3.725
1891,DUMMY TRUCK STOP #891,"I-94, EXIT 91",Mancelona,MI,132,3.770
1892,DUMMY TRUCK STOP #892,"I-85, EXIT 14",Prescott,OR,291,4.247
1893,DUMMY TRUCK STOP #893,"I-75, EXIT 146",Williamsburg,FL,310,3.625
1894,DUMMY TRUCK STOP #894,"I-44, EXIT 150",Chestnut Hill,PA,775,4.426
1895,DUMMY TRUCK STOP #895,"I-70, EXIT 266",Pleasant Hill,IL,111,3.604
1896,DUMMY TRUCK STOP #896,"I-35, EXIT 168",East Oakdale,CA,520,4.720
1897,DUMMY TRUCK STOP #897,"I-25, EXIT 275",Roy Lake,MN,528,3.079
1898,DUMMY TRUCK STOP #898,"I-85, EXIT 36",Lester Prairie,MN,498,3.844
1899,DUMMY TRUCK STOP #899,"I-25, EXIT 106",Elton,LA,417,3.596
1900,DUMMY TRUCK STOP #900,"I-80, EXIT 341",Sundance,NM,586,3.350
1901,DUMMY TRUCK STOP #901,"I-64, EXIT 301",West Plains,MO,307,3.328
1902,DUMMY TRUCK STOP #902,"I-90, EXIT 235",St. Rosa,MN,382,3.698
1903,DUMMY TRUCK STOP #903,"I-81, EXIT 33",Davenport,CA,508,4.915
1904,DUMMY TRUCK STOP #904,"I-44, EXIT 270",Mason,IL,436,4.328
1905,DUMMY TRUCK STOP #905,"I-81, EXIT 237",Levelland,TX,689,3.463
1906,DUMMY TRUCK STOP #906,"I-10, EXIT 47",Williams,MN,394,3.302
1907,DUMMY TRUCK STOP #907,"I-70, EXIT 153",Shepherd,MI,500,3.455
1908,DUMMY TRUCK STOP #908,"I-35, EXIT 213",Gleed,WA,355,4.129
1909,DUMMY TRUCK STOP #909,"I-80, EXIT 235",Patrick,SC,493,3.407
1910,DUMMY TRUCK STOP #910,"I-35, EXIT 292",Yonkers,NY,197,4.376
1911,DUMMY TRUCK STOP #911,"I-44, EXIT 81",Sisters,OR,380,3.859
1912,DUMMY TRUCK STOP #912,"I-94, EXIT 150",Cactus Flats,AZ,782,4.119
1913,DUMMY TRUCK STOP #913,"I-40, EXIT 253",Travis Ranch,TX,521,3.391
1914,DUMMY TRUCK STOP #914,"I-94, EXIT 63",Cedar Bluff,VA,477,3.410
1915,DUMMY TRUCK STOP #915,"I-65, EXIT 210",Hampton,SC,561,3.375
1916,DUMMY TRUCK STOP #916,"I-35, EXIT 130",Savona,NY,312,4.189
1917,DUMMY TRUCK STOP #917,"I-15, EXIT 328",Hudson,MI,811,3.500
1918,DUMMY TRUCK STOP #918,"I-81, EXIT 196",Pinesdale,MT,451,3.592
1919,DUMMY TRUCK STOP #919,"I-75, EXIT 20",Frisco City,AL,110,3.291
1920,DUMMY TRUCK STOP #920,"I-55, EXIT 59",Emmitsburg,MD,826,3.246
1921,DUMMY TRUCK STOP #921,"I-81, EXIT 249",Lenexa,KS,572,3.389
1922,DUMMY TRUCK STOP #922,"I-15, EXIT 43",Valley View,PA,661,3.970
1923,DUMMY TRUCK STOP #923,"I-81, EXIT 72",South Rockwood,MI,582,3.543
1924,DUMMY TRUCK STOP #924,"I-55, EXIT 83",Southwest Sandhill,TX,274,2.913
1925,DUMMY TRUCK STOP #925,"I-35, EXIT 151",Occoquan,VA,227,3.680
1926,DUMMY TRUCK STOP #926,"I-94, EXIT 201",McQueeney,TX,272,2.941
1927,DUMMY TRUCK STOP #927,"I-55, EXIT 79",Wahkon,MN,551,3.770
1928,DUMMY TRUCK STOP #928,"I-70, EXIT 92",Newcomb,NM,321,3.593
1929,DUMMY TRUCK STOP #929,"I-94, EXIT 111",Skippack,PA,552,3.966
1930,DUMMY TRUCK STOP #930,"I-10, EXIT 326",New Castle,PA,635,3.679
1931,DUMMY TRUCK STOP #931,"I-20, EXIT 200",Attica,NY,806,3.969
1932,DUMMY TRUCK STOP #932,"I-64, EXIT 228",Lancaster,WI,153,3.229
1933,DUMMY TRUCK STOP #933,"I-75, EXIT 104",Seagrove,NC,355,3.404
1934,DUMMY TRUCK STOP #934,"I-70, EXIT 123",Clearmont,WY,304,3.417
1935,DUMMY TRUCK STOP #935,"I-5, EXIT 173",Sullivan,IL,296,3.958
1936,DUMMY TRUCK STOP #936,"I-15, EXIT 113",Fontanelle,NE,198,3.452
1937,DUMMY TRUCK STOP #937,"I-35, EXIT 86",South Jacksonville,IL,145,3.899
1938,DUMMY TRUCK STOP #938,"I-80, EXIT 263",Macksburg,IA,210,3.026
1939,DUMMY TRUCK STOP #939,"I-40, EXIT 320",Battlefield,MO,312,3.264
1940,DUMMY TRUCK STOP #940,"I-94, EXIT 203",Rio,WI,538,3.304
1941,DUMMY TRUCK STOP #941,"I-70, EXIT 166",Somerton,AZ,277,3.941
1942,DUMMY TRUCK STOP #942,"I-5, EXIT 206",St. Helen,MI,769,3.786
1943,DUMMY TRUCK STOP #943,"I-81, EXIT 113",Moreauville,LA,167,3.178
1944,DUMMY TRUCK STOP #944,"I-55, EXIT 333",Greenfield,OK,738,3.313
1945,DUMMY TRUCK STOP #945,"I-40, EXIT 211",Sand Point,OK,408,3.104
1946,DUMMY TRUCK STOP #946,"I-85, EXIT 53",Medon,TN,829,3.349
1947,DUMMY TRUCK STOP #947,"I-95, EXIT 88",Heidelberg,MN,357,2.965
1948,DUMMY TRUCK STOP #948,"I-20, EXIT 308",Kersey,PA,432,3.926
1949,DUMMY TRUCK STOP #949,"I-25, EXIT 171",Luthersville,GA,279,3.626
1950,DUMMY TRUCK STOP #950,"I-65, EXIT 342",Nordheim,TX,593,3.118
1951,DUMMY TRUCK STOP #951,"I-95, EXIT 230",Avon,MT,491,3.631
1952,DUMMY TRUCK STOP #952,"I-90, EXIT 328",Bruceton Mills,WV,859,3.614
1953,DUMMY TRUCK STOP #953,"I-5, EXIT 120",Cabana Colony,FL,121,3.526
1954,DUMMY TRUCK STOP #954,"I-20, EXIT 159",Bay Village,OH,342,3.938
1955,DUMMY TRUCK STOP #955,"I-15, EXIT 31",Hudson,WY,240,3.427
1956,DUMMY TRUCK STOP #956,"I-70, EXIT 256",Pinon,AZ,403,3.548
1957,DUMMY TRUCK STOP #957,"I-10, EXIT 122",Lake Forest Park,WA,842,4.502
1958,DUMMY TRUCK STOP #958,"I-81, EXIT 169",Austin,MN,237,3.667
1959,DUMMY TRUCK STOP #959,"I-10, EXIT 267",Forest Hills,NC,524,3.405
1960,DUMMY TRUCK STOP #960,"I-64, EXIT 13",McLean,NY,334,4.405
1961,DUMMY TRUCK STOP #961,"I-44, EXIT 106",Cartwright,OK,652,3.242
1962,DUMMY TRUCK STOP #962,"I-10, EXIT 341",Prescott Valley,AZ,354,3.718
1963,DUMMY TRUCK STOP #963,"I-44, EXIT 312",Oroville,CA,490,4.838
1964,DUMMY TRUCK STOP #964,"I-90, EXIT 165",Moscow,OH,287,3.437
1965,DUMMY TRUCK STOP #965,"I-85, EXIT 36",Morton,MS,297,3.181
1966,DUMMY TRUCK STOP #966,"I-10, EXIT 325",Indian River Estates,FL,244,3.507
1967,DUMMY TRUCK STOP #967,"I-35, EXIT 304",Mantua,UT,662,3.686
1968,DUMMY TRUCK STOP #968,"I-40, EXIT 121",Shelbyville,MO,619,3.165
1969,DUMMY TRUCK STOP #969,"I-64, EXIT 85",Albany,IL,838,4.055
1970,DUMMY TRUCK STOP #970,"I-40, EXIT 126",Ward,AR,534,3.386
1971,DUMMY TRUCK STOP #971,"I-64, EXIT 296",Carpenter,IA,559,3.411
1972,DUMMY TRUCK STOP #972,"I-40, EXIT 140",Gwinn,MI,900,3.822
1973,DUMMY TRUCK STOP #973,"I-70, EXIT 204",Banks Springs,LA,486,2.811
1974,DUMMY TRUCK STOP #974,"I-35, EXIT 242",Old Shawneetown,IL,551,3.852
1975,DUMMY TRUCK STOP #975,"I-80, EXIT 80",Mound City,MO,593,2.982
1976,DUMMY TRUCK STOP #976,"I-5, EXIT 196",Alexandria,LA,537,3.365
1977,DUMMY TRUCK STOP #977,"I-64, EXIT 305",Pineville,LA,650,3.435
1978,DUMMY TRUCK STOP #978,"I-25, EXIT 284",Boykin,SC,844,3.059
1979,DUMMY TRUCK STOP #979,"I-64, EXIT 233",Bridgewater,VA,390,3.629
1980,DUMMY TRUCK STOP #980,"I-75, EXIT 288",Gibbsville,WI,720,3.607
1981,DUMMY TRUCK STOP #981,"I-85, EXIT 101",Pilot Mound,IA,258,3.189
1982,DUMMY TRUCK STOP #982,"I-40, EXIT 3",Trafford,PA,113,4.069
1983,DUMMY TRUCK STOP #983,"I-70, EXIT 252",Laredo Ranchettes West,TX,514,3.338
1984,DUMMY TRUCK STOP #984,"I-80, EXIT 203",Bay St. Louis,MS,860,2.977
1985,DUMMY TRUCK STOP #985,"I-95, EXIT 37",Tab,IN,518,3.604
1986,DUMMY TRUCK STOP #986,"I-10, EXIT 64",Lott,TX,494,3.299
1987,DUMMY TRUCK STOP #987,"I-80, EXIT 131",New Cuyama,CA,889,4.848
1988,DUMMY TRUCK STOP #988,"I-70, EXIT 261",Dewey,MT,826,3.556
1989,DUMMY TRUCK STOP #989,"I-10, EXIT 334",Buckeye,AZ,494,3.576
1990,DUMMY TRUCK STOP #990,"I-80, EXIT 127",Spring Drive Mobile Home Park,PA,348,4.070
1991,DUMMY TRUCK STOP #991,"I-70, EXIT 324",Placitas,NM,823,3.048
1992,DUMMY TRUCK STOP #992,"I-5, EXIT 341",Allensworth,CA,760,4.807
1993,DUMMY TRUCK STOP #993,"I-25, EXIT 131",Clinton,MD,353,3.747
1994,DUMMY TRUCK STOP #994,"I-95, EXIT 340",Western Springs,IL,265,3.997
1995,DUMMY TRUCK STOP #995,"I-75, EXIT 204",Rocky River,OH,823,4.008
1996,DUMMY TRUCK STOP #996,"I-95, EXIT 42",Gold River,CA,630,4.774
1997,DUMMY TRUCK STOP #997,"I-35, EXIT 219",Kenel,SD,358,3.710
1998,DUMMY TRUCK STOP #998,"I-64, EXIT 257",Sharon Center,OH,645,3.503
1999,DUMMY TRUCK STOP #999,"I-64, EXIT 211",Havana,AR,870,3.154
2000,DUMMY TRUCK STOP #1000,"I-15, EXIT 56",Walnutport,PA,751,3.902
2001,DUMMY TRUCK STOP #1001,"I-25, EXIT 138",Ventana,AZ,866,3.561
2002,DUMMY TRUCK STOP #1002,"I-40, EXIT 204",Pittsboro,IN,815,3.608
2003,DUMMY TRUCK STOP #1003,"I-85, EXIT 1",Highland,IL,199,3.611
2004,DUMMY TRUCK STOP #1004,"I-15, EXIT 214",Myrtle Springs,TX,637,3.646
2005,DUMMY TRUCK STOP #1005,"I-80, EXIT 88",Chuichu,AZ,280,3.721
2006,DUMMY TRUCK STOP #1006,"I-70, EXIT 96",Arlington,OH,820,3.774
2007,DUMMY TRUCK STOP #1007,"I-90, EXIT 57",West Pensacola,FL,561,3.638
2008,DUMMY TRUCK STOP #1008,"I-95, EXIT 109",Jimmerson Lake,IN,290,3.905
2009,DUMMY TRUCK STOP #1009,"I-40, EXIT 133",Belle Isle,FL,518,3.591
2010,DUMMY TRUCK STOP #1010,"I-81, EXIT 321",Hogeland,MT,739,3.886
2011,DUMMY TRUCK STOP #1011,"I-15, EXIT 151",Healdton,OK,187,3.348
2012,DUMMY TRUCK STOP #1012,"I-75, EXIT 64",Twin Lakes,CO,383,3.712
2013,DUMMY TRUCK STOP #1013,"I-44, EXIT 245",Lorraine,NY,596,4.191
2014,DUMMY TRUCK STOP #1014,"I-20, EXIT 5",Schiller Park,IL,162,3.817
2015,DUMMY TRUCK STOP #1015,"I-95, EXIT 22",Warrensburg,MO,199,3.155
2016,DUMMY TRUCK STOP #1016,"I-40, EXIT 268",Aspers,PA,107,4.496
2017,DUMMY TRUCK STOP #1017,"I-55, EXIT 249",Alburnett,IA,584,3.195
2018,DUMMY TRUCK STOP #1018,"I-65, EXIT 310",Kiawah Island,SC,539,3.454
2019,DUMMY TRUCK STOP #1019,"I-65, EXIT 162",Spencer,MA,345,3.459
2020,DUMMY TRUCK STOP #1020,"I-70, EXIT 341",Palmetto,GA,508,3.583
2021,DUMMY TRUCK STOP #1021,"I-70, EXIT 170",Valley Hill,NC,202,3.405
2022,DUMMY TRUCK STOP #1022,"I-5, EXIT 234",Whiteville,NC,815,3.493
2023,DUMMY TRUCK STOP #1023,"I-25, EXIT 14",Smithton,PA,716,3.771
2024,DUMMY TRUCK STOP #1024,"I-20, EXIT 272",Gordon,PA,386,4.248
2025,DUMMY TRUCK STOP #1025,"I-44, EXIT 189",Antelope Hills,WY,562,3.736
2026,DUMMY TRUCK STOP #1026,"I-85, EXIT 264",Crocker,SD,523,3.309
2027,DUMMY TRUCK STOP #1027,"I-65, EXIT 9",Elmendorf,TX,748,3.142
2028,DUMMY TRUCK STOP #1028,"I-70, EXIT 24",Jonesboro,GA,853,3.338
2029,DUMMY TRUCK STOP #1029,"I-85, EXIT 205",Big Clifty,KY,856,3.361
2030,DUMMY TRUCK STOP #1030,"I-15, EXIT 179",Kronenwetter,WI,538,3.624
2031,DUMMY TRUCK STOP #1031,"I-85, EXIT 338",Stottville,NY,816,4.548
2032,DUMMY TRUCK STOP #1032,"I-20, EXIT 198",Naco,AZ,400,3.690
2033,DUMMY TRUCK STOP #1033,"I-90, EXIT 293",Sarah Ann,WV,833,3.378
2034,DUMMY TRUCK STOP #1034,"I-90, EXIT 17",Burnside,KY,230,3.273
2035,DUMMY TRUCK STOP #1035,"I-94, EXIT 240",Schaghticoke,NY,272,4.073
2036,DUMMY TRUCK STOP #1036,"I-81, EXIT 60",Platter,OK,593,3.151
2037,DUMMY TRUCK STOP #1037,"I-40, EXIT 88",Lyle,WA,871,4.380
2038,DUMMY TRUCK STOP #1038,"I-15, EXIT 55",Crystal,MI,545,3.586
2039,DUMMY TRUCK STOP #1039,"I-65, EXIT 197",Callaway,MN,884,3.544
2040,DUMMY TRUCK STOP #1040,"I-55, EXIT 113",Fayette City,PA,836,4.048
2041,DUMMY TRUCK STOP #1041,"I-20, EXIT 341",Hanna City,IL,239,3.790
2042,DUMMY TRUCK STOP #1042,"I-94, EXIT 325",Likely,CA,842,4.954
2043,DUMMY TRUCK STOP #1043,"I-65, EXIT 115",Franklin,NC,689,3.130
2044,DUMMY TRUCK STOP #1044,"I-15, EXIT 330",Keizer,OR,451,4.216
2045,DUMMY TRUCK STOP #1045,"I-75, EXIT 335",Conrath,WI,757,3.245
2046,DUMMY TRUCK STOP #1046,"I-94, EXIT 224",Cleveland Heights,OH,338,3.900
2047,DUMMY TRUCK STOP #1047,"I-15, EXIT 58",Middletown,IN,191,3.765
2048,DUMMY TRUCK STOP #1048,"I-65, EXIT 304",Black Forest,CO,292,3.638
2049,DUMMY TRUCK STOP #1049,"I-70, EXIT 66",Westfir,OR,420,4.197
2050,DUMMY TRUCK STOP #1050,"I-75, EXIT 296",Stuckey,SC,854,3.211
2051,DUMMY TRUCK STOP #1051,"I-94, EXIT 98",Natoma,KS,497,3.314
2052,DUMMY TRUCK STOP #1052,"I-80, EXIT 164",San Isidro,TX,889,3.151
2053,DUMMY TRUCK STOP #1053,"I-25, EXIT 267",Wilburton,OK,779,2.970
2054,DUMMY TRUCK STOP #1054,"I-95, EXIT 114",Pilot Mountain,NC,209,3.654
2055,DUMMY TRUCK STOP #1055,"I-81, EXIT 162",Alto,TX,248,2.973
2056,DUMMY TRUCK STOP #1056,"I-64, EXIT 113",Stratford Downtown,CT,611,4.237
2057,DUMMY TRUCK STOP #1057,"I-64, EXIT 75",Jacksboro,TN,864,3.257
2058,DUMMY TRUCK STOP #1058,"I-10, EXIT 307",Milford,NY,427,4.058
2059,DUMMY TRUCK STOP #1059,"I-20, EXIT 141",Meadow View Addition,SD,823,3.202
2060,DUMMY TRUCK STOP #1060,"I-95, EXIT 245",Hughes,AR,746,3.761
2061,DUMMY TRUCK STOP #1061,"I-75, EXIT 31",Barrelville,MD,441,3.700
2062,DUMMY TRUCK STOP #1062,"I-25, EXIT 108",El Cerro Mission,NM,850,3.265
2063,DUMMY TRUCK STOP #1063,"I-10, EXIT 92",Mize,MS,599,3.318
2064,DUMMY TRUCK STOP #1064,"I-75, EXIT 154",Brent,OK,775,3.099
2065,DUMMY TRUCK STOP #1065,"I-5, EXIT 281",Alden,MI,501,3.790
2066,DUMMY TRUCK STOP #1066,"I-65, EXIT 217",Granite Hills,CA,794,4.695
2067,DUMMY TRUCK STOP #1067,"I-75, EXIT 201",Loudon,NH,173,3.436
2068,DUMMY TRUCK STOP #1068,"I-90, EXIT 145",Perrysville,OH,389,3.728
2069,DUMMY TRUCK STOP #1069,"I-94, EXIT 202",Westlake,LA,199,3.211
2070,DUMMY TRUCK STOP #1070,"I-25, EXIT 166",Panola,AL,870,3.188
2071,DUMMY TRUCK STOP #1071,"I-10, EXIT 156",Sammy Martinez,TX,568,3.243
2072,DUMMY TRUCK STOP #1072,"I-35, EXIT 296",White Earth,MN,240,3.151
2073,DUMMY TRUCK STOP #1073,"I-25, EXIT 108",Garden City,TX,323,2.957
2074,DUMMY TRUCK STOP #1074,"I-40, EXIT 334",Hooper,NE,109,3.424
2075,DUMMY TRUCK STOP #1075,"I-20, EXIT 348",Florence,CO,251,3.320
2076,DUMMY TRUCK STOP #1076,"I-75, EXIT 219",Waynesboro,MS,795,3.470
2077,DUMMY TRUCK STOP #1077,"I-20, EXIT 183",Whaleyville,MD,585,3.824
2078,DUMMY TRUCK STOP #1078,"I-35, EXIT 27",Hubbard,OH,220,3.356
2079,DUMMY TRUCK STOP #1079,"I-95, EXIT 223",Oak Level,VA,252,3.809
2080,DUMMY TRUCK STOP #1080,"I-75, EXIT 126",Karnes City,TX,134,3.118
2081,DUMMY TRUCK STOP #1081,"I-64, EXIT 306",Ridgeway,MO,276,3.333
2082,DUMMY TRUCK STOP #1082,"I-75, EXIT 344",Clinton,PA,774,4.173
2083,DUMMY TRUCK STOP #1083,"I-75, EXIT 141",Windermere,FL,747,3.670
2084,DUMMY TRUCK STOP #1084,"I-81, EXIT 189",Avondale,MO,111,3.307
2085,DUMMY TRUCK STOP #1085,"I-85, EXIT 329",Eden,ID,784,3.754
2086,DUMMY TRUCK STOP #1086,"I-90, EXIT 116",Nanticoke,PA,123,4.101
2087,DUMMY TRUCK STOP #1087,"I-85, EXIT 141",Pennington,NJ,810,3.395
2088,DUMMY TRUCK STOP #1088,"I-20, EXIT 304",Rossmoyne,OH,285,3.424
2089,DUMMY TRUCK STOP #1089,"I-80, EXIT 153",Keokuk,IA,685,2.750
2090,DUMMY TRUCK STOP #1090,"I-25, EXIT 51",Minot AFB,ND,433,4.036
2091,DUMMY TRUCK STOP #1091,"I-94, EXIT 95",Beeville,TX,515,3.513
2092,DUMMY TRUCK STOP #1092,"I-5, EXIT 202",Buckhannon,WV,669,3.753
2093,DUMMY TRUCK STOP #1093,"I-90, EXIT 251",Navajo Dam,NM,165,3.580
2094,DUMMY TRUCK STOP #1094,"I-90, EXIT 300",Alcester,SD,651,3.113
2095,DUMMY TRUCK STOP #1095,"I-20, EXIT 107",Beaver City,NE,774,3.278
2096,DUMMY TRUCK STOP #1096,"I-20, EXIT 93",Vista,MO,713,2.890
2097,DUMMY TRUCK STOP #1097,"I-81, EXIT 161",Baker,MO,225,3.194
2098,DUMMY TRUCK STOP #1098,"I-10, EXIT 66",Hickory Creek,TX,688,3.132
2099,DUMMY TRUCK STOP #1099,"I-94, EXIT 132",Mifflinburg,PA,871,4.079
2100,DUMMY TRUCK STOP #1100,"I-10, EXIT 44",Gatesville,NC,227,3.553
2101,DUMMY TRUCK STOP #1101,"I-94, EXIT 88",Hayesville,IA,533,3.179
2102,DUMMY TRUCK STOP #1102,"I-5, EXIT 128",Prestonville,KY,407,3.443
2103,DUMMY TRUCK STOP #1103,"I-64, EXIT 338",Serenada,TX,646,3.566
2104,DUMMY TRUCK STOP #1104,"I-81, EXIT 72",North Salem,IN,690,3.874
2105,DUMMY TRUCK STOP #1105,"I-70, EXIT 311",Lake Colorado City,TX,651,2.994
2106,DUMMY TRUCK STOP #1106,"I-90, EXIT 108",Portola Valley,CA,804,4.759
2107,DUMMY TRUCK STOP #1107,"I-44, EXIT 19",Primghar,IA,292,3.621
2108,DUMMY TRUCK STOP #1108,"I-25, EXIT 154",Clover,VA,320,3.744
2109,DUMMY TRUCK STOP #1109,"I-40, EXIT 303",Lake Viking,MO,467,3.436
2110,DUMMY TRUCK STOP #1110,"I-55, EXIT 66",Morocco,IN,846,3.685
2111,DUMMY TRUCK STOP #1111,"I-55, EXIT 134",Sunbury,PA,490,3.999
2112,DUMMY TRUCK STOP #1112,"I-35, EXIT 205",Viburnum,MO,567,3.151
2113,DUMMY TRUCK STOP #1113,"I-80, EXIT 74",Oakfield,NY,648,4.269
2114,DUMMY TRUCK STOP #1114,"I-40, EXIT 37",Conway,ND,744,3.569
2115,DUMMY TRUCK STOP #1115,"I-40, EXIT 191",Geronimo,OK,677,3.086
2116,DUMMY TRUCK STOP #1116,"I-90, EXIT 310",Rhinelander,WI,267,2.863
2117,DUMMY TRUCK STOP #1117,"I-80, EXIT 195",Natalbany,LA,126,3.159
2118,DUMMY TRUCK STOP #1118,"I-44, EXIT 40",Seven Mile,AZ,376,3.900
2119,DUMMY TRUCK STOP #1119,"I-94, EXIT 209",Ogallala,NE,167,3.412
2120,DUMMY TRUCK STOP #1120,"I-65, EXIT 328",Santo,TX,191,3.211
2121,DUMMY TRUCK STOP #1121,"I-55, EXIT 75",Trenton,KY,331,3.344
2122,DUMMY TRUCK STOP #1122,"I-55, EXIT 6",Aledo,IL,200,3.923
2123,DUMMY TRUCK STOP #1123,"I-75, EXIT 54",Elm Creek,NE,226,3.010
2124,DUMMY TRUCK STOP #1124,"I-35, EXIT 270",Orient,IL,845,4.131
2125,DUMMY TRUCK STOP #1125,"I-85, EXIT 49",Kennedyville,MD,641,3.770
2126,DUMMY TRUCK STOP #1126,"I-70, EXIT 293",Madisonville,TN,388,3.131
2127,DUMMY TRUCK STOP #1127,"I-10, EXIT 88",Belmond,IA,425,3.117
2128,DUMMY TRUCK STOP #1128,"I-75, EXIT 93",Thibodaux,LA,453,3.172
2129,DUMMY TRUCK STOP #1129,"I-94, EXIT 283",Rhodes,IA,708,3.444
2130,DUMMY TRUCK STOP #1130,"I-75, EXIT 245",Cana,VA,706,3.296
2131,DUMMY TRUCK STOP #1131,"I-90, EXIT 80",Lasker,NC,773,3.467
2132,DUMMY TRUCK STOP #1132,"I-25, EXIT 74",Bellwood,PA,487,4.068
2133,DUMMY TRUCK STOP #1133,"I-70, EXIT 128",Burke,VA,794,3.421
2134,DUMMY TRUCK STOP #1134,"I-80, EXIT 235",New Virginia,IA,287,3.292
2135,DUMMY TRUCK STOP #1135,"I-81, EXIT 258",Fishers Island,NY,393,3.994
2136,DUMMY TRUCK STOP #1136,"I-55, EXIT 220",McMullen,AL,633,3.363
2137,DUMMY TRUCK STOP #1137,"I-44, EXIT 157",Lake Telemark,NJ,750,4.197
2138,DUMMY TRUCK STOP #1138,"I-15, EXIT 157",Dakota,IL,516,3.667
2139,DUMMY TRUCK STOP #1139,"I-15, EXIT 40",Pine Flat,CA,847,4.795
2140,DUMMY TRUCK STOP #1140,"I-44, EXIT 48",Lucerne,IN,269,3.405
2141,DUMMY TRUCK STOP #1141,"I-64, EXIT 284",Hatboro,PA,604,3.983
2142,DUMMY TRUCK STOP #1142,"I-5, EXIT 218",Ripon,WI,793,3.416
2143,DUMMY TRUCK STOP #1143,"I-85, EXIT 255",Garrison,NE,627,3.059
2144,DUMMY TRUCK STOP #1144,"I-94, EXIT 64",Endwell,NY,515,4.134
2145,DUMMY TRUCK STOP #1145,"I-5, EXIT 218",Wyncote,PA,819,4.166
2146,DUMMY TRUCK STOP #1146,"I-94, EXIT 177",Laud,IN,350,3.760
2147,DUMMY TRUCK STOP #1147,"I-90, EXIT 312",Juntura,OR,143,4.465
2148,DUMMY TRUCK STOP #1148,"I-81, EXIT 87",Mountain View Colony,MT,790,3.590
2149,DUMMY TRUCK STOP #1149,"I-44, EXIT 90",Norton,OH,176,3.977
2150,DUMMY TRUCK STOP #1150,"I-70, EXIT 69",East Freedom,PA,626,3.920
2151,DUMMY TRUCK STOP #1151,"I-85, EXIT 195",Johnstown,NE,274,3.315
2152,DUMMY TRUCK STOP #1152,"I-70, EXIT 58",Horine,MO,446,3.246
2153,DUMMY TRUCK STOP #1153,"I-94, EXIT 61",Dellrose,TN,397,3.417
2154,DUMMY TRUCK STOP #1154,"I-64, EXIT 248",Vredenburgh,AL,400,3.230
2155,DUMMY TRUCK STOP #1155,"I-95, EXIT 202",Solvang,CA,322,4.749
2156,DUMMY TRUCK STOP #1156,"I-64, EXIT 330",Galena,KS,627,3.262
2157,DUMMY TRUCK STOP #1157,"I-81, EXIT 317",Tolono,IL,599,3.822
2158,DUMMY TRUCK STOP #1158,"I-10, EXIT 183",Hendrum,MN,106,3.457
2159,DUMMY TRUCK STOP #1159,"I-70, EXIT 55",Meacham,OR,105,4.080
2160,DUMMY TRUCK STOP #1160,"I-70, EXIT 96",Mitchell,IN,511,3.643
2161,DUMMY TRUCK STOP #1161,"I-85, EXIT 102",Sharon,KS,186,3.199
2162,DUMMY TRUCK STOP #1162,"I-90, EXIT 264",Clearview,OK,257,3.216
2163,DUMMY TRUCK STOP #1163,"I-5, EXIT 80",Water Mill,NY,887,3.813
2164,DUMMY TRUCK STOP #1164,"I-55, EXIT 116",Taunton,MA,581,3.812
2165,DUMMY TRUCK STOP #1165,"I-80, EXIT 94",Heron,MT,649,3.480
2166,DUMMY TRUCK STOP #1166,"I-55, EXIT 56",Durhamville,NY,549,4.243
2167,DUMMY TRUCK STOP #1167,"I-25, EXIT 182",Cedro,NM,865,3.342
2168,DUMMY TRUCK STOP #1168,"I-80, EXIT 3",Kennebunkport,ME,467,3.439
2169,DUMMY TRUCK STOP #1169,"I-20, EXIT 98",Goodman,MS,391,3.411
2170,DUMMY TRUCK STOP #1170,"I-10, EXIT 69",Seltzer,PA,504,3.861
2171,DUMMY TRUCK STOP #1171,"I-10, EXIT 83",Chaumont,NY,782,4.008
2172,DUMMY TRUCK STOP #1172,"I-40, EXIT 246",Egan,LA,781,3.327
2173,DUMMY TRUCK STOP #1173,"I-85, EXIT 282",Essex,MD,607,3.690
2174,DUMMY TRUCK STOP #1174,"I-25, EXIT 167",Boswell,PA,869,4.040
2175,DUMMY TRUCK STOP #1175,"I-90, EXIT 200",Middletown,MO,234,3.234
2176,DUMMY TRUCK STOP #1176,"I-20, EXIT 56",Lamont,IA,121,2.980
2177,DUMMY TRUCK STOP #1177,"I-5, EXIT 122",Spearville,KS,153,3.366
2178,DUMMY TRUCK STOP #1178,"I-65, EXIT 220",Spencerville,IN,711,3.868
2179,DUMMY TRUCK STOP #1179,"I-64, EXIT 145",Charlottesville,IN,597,3.735
2180,DUMMY TRUCK STOP #1180,"I-15, EXIT 220",Somers,CT,353,3.908
2181,DUMMY TRUCK STOP #1181,"I-35, EXIT 128",Hometown,PA,387,3.835
2182,DUMMY TRUCK STOP #1182,"I-20, EXIT 135",Durand,IL,817,3.604
2183,DUMMY TRUCK STOP #1183,"I-40, EXIT 243",Frankfort,KY,823,3.456
2184,DUMMY TRUCK STOP #1184,"I-20, EXIT 258",Old Saybrook Center,CT,725,4.434
2185,DUMMY TRUCK STOP #1185,"I-95, EXIT 323",Richlandtown,PA,749,4.286
2186,DUMMY TRUCK STOP #1186,"I-25, EXIT 118",Las Palomas,NM,223,3.962
2187,DUMMY TRUCK STOP #1187,"I-40, EXIT 75",Cheraw,SC,536,3.334
2188,DUMMY TRUCK STOP #1188,"I-5, EXIT 316",Ione,OR,304,4.237
2189,DUMMY TRUCK STOP #1189,"I-80, EXIT 269",Bishop Hill,IL,413,3.849
2190,DUMMY TRUCK STOP #1190,"I-44, EXIT 114",Deer Creek,IL,444,3.831
2191,DUMMY TRUCK STOP #1191,"I-80, EXIT 330",Rome,IL,152,3.743
2192,DUMMY TRUCK STOP #1192,"I-64, EXIT 57",Patterson Heights,PA,375,4.079
2193,DUMMY TRUCK STOP #1193,"I-80, EXIT 127",Blue Hill,NE,427,3.068
2194,DUMMY TRUCK STOP #1194,"I-10, EXIT 94",North Washington,IA,141,3.676
2195,DUMMY TRUCK STOP #1195,"I-65, EXIT 109",Kreamer,PA,392,4.315
2196,DUMMY TRUCK STOP #1196,"I-85, EXIT 144",Dana,NC,721,3.451
2197,DUMMY TRUCK STOP #1197,"I-85, EXIT 187",Andrews,SC,442,3.393
2198,DUMMY TRUCK STOP #1198,"I-64, EXIT 58",Shiloh,NJ,199,3.918
2199,DUMMY TRUCK STOP #1199,"I-25, EXIT 170",Long Creek,NC,469,3.317
2200,DUMMY TRUCK STOP #1200,"I-70, EXIT 302",Storm Lake,IA,641,3.112
2201,DUMMY TRUCK STOP #1201,"I-55, EXIT 108",Yorba Linda,CA,698,4.645
2202,DUMMY TRUCK STOP #1202,"I-75, EXIT 45",Leander,TX,208,3.069
2203,DUMMY TRUCK STOP #1203,"I-20, EXIT 22",Energy,IL,700,4.002
2204,DUMMY TRUCK STOP #1204,"I-40, EXIT 99",Hillsboro,KS,821,3.467
2205,DUMMY TRUCK STOP #1205,"I-94, EXIT 317",Batesville,IN,451,3.673
2206,DUMMY TRUCK STOP #1206,"I-64, EXIT 243",Stevensville,MD,879,3.627
2207,DUMMY TRUCK STOP #1207,"I-10, EXIT 66",Payette,ID,296,3.785
2208,DUMMY TRUCK STOP #1208,"I-80, EXIT 282",Norway,KS,828,3.525
2209,DUMMY TRUCK STOP #1209,"I-94, EXIT 178",River Falls,AL,474,3.294
2210,DUMMY TRUCK STOP #1210,"I-81, EXIT 323",Commodore,PA,834,4.419
2211,DUMMY TRUCK STOP #1211,"I-85, EXIT 215",Belleville,WI,636,3.593
2212,DUMMY TRUCK STOP #1212,"I-90, EXIT 12",Bithlo,FL,270,3.630
2213,DUMMY TRUCK STOP #1213,"I-25, EXIT 149",Meyer,IA,146,3.124
2214,DUMMY TRUCK STOP #1214,"I-95, EXIT 32",Okolona,AR,810,3.088
2215,DUMMY TRUCK STOP #1215,"I-85, EXIT 273",Bell Gardens,CA,625,4.871
2216,DUMMY TRUCK STOP #1216,"I-15, EXIT 85",Duane Lake,NY,548,4.457
2217,DUMMY TRUCK STOP #1217,"I-75, EXIT 206",Derby,KS,721,3.251
2218,DUMMY TRUCK STOP #1218,"I-55, EXIT 106",Wheeler,OR,288,4.023
2219,DUMMY TRUCK STOP #1219,"I-95, EXIT 5",Belleview,FL,625,3.734
2220,DUMMY TRUCK STOP #1220,"I-81, EXIT 258",Latty,OH,824,3.705
2221,DUMMY TRUCK STOP #1221,"I-44, EXIT 152",Payson,UT,825,3.574
2222,DUMMY TRUCK STOP #1222,"I-55, EXIT 283",Tyrone,PA,221,3.913
2223,DUMMY TRUCK STOP #1223,"I-44, EXIT 150",Juniata,NE,140,3.376
2224,DUMMY TRUCK STOP #1224,"I-25, EXIT 143",Buena Vista,CO,236,3.598
2225,DUMMY TRUCK STOP #1225,"I-44, EXIT 108",Danby,VT,647,3.559
2226,DUMMY TRUCK STOP #1226,"I-20, EXIT 1",Odenville,AL,764,3.616
2227,DUMMY TRUCK STOP #1227,"I-70, EXIT 167",Riverside,NY,185,4.009
2228,DUMMY TRUCK STOP #1228,"I-94, EXIT 136",Underwood,IA,839,3.551
2229,DUMMY TRUCK STOP #1229,"I-64, EXIT 167",Circle,MT,158,3.857
2230,DUMMY TRUCK STOP #1230,"I-5, EXIT 183",St. Pierre,MT,324,3.886
2231,DUMMY TRUCK STOP #1231,"I-55, EXIT 9",Cole Camp,MO,650,3.182
2232,DUMMY TRUCK STOP #1232,"I-95, EXIT 55",Vidalia,LA,839,3.105
2233,DUMMY TRUCK STOP #1233,"I-55, EXIT 321",Belknap,IL,749,3.795
2234,DUMMY TRUCK STOP #1234,"I-94, EXIT 106",Yarborough Landing,AR,552,3.073
2235,DUMMY TRUCK STOP #1235,"I-95, EXIT 323",Templeton,IN,870,3.776
2236,DUMMY TRUCK STOP #1236,"I-75, EXIT 80",Moorcroft,WY,556,3.590
2237,DUMMY TRUCK STOP #1237,"I-70, EXIT 76",Red Lodge,MT,590,3.633
2238,DUMMY TRUCK STOP #1238,"I-15, EXIT 254",Telluride,CO,285,3.838
2239,DUMMY TRUCK STOP #1239,"I-35, EXIT 97",Gainesville,TX,683,2.830
2240,DUMMY TRUCK STOP #1240,"I-85, EXIT 93",El Monte Mobile Village,CA,763,4.834
2241,DUMMY TRUCK STOP #1241,"I-35, EXIT 202",Elrosa,MN,803,3.469
2242,DUMMY TRUCK STOP #1242,"I-40, EXIT 36",Linwood,NE,246,3.502
2243,DUMMY TRUCK STOP #1243,"I-75, EXIT 52",Lake Arrowhead,CA,841,4.871
2244,DUMMY TRUCK STOP #1244,"I-90, EXIT 71",Slaterville Springs,NY,844,4.209
2245,DUMMY TRUCK STOP #1245,"I-20, EXIT 194",Donnelsville,OH,493,3.700
2246,DUMMY TRUCK STOP #1246,"I-5, EXIT 57",Canyonville,OR,113,4.172
2247,DUMMY TRUCK STOP #1247,"I-10, EXIT 68",Avery,CA,354,4.772
2248,DUMMY TRUCK STOP #1248,"I-15, EXIT 138",Waverly,FL,246,3.242
2249,DUMMY TRUCK STOP #1249,"I-5, EXIT 55",Starke,FL,655,3.726
2250,DUMMY TRUCK STOP #1250,"I-65, EXIT 44",Buffalo Gap,TX,307,3.058
2251,DUMMY TRUCK STOP #1251,"I-81, EXIT 84",Lansing,NY,414,4.345
2252,DUMMY TRUCK STOP #1252,"I-65, EXIT 246",Piqua,KS,258,3.483
2253,DUMMY TRUCK STOP #1253,"I-55, EXIT 322",Perris,CA,656,4.759
2254,DUMMY TRUCK STOP #1254,"I-20, EXIT 11",Raub,IN,145,3.975
2255,DUMMY TRUCK STOP #1255,"I-90, EXIT 213",Mashantucket,CT,245,4.221
2256,DUMMY TRUCK STOP #1256,"I-5, EXIT 115",Great Neck Gardens,NY,124,4.241
2257,DUMMY TRUCK STOP #1257,"I-70, EXIT 336",Florence,SC,393,3.326
2258,DUMMY TRUCK STOP #1258,"I-44, EXIT 197",Searles,MN,803,3.676
2259,DUMMY TRUCK STOP #1259,"I-20, EXIT 252",Wallace,NC,273,3.700
2260,DUMMY TRUCK STOP #1260,"I-20, EXIT 115",Lansing,NC,204,3.227
2261,DUMMY TRUCK STOP #1261,"I-15, EXIT 316",Bradford,TN,441,3.441
2262,DUMMY TRUCK STOP #1262,"I-20, EXIT 185",Sheldon,ND,186,3.460
2263,DUMMY TRUCK STOP #1263,"I-35, EXIT 220",Woodridge,IL,643,3.994
2264,DUMMY TRUCK STOP #1264,"I-65, EXIT 308",Blumengard Colony,SD,285,3.250
2265,DUMMY TRUCK STOP #1265,"I-64, EXIT 320",Port Murray,NJ,393,3.806
2266,DUMMY TRUCK STOP #1266,"I-70, EXIT 54",Brookfield,WI,377,3.357
2267,DUMMY TRUCK STOP #1267,"I-55, EXIT 40",Lake Lotawana,MO,102,3.429
2268,DUMMY TRUCK STOP #1268,"I-25, EXIT 336",Manchester,WA,250,4.317
2269,DUMMY TRUCK STOP #1269,"I-85, EXIT 35",East Prairie,MO,215,3.123
2270,DUMMY TRUCK STOP #1270,"I-95, EXIT 219",Kanorado,KS,844,3.412
2271,DUMMY TRUCK STOP #1271,"I-25, EXIT 94",Wickett,TX,885,3.136
2272,DUMMY TRUCK STOP #1272,"I-75, EXIT 181",Chowan Beach,NC,426,3.527
2273,DUMMY TRUCK STOP #1273,"I-80, EXIT 309",Natchez,MS,751,2.994
2274,DUMMY TRUCK STOP #1274,"I-65, EXIT 71",Russell Springs,KS,769,3.258
2275,DUMMY TRUCK STOP #1275,"I-94, EXIT 255",North Ballston Spa,NY,651,4.306
2276,DUMMY TRUCK STOP #1276,"I-94, EXIT 253",Anna,OH,645,3.616
2277,DUMMY TRUCK STOP #1277,"I-15, EXIT 298",Clyde,CA,832,4.623
2278,DUMMY TRUCK STOP #1278,"I-80, EXIT 270",Buxton,ND,691,3.471
2279,DUMMY TRUCK STOP #1279,"I-44, EXIT 45",Pleasant Hills,PA,340,4.105
2280,DUMMY TRUCK STOP #1280,"I-70, EXIT 2",West Sacramento,CA,308,4.426
2281,DUMMY TRUCK STOP #1281,"I-94, EXIT 243",Conestee,SC,236,3.333
2282,DUMMY TRUCK STOP #1282,"I-20, EXIT 31",Millersburg,IL,457,3.799
2283,DUMMY TRUCK STOP #1283,"I-25, EXIT 151",Camden,OH,571,3.475
2284,DUMMY TRUCK STOP #1284,"I-25, EXIT 283",Oakford,IL,531,4.069
2285,DUMMY TRUCK STOP #1285,"I-10, EXIT 71",Eldora,IA,220,3.366
2286,DUMMY TRUCK STOP #1286,"I-25, EXIT 194",Beggs,OK,850,3.487
2287,DUMMY TRUCK STOP #1287,"I-70, EXIT 28",Mountain Meadows,CA,818,5.210
2288,DUMMY TRUCK STOP #1288,"I-20, EXIT 340",Cedar Springs,GA,695,3.427
2289,DUMMY TRUCK STOP #1289,"I-35, EXIT 16",Lakes of the Four Seasons,IN,250,4.057
2290,DUMMY TRUCK STOP #1290,"I-70, EXIT 73",Willacoochee,GA,180,3.503
2291,DUMMY TRUCK STOP #1291,"I-80, EXIT 77",Cornwall-on-Hudson,NY,883,4.151
2292,DUMMY TRUCK STOP #1292,"I-35, EXIT 241",La Porte,CA,861,4.779
2293,DUMMY TRUCK STOP #1293,"I-64, EXIT 241",Cairo,GA,521,3.490
2294,DUMMY TRUCK STOP #1294,"I-65, EXIT 228",Center Point,AL,900,3.470
2295,DUMMY TRUCK STOP #1295,"I-20, EXIT 80",McIntosh,MN,161,3.482
2296,DUMMY TRUCK STOP #1296,"I-10, EXIT 310",Hansford,WV,869,3.577
2297,DUMMY TRUCK STOP #1297,"I-75, EXIT 217",Greenhorn,OR,796,4.249
2298,DUMMY TRUCK STOP #1298,"I-81, EXIT 284",Hatteras,NC,828,3.544
2299,DUMMY TRUCK STOP #1299,"I-90, EXIT 157",Crow Agency,MT,826,3.793
2300,DUMMY TRUCK STOP #1300,"I-44, EXIT 217",Coldwater,KS,260,2.896
2301,DUMMY TRUCK STOP #1301,"I-75, EXIT 65",Almyra,AR,860,3.239
2302,DUMMY TRUCK STOP #1302,"I-40, EXIT 206",Cortland,IN,733,3.828
2303,DUMMY TRUCK STOP #1303,"I-94, EXIT 310",Atchison,KS,179,3.419
2304,DUMMY TRUCK STOP #1304,"I-81, EXIT 245",Clark,PA,420,4.112
2305,DUMMY TRUCK STOP #1305,"I-75, EXIT 85",Stanhope,IA,155,3.245
2306,DUMMY TRUCK STOP #1306,"I-70, EXIT 332",Boyers,PA,534,3.900
2307,DUMMY TRUCK STOP #1307,"I-15, EXIT 186",West Sharyland,TX,717,3.179
2308,DUMMY TRUCK STOP #1308,"I-65, EXIT 15",Mine La Motte,MO,345,3.281
2309,DUMMY TRUCK STOP #1309,"I-15, EXIT 109",Hopland,CA,711,4.705
2310,DUMMY TRUCK STOP #1310,"I-5, EXIT 159",Creswell,OR,292,4.420
2311,DUMMY TRUCK STOP #1311,"I-10, EXIT 124",Edwardsport,IN,375,3.507
2312,DUMMY TRUCK STOP #1312,"I-15, EXIT 292",Edgewood,IA,678,3.268
2313,DUMMY TRUCK STOP #1313,"I-85, EXIT 24",Viborg,SD,149,3.907
2314,DUMMY TRUCK STOP #1314,"I-65, EXIT 48",Caryville,TN,416,3.447
2315,DUMMY TRUCK STOP #1315,"I-64, EXIT 204",Buford,OH,612,3.869
2316,DUMMY TRUCK STOP #1316,"I-40, EXIT 162",Dellview,NC,869,3.459
2317,DUMMY TRUCK STOP #1317,"I-25, EXIT 346",Boley,OK,199,3.019
2318,DUMMY TRUCK STOP #1318,"I-65, EXIT 209",Watauga,TN,859,3.407
2319,DUMMY TRUCK STOP #1319,"I-25, EXIT 13",Greenview,IL,701,3.587
2320,DUMMY TRUCK STOP #1320,"I-75, EXIT 245",Friars Point,MS,700,3.195
2321,DUMMY TRUCK STOP #1321,"I-35, EXIT 78",Walden,CO,798,3.584
2322,DUMMY TRUCK STOP #1322,"I-81, EXIT 41",Willard,NM,740,3.414
2323,DUMMY TRUCK STOP #1323,"I-40, EXIT 349",White Heath,IL,769,4.039
2324,DUMMY TRUCK STOP #1324,"I-25, EXIT 83",Pheasant Run,OH,613,3.859
2325,DUMMY TRUCK STOP #1325,"I-90, EXIT 175",Springfield,FL,558,3.211
2326,DUMMY TRUCK STOP #1326,"I-25, EXIT 174",Malone,WA,397,4.420
2327,DUMMY TRUCK STOP #1327,"I-80, EXIT 21",Ferguson,IA,829,3.124
2328,DUMMY TRUCK STOP #1328,"I-75, EXIT 123",Hornsby Bend,TX,313,3.423
2329,DUMMY TRUCK STOP #1329,"I-25, EXIT 291",North Miami Beach,FL,742,3.746
2330,DUMMY TRUCK STOP #1330,"I-85, EXIT 50",Jackson,WY,115,3.445
2331,DUMMY TRUCK STOP #1331,"I-94, EXIT 45",Choctaw Valley,CA,610,4.977
2332,DUMMY TRUCK STOP #1332,"I-20, EXIT 233",Midway,GA,421,3.634
2333,DUMMY TRUCK STOP #1333,"I-15, EXIT 144",Cumberland City,TN,690,3.373
2334,DUMMY TRUCK STOP #1334,"I-70, EXIT 181",Turon,KS,191,3.382
2335,DUMMY TRUCK STOP #1335,"I-81, EXIT 133",Pine River,WI,584,3.706
2336,DUMMY TRUCK STOP #1336,"I-55, EXIT 227",Spring Church,PA,765,4.173
2337,DUMMY TRUCK STOP #1337,"I-95, EXIT 250",Gun Barrel City,TX,140,3.529
2338,DUMMY TRUCK STOP #1338,"I-70, EXIT 147",North Merrick,NY,510,3.954
2339,DUMMY TRUCK STOP #1339,"I-25, EXIT 226",Bavaria,KS,475,3.039
2340,DUMMY TRUCK STOP #1340,"I-90, EXIT 320",Castle Point,MO,421,3.335
2341,DUMMY TRUCK STOP #1341,"I-90, EXIT 231",Viola,DE,369,3.409
2342,DUMMY TRUCK STOP #1342,"I-10, EXIT 318",Brockway,MT,759,3.794
2343,DUMMY TRUCK STOP #1343,"I-94, EXIT 5",Fossil,OR,258,4.498
2344,DUMMY TRUCK STOP #1344,"I-20, EXIT 149",Potwin,KS,484,3.362
2345,DUMMY TRUCK STOP #1345,"I-15, EXIT 115",Atwood,PA,497,4.149
2346,DUMMY TRUCK STOP #1346,"I-81, EXIT 343",Genola,MN,195,3.652
2347,DUMMY TRUCK STOP #1347,"I-94, EXIT 239",Lone Tree,IA,211,3.232
2348,DUMMY TRUCK STOP #1348,"I-15, EXIT 93",Beaverdam,NV,849,4.215
2349,DUMMY TRUCK STOP #1349,"I-75, EXIT 222",Questa,NM,304,3.804
2350,DUMMY TRUCK STOP #1350,"I-75, EXIT 169",Nickerson,NE,166,3.637
2351,DUMMY TRUCK STOP #1351,"I-85, EXIT 109",Brimson,MO,819,2.952
2352,DUMMY TRUCK STOP #1352,"I-85, EXIT 59",Montalvin Manor,CA,385,5.301
2353,DUMMY TRUCK STOP #1353,"I-85, EXIT 75",Middlesex,NC,755,3.233
2354,DUMMY TRUCK STOP #1354,"I-40, EXIT 164",Hagarville,AR,681,3.314
2355,DUMMY TRUCK STOP #1355,"I-75, EXIT 32",Marion,VA,470,3.789
2356,DUMMY TRUCK STOP #1356,"I-80, EXIT 243",Starkville,MS,318,3.248
2357,DUMMY TRUCK STOP #1357,"I-80, EXIT 139",Newburg,PA,358,4.392
2358,DUMMY TRUCK STOP #1358,"I-35, EXIT 43",Ripley,WV,245,3.721
2359,DUMMY TRUCK STOP #1359,"I-64, EXIT 232",Pine Haven,WY,529,3.616
2360,DUMMY TRUCK STOP #1360,"I-90, EXIT 110",Servia,IN,785,3.827
2361,DUMMY TRUCK STOP #1361,"I-10, EXIT 48",Nolic,AZ,538,3.940
2362,DUMMY TRUCK STOP #1362,"I-65, EXIT 153",Santa Rosa Valley,CA,268,4.679
2363,DUMMY TRUCK STOP #1363,"I-85, EXIT 244",Summit Lake,WI,648,3.586
2364,DUMMY TRUCK STOP #1364,"I-35, EXIT 224",Middleberg,OK,463,3.557
2365,DUMMY TRUCK STOP #1365,"I-5, EXIT 288",Manor,TX,711,3.350
2366,DUMMY TRUCK STOP #1366,"I-40, EXIT 40",Windom,TX,840,3.028
2367,DUMMY TRUCK STOP #1367,"I-65, EXIT 341",Salamanca,NY,851,4.027
2368,DUMMY TRUCK STOP #1368,"I-65, EXIT 8",Bryson City,NC,254,3.233
2369,DUMMY TRUCK STOP #1369,"I-85, EXIT 163",Comobabi,AZ,216,4.184
2370,DUMMY TRUCK STOP #1370,"I-80, EXIT 135",Furman,SC,633,3.046
2371,DUMMY TRUCK STOP #1371,"I-25, EXIT 325",Le Flore,OK,560,3.057
2372,DUMMY TRUCK STOP #1372,"I-95, EXIT 50",Fort Hood,TX,137,2.622
2373,DUMMY TRUCK STOP #1373,"I-80, EXIT 280",Jackson Junction,IA,892,3.448
2374,DUMMY TRUCK STOP #1374,"I-35, EXIT 308",Searingtown,NY,486,4.641
2375,DUMMY TRUCK STOP #1375,"I-40, EXIT 348",Hattieville,AR,690,3.276
2376,DUMMY TRUCK STOP #1376,"I-5, EXIT 190",Dacusville,SC,472,3.421
2377,DUMMY TRUCK STOP #1377,"I-90, EXIT 64",West Reading,PA,816,4.432
2378,DUMMY TRUCK STOP #1378,"I-85, EXIT 333",Cambridge,ID,566,3.739
2379,DUMMY TRUCK STOP #1379,"I-94, EXIT 219",Dupuyer,MT,635,3.456
2380,DUMMY TRUCK STOP #1380,"I-65, EXIT 59",Millville,NJ,280,3.936
2381,DUMMY TRUCK STOP #1381,"I-94, EXIT 305",Seaman,OH,266,3.532
2382,DUMMY TRUCK STOP #1382,"I-94, EXIT 224",Diehlstadt,MO,490,3.245
2383,DUMMY TRUCK STOP #1383,"I-80, EXIT 325",Union Gap,WA,390,4.392
2384,DUMMY TRUCK STOP #1384,"I-20, EXIT 45",Persia,IA,206,3.608
2385,DUMMY TRUCK STOP #1385,"I-80, EXIT 54",Yellow Pine,ID,608,3.728
2386,DUMMY TRUCK STOP #1386,"I-94, EXIT 52",Bald Head Island,NC,748,3.467
2387,DUMMY TRUCK STOP #1387,"I-10, EXIT 342",Bell City,MO,396,2.977
2388,DUMMY TRUCK STOP #1388,"I-80, EXIT 109",Higginsport,OH,328,3.782
2389,DUMMY TRUCK STOP #1389,"I-20, EXIT 101",Cloverleaf,TX,580,3.188
2390,DUMMY TRUCK STOP #1390,"I-20, EXIT 180",Linoma Beach,NE,575,3.125
2391,DUMMY TRUCK STOP #1391,"I-75, EXIT 4",Santa Nella,CA,483,4.465
2392,DUMMY TRUCK STOP #1392,"I-44, EXIT 260",Cut Bank,MT,390,3.774
2393,DUMMY TRUCK STOP #1393,"I-64, EXIT 213",Bowleys Quarters,MD,789,3.571
2394,DUMMY TRUCK STOP #1394,"I-44, EXIT 3",Luverne,MN,524,3.762
2395,DUMMY TRUCK STOP #1395,"I-70, EXIT 266",Jackson,LA,859,3.291
2396,DUMMY TRUCK STOP #1396,"I-65, EXIT 172",Oakbrook,KY,274,3.458
2397,DUMMY TRUCK STOP #1397,"I-44, EXIT 285",Hooker,OK,500,3.697
2398,DUMMY TRUCK STOP #1398,"I-40, EXIT 316",Dove Creek,CO,759,3.406
2399,DUMMY TRUCK STOP #1399,"I-95, EXIT 220",Valley View,TX,231,3.104
2400,DUMMY TRUCK STOP #1400,"I-75, EXIT 89",Fitzgerald,GA,512,3.386
2401,DUMMY TRUCK STOP #1401,"I-80, EXIT 119",Crescent,LA,201,3.429
2402,DUMMY TRUCK STOP #1402,"I-25, EXIT 259",Northfield,MN,221,3.377
2403,DUMMY TRUCK STOP #1403,"I-55, EXIT 284",Pine Grove,OR,262,3.986
2404,DUMMY TRUCK STOP #1404,"I-65, EXIT 105",Ponca,NE,195,3.118
2405,DUMMY TRUCK STOP #1405,"I-95, EXIT 79",Atwood,KS,128,3.411
2406,DUMMY TRUCK STOP #1406,"I-94, EXIT 41",Canadian Shores,OK,685,3.257
2407,DUMMY TRUCK STOP #1407,"I-25, EXIT 233",Elizabeth,MN,749,3.281
2408,DUMMY TRUCK STOP #1408,"I-70, EXIT 96",China Spring,TX,345,3.350
2409,DUMMY TRUCK STOP #1409,"I-40, EXIT 275",Aynor,SC,351,3.227
2410,DUMMY TRUCK STOP #1410,"I-75, EXIT 134",Centerport,NY,775,4.046
2411,DUMMY TRUCK STOP #1411,"I-25, EXIT 322",Decatur,AR,123,3.321
2412,DUMMY TRUCK STOP #1412,"I-95, EXIT 53",Mount Leonard,MO,213,3.224
2413,DUMMY TRUCK STOP #1413,"I-20, EXIT 73",Richgrove,CA,389,4.516
2414,DUMMY TRUCK STOP #1414,"I-55, EXIT 93",Elsmere,KY,195,3.512
2415,DUMMY TRUCK STOP #1415,"I-40, EXIT 201",Tecumseh,IN,203,4.057
2416,DUMMY TRUCK STOP #1416,"I-85, EXIT 12",St. Matthews,KY,523,3.612
2417,DUMMY TRUCK STOP #1417,"I-15, EXIT 108",Bridgeport,CT,803,4.508
2418,DUMMY TRUCK STOP #1418,"I-80, EXIT 193",Summerton,SC,421,3.503
2419,DUMMY TRUCK STOP #1419,"I-35, EXIT 93",Hayfield,MN,405,3.368
2420,DUMMY TRUCK STOP #1420,"I-5, EXIT 92",Halchita,UT,775,3.453
2421,DUMMY TRUCK STOP #1421,"I-10, EXIT 61",Haddonfield,NJ,451,3.626
2422,DUMMY TRUCK STOP #1422,"I-70, EXIT 248",Hartley,TX,728,3.049
2423,DUMMY TRUCK STOP #1423,"I-90, EXIT 131",Bear Creek,AL,224,3.285
2424,DUMMY TRUCK STOP #1424,"I-40, EXIT 311",Wilberforce,OH,130,3.689
2425,DUMMY TRUCK STOP #1425,"I-25, EXIT 111",Salt Lake City,UT,473,3.388
2426,DUMMY TRUCK STOP #1426,"I-20, EXIT 112",Sullivan,NM,130,3.401
2427,DUMMY TRUCK STOP #1427,"I-25, EXIT 138",Skidmore,MO,380,3.141
2428,DUMMY TRUCK STOP #1428,"I-85, EXIT 103",Pipestone,MN,194,3.612
2429,DUMMY TRUCK STOP #1429,"I-64, EXIT 240",Bear Valley,CA,863,4.618
2430,DUMMY TRUCK STOP #1430,"I-85, EXIT 224",Campbell's Island,IL,624,3.986
2431,DUMMY TRUCK STOP #1431,"I-55, EXIT 89",Mauricetown,NJ,302,4.234
2432,DUMMY TRUCK STOP #1432,"I-55, EXIT 202",Vale Summit,MD,205,3.465
2433,DUMMY TRUCK STOP #1433,"I-64, EXIT 85",Bellbrook,OH,310,3.434
2434,DUMMY TRUCK STOP #1434,"I-85, EXIT 222",Westwood,PA,556,3.896
2435,DUMMY TRUCK STOP #1435,"I-65, EXIT 319",Trenton,NE,210,3.085
2436,DUMMY TRUCK STOP #1436,"I-75, EXIT 220",Caldwell,OH,304,3.838
2437,DUMMY TRUCK STOP #1437,"I-15, EXIT 231",Desloge,MO,271,3.041
2438,DUMMY TRUCK STOP #1438,"I-10, EXIT 262",Abbeville,SC,359,3.229
2439,DUMMY TRUCK STOP #1439,"I-90, EXIT 181",Agoura Hills,CA,507,4.622
2440,DUMMY TRUCK STOP #1440,"I-5, EXIT 59",La Rose,IL,284,3.722
2441,DUMMY TRUCK STOP #1441,"I-35, EXIT 184",Grand Junction,IA,351,3.419
2442,DUMMY TRUCK STOP #1442,"I-15, EXIT 111",Campbell,NY,772,3.972
2443,DUMMY TRUCK STOP #1443,"I-65, EXIT 63",Edgewood,FL,109,3.430
2444,DUMMY TRUCK STOP #1444,"I-65, EXIT 6",Ashland,KS,834,3.323
2445,DUMMY TRUCK STOP #1445,"I-65, EXIT 120",Buffalo,MO,675,3.104
2446,DUMMY TRUCK STOP #1446,"I-15, EXIT 198",Charlotte Court House,VA,390,3.727
2447,DUMMY TRUCK STOP #1447,"I-20, EXIT 288",Alexandria,PA,384,3.873
2448,DUMMY TRUCK STOP #1448,"I-15, EXIT 294",Bruno,NE,761,3.218
2449,DUMMY TRUCK STOP #1449,"I-65, EXIT 164",Trumbull Center,CT,302,3.833
2450,DUMMY TRUCK STOP #1450,"I-40, EXIT 26",Sierra Vista,AZ,605,3.993
2451,DUMMY TRUCK STOP #1451,"I-80, EXIT 62",East Liverpool,OH,227,3.152
2452,DUMMY TRUCK STOP #1452,"I-81, EXIT 88",Belfield,ND,715,3.505
2453,DUMMY TRUCK STOP #1453,"I-95, EXIT 11",Niota,TN,391,3.218
2454,DUMMY TRUCK STOP #1454,"I-5, EXIT 330",Kramer,IN,689,3.907
2455,DUMMY TRUCK STOP #1455,"I-64, EXIT 68",Dayton,PA,512,4.445
2456,DUMMY TRUCK STOP #1456,"I-10, EXIT 274",Crooked Creek,GA,640,3.320
2457,DUMMY TRUCK STOP #1457,"I-15, EXIT 241",Bellefonte,KY,197,3.701
2458,DUMMY TRUCK STOP #1458,"I-80, EXIT 155",Clarence Center,NY,381,4.213
2459,DUMMY TRUCK STOP #1459,"I-15, EXIT 285",Rainbow City,AL,893,3.232
2460,DUMMY TRUCK STOP #1460,"I-65, EXIT 253",Croghan,NY,727,4.301
2461,DUMMY TRUCK STOP #1461,"I-81, EXIT 253",Little Rock,MN,756,3.645
2462,DUMMY TRUCK STOP #1462,"I-20, EXIT 192",Soquel,CA,732,4.794
2463,DUMMY TRUCK STOP #1463,"I-5, EXIT 72",Three Lakes,WI,207,3.552
2464,DUMMY TRUCK STOP #1464,"I-65, EXIT 224",Old River-Winfree,TX,331,3.227
2465,DUMMY TRUCK STOP #1465,"I-70, EXIT 276",Riverside,WA,105,4.506
2466,DUMMY TRUCK STOP #1466,"I-10, EXIT 133",Somerset,CO,144,3.653
2467,DUMMY TRUCK STOP #1467,"I-15, EXIT 136",Sedgewickville,MO,437,3.535
2468,DUMMY TRUCK STOP #1468,"I-75, EXIT 139",Glenville,CT,815,4.380
2469,DUMMY TRUCK STOP #1469,"I-81, EXIT 62",Pickerington,OH,229,3.747
2470,DUMMY TRUCK STOP #1470,"I-65, EXIT 76",Las Palmas,TX,871,3.236
2471,DUMMY TRUCK STOP #1471,"I-80, EXIT 327",Albany,GA,557,3.047
2472,DUMMY TRUCK STOP #1472,"I-20, EXIT 268",Thedford,NE,640,3.173
2473,DUMMY TRUCK STOP #1473,"I-85, EXIT 144",Fredericksburg,PA,429,4.062
2474,DUMMY TRUCK STOP #1474,"I-85, EXIT 116",Damar,KS,194,3.455
2475,DUMMY TRUCK STOP #1475,"I-15, EXIT 181",Berlin,NJ,671,3.837
2476,DUMMY TRUCK STOP #1476,"I-44, EXIT 338",Casselman,PA,762,4.200
2477,DUMMY TRUCK STOP #1477,"I-15, EXIT 39",Marble Rock,IA,606,3.339
2478,DUMMY TRUCK STOP #1478,"I-10, EXIT 109",St. John's University,MN,113,3.378
2479,DUMMY TRUCK STOP #1479,"I-75, EXIT 97",Los Minerales,TX,599,3.053
2480,DUMMY TRUCK STOP #1480,"I-20, EXIT 175",Alvo,NE,313,3.172
2481,DUMMY TRUCK STOP #1481,"I-90, EXIT 161",Glacier Colony,MT,878,3.719
2482,DUMMY TRUCK STOP #1482,"I-64, EXIT 233",Mooreland,IN,771,3.469
2483,DUMMY TRUCK STOP #1483,"I-25, EXIT 113",Osgood,MO,472,3.321
2484,DUMMY TRUCK STOP #1484,"I-75, EXIT 232",Cohocton,NY,735,4.326
2485,DUMMY TRUCK STOP #1485,"I-40, EXIT 36",Penney Farms,FL,384,3.188
2486,DUMMY TRUCK STOP #1486,"I-80, EXIT 85",Marysville,MI,802,3.674
2487,DUMMY TRUCK STOP #1487,"I-20, EXIT 76",Crest Hill,IL,572,3.672
2488,DUMMY TRUCK STOP #1488,"I-20, EXIT 57",Newland,NC,346,3.790
2489,DUMMY TRUCK STOP #1489,"I-55, EXIT 15",Barnegat,NJ,587,4.049
2490,DUMMY TRUCK STOP #1490,"I-90, EXIT 232",Shanksville,PA,460,4.071
2491,DUMMY TRUCK STOP #1491,"I-15, EXIT 182",Bowmans Crossing,VA,541,3.510
2492,DUMMY TRUCK STOP #1492,"I-40, EXIT 78",Juno Ridge,FL,506,3.910
2493,DUMMY TRUCK STOP #1493,"I-10, EXIT 226",Ephraim,UT,379,3.386
2494,DUMMY TRUCK STOP #1494,"I-70, EXIT 51",Hamilton City,CA,150,4.747
2495,DUMMY TRUCK STOP #1495,"I-80, EXIT 100",Pinch,WV,401,3.426
2496,DUMMY TRUCK STOP #1496,"I-40, EXIT 207",Swansea,SC,280,3.065
2497,DUMMY TRUCK STOP #1497,"I-85, EXIT 266",Beech Bluff,TN,543,3.116
2498,DUMMY TRUCK STOP #1498,"I-20, EXIT 349",Sugar Land,TX,151,3.027
2499,DUMMY TRUCK STOP #1499,"I-44, EXIT 59",Rushford,MN,154,3.224
2500,DUMMY TRUCK STOP #1500,"I-10, EXIT 295",Stanley,LA,372,2.888
2501,DUMMY TRUCK STOP #1501,"I-55, EXIT 116",Valley Springs,SD,735,3.416
2502,DUMMY TRUCK STOP #1502,"I-75, EXIT 201",Andover,NJ,502,4.071
2503,DUMMY TRUCK STOP #1503,"I-55, EXIT 254",Granger,IA,310,3.586
2504,DUMMY TRUCK STOP #1504,"I-35, EXIT 105",Kenosha,WI,455,3.624
2505,DUMMY TRUCK STOP #1505,"I-64, EXIT 2",Castleberry,AL,196,3.116
2506,DUMMY TRUCK STOP #1506,"I-35, EXIT 258",State Center,IA,817,3.137
2507,DUMMY TRUCK STOP #1507,"I-44, EXIT 88",Lawrenceville,PA,422,3.838
2508,DUMMY TRUCK STOP #1508,"I-15, EXIT 86",Lehigh,KS,291,3.045
2509,DUMMY TRUCK STOP #1509,"I-5, EXIT 342",Miguel Barrera,TX,585,3.052
2510,DUMMY TRUCK STOP #1510,"I-80, EXIT 172",Bridgeton,NC,121,3.623
2511,DUMMY TRUCK STOP #1511,"I-15, EXIT 88",Unadilla,NY,795,4.212
2512,DUMMY TRUCK STOP #1512,"I-5, EXIT 305",Ashland,OK,460,3.277
2513,DUMMY TRUCK STOP #1513,"I-85, EXIT 127",Hayes Center,NE,583,3.584
2514,DUMMY TRUCK STOP #1514,"I-20, EXIT 24",Highland,UT,117,3.555
2515,DUMMY TRUCK STOP #1515,"I-44, EXIT 269",Southeast Arcadia,FL,615,3.000
2516,DUMMY TRUCK STOP #1516,"I-35, EXIT 76",Green Park,MO,893,2.975
2517,DUMMY TRUCK STOP #1517,"I-65, EXIT 232",Ojo Caliente,NM,602,3.577
2518,DUMMY TRUCK STOP #1518,"I-70, EXIT 280",Bradshaw,NE,363,3.435
2519,DUMMY TRUCK STOP #1519,"I-81, EXIT 7",Portland,ME,461,3.529
2520,DUMMY TRUCK STOP #1520,"I-64, EXIT 171",Greenwood,LA,630,3.132
2521,DUMMY TRUCK STOP #1521,"I-85, EXIT 58",Corinth,NY,376,4.204
2522,DUMMY TRUCK STOP #1522,"I-90, EXIT 328",Cope,SC,121,2.949
2523,DUMMY TRUCK STOP #1523,"I-44, EXIT 338",Totah Vista,NM,245,3.561
2524,DUMMY TRUCK STOP #1524,"I-70, EXIT 255",Fair Plain,MI,131,3.848
2525,DUMMY TRUCK STOP #1525,"I-80, EXIT 185",New Hamburg,MO,311,3.210
2526,DUMMY TRUCK STOP #1526,"I-15, EXIT 100",Phelps,KY,486,3.746
2527,DUMMY TRUCK STOP #1527,"I-94, EXIT 231",Sigurd,UT,639,3.299
2528,DUMMY TRUCK STOP #1528,"I-35, EXIT 136",Channahon,IL,795,3.443
2529,DUMMY TRUCK STOP #1529,"I-95, EXIT 214",Williams,OR,382,4.106
2530,DUMMY TRUCK STOP #1530,"I-64, EXIT 98",Kennard,IN,142,3.881
2531,DUMMY TRUCK STOP #1531,"I-20, EXIT 222",Pike,NY,565,3.904
2532,DUMMY TRUCK STOP #1532,"I-95, EXIT 178",Mackinaw City,MI,395,3.566
2533,DUMMY TRUCK STOP #1533,"I-25, EXIT 239",Elkhart,IN,797,3.768
2534,DUMMY TRUCK STOP #1534,"I-25, EXIT 268",Thunderbird Bay,TX,396,3.165
2535,DUMMY TRUCK STOP #1535,"I-64, EXIT 250",Bijou Hills,SD,395,3.211
2536,DUMMY TRUCK STOP #1536,"I-15, EXIT 151",Myrtle,MN,115,3.313
2537,DUMMY TRUCK STOP #1537,"I-95, EXIT 64",Marmaduke,AR,154,3.129
2538,DUMMY TRUCK STOP #1538,"I-85, EXIT 157",LaFayette,KY,105,3.486
2539,DUMMY TRUCK STOP #1539,"I-5, EXIT 26",St. Clairsville,PA,357,3.810
2540,DUMMY TRUCK STOP #1540,"I-25, EXIT 180",Spencer,WI,390,3.562
2541,DUMMY TRUCK STOP #1541,"I-94, EXIT 80",Carrolltown,PA,188,4.097
2542,DUMMY TRUCK STOP #1542,"I-55, EXIT 74",St. John,WA,850,4.243
2543,DUMMY TRUCK STOP #1543,"I-15, EXIT 149",Burlington,TX,324,3.228
2544,DUMMY TRUCK STOP #1544,"I-10, EXIT 243",Kinde,MI,463,3.926
2545,DUMMY TRUCK STOP #1545,"I-75, EXIT 217",Ontonagon,MI,508,3.702
2546,DUMMY TRUCK STOP #1546,"I-20, EXIT 134",Chickasha,OK,409,3.421
2547,DUMMY TRUCK STOP #1547,"I-80, EXIT 348",Counce,TN,430,3.209
2548,DUMMY TRUCK STOP #1548,"I-95, EXIT 72",Fayetteville,TX,799,3.086
2549,DUMMY TRUCK STOP #1549,"I-80, EXIT 284",Sherrodsville,OH,304,3.715
2550,DUMMY TRUCK STOP #1550,"I-64, EXIT 157",Westgate,FL,187,3.364
2551,DUMMY TRUCK STOP #1551,"I-81, EXIT 280",Plattsmouth,NE,287,3.229
2552,DUMMY TRUCK STOP #1552,"I-75, EXIT 224",De Valls Bluff,AR,198,3.644
2553,DUMMY TRUCK STOP #1553,"I-65, EXIT 258",Albany,WI,801,3.575
2554,DUMMY TRUCK STOP #1554,"I-70, EXIT 240",McDermitt,NV,462,4.199
2555,DUMMY TRUCK STOP #1555,"I-80, EXIT 237",Dundarrach,NC,128,3.281
2556,DUMMY TRUCK STOP #1556,"I-94, EXIT 14",Glenmora,LA,885,3.333
2557,DUMMY TRUCK STOP #1557,"I-64, EXIT 125",Snowville,UT,694,3.334
2558,DUMMY TRUCK STOP #1558,"I-90, EXIT 192",Woody,CA,230,4.894
2559,DUMMY TRUCK STOP #1559,"I-64, EXIT 28",Lunenburg,VT,873,3.320
2560,DUMMY TRUCK STOP #1560,"I-75, EXIT 65",Poynor,TX,512,2.884
2561,DUMMY TRUCK STOP #1561,"I-90, EXIT 236",Clifton Hill,MO,155,3.103
2562,DUMMY TRUCK STOP #1562,"I-15, EXIT 29",Willow Creek,CA,376,4.574
2563,DUMMY TRUCK STOP #1563,"I-65, EXIT 305",Sussex,NJ,199,3.975
2564,DUMMY TRUCK STOP #1564,"I-64, EXIT 290",North Bonneville,WA,593,4.221
2565,DUMMY TRUCK STOP #1565,"I-20, EXIT 300",Ozark,MO,790,3.069
2566,DUMMY TRUCK STOP #1566,"I-90, EXIT 28",Smoke Rise,AL,818,2.965
2567,DUMMY TRUCK STOP #1567,"I-85, EXIT 70",Indian Lake,PA,328,4.078
2568,DUMMY TRUCK STOP #1568,"I-25, EXIT 155",Palm Valley,FL,743,3.596
2569,DUMMY TRUCK STOP #1569,"I-5, EXIT 249",Miltona,MN,738,3.298
2570,DUMMY TRUCK STOP #1570,"I-40, EXIT 59",Vineyard,UT,168,4.102
2571,DUMMY TRUCK STOP #1571,"I-20, EXIT 267",Trinway,OH,199,3.945
2572,DUMMY TRUCK STOP #1572,"I-44, EXIT 105",Arabi,GA,206,3.350
2573,DUMMY TRUCK STOP #1573,"I-81, EXIT 201",Lake Wildwood,CA,156,4.414
2574,DUMMY TRUCK STOP #1574,"I-20, EXIT 154",Clyde Park,MT,514,3.656
2575,DUMMY TRUCK STOP #1575,"I-44, EXIT 280",Lake Madison,SD,366,3.286
2576,DUMMY TRUCK STOP #1576,"I-81, EXIT 337",Emerson,IA,731,3.362
2577,DUMMY TRUCK STOP #1577,"I-5, EXIT 95",Ringgold,LA,245,3.322
2578,DUMMY TRUCK STOP #1578,"I-44, EXIT 88",Bettsville,OH,623,3.771
2579,DUMMY TRUCK STOP #1579,"I-85, EXIT 246",Nesika Beach,OR,396,4.188
2580,DUMMY TRUCK STOP #1580,"I-64, EXIT 342",Clarissa,MN,202,3.274
2581,DUMMY TRUCK STOP #1581,"I-55, EXIT 201",Riverside,OH,495,3.903
2582,DUMMY TRUCK STOP #1582,"I-20, EXIT 238",Mono Vista,CA,526,4.697
2583,DUMMY TRUCK STOP #1583,"I-64, EXIT 235",Seven Oaks,TX,223,3.190
2584,DUMMY TRUCK STOP #1584,"I-95, EXIT 200",Bunkie,LA,111,3.156
2585,DUMMY TRUCK STOP #1585,"I-81, EXIT 22",Shoreacres,TX,463,3.109
2586,DUMMY TRUCK STOP #1586,"I-25, EXIT 240",Milburn,OK,840,3.127
2587,DUMMY TRUCK STOP #1587,"I-35, EXIT 184",Westlake,TX,612,3.126
2588,DUMMY TRUCK STOP #1588,"I-90, EXIT 108",Gallina,NM,457,3.456
2589,DUMMY TRUCK STOP #1589,"I-90, EXIT 33",Holt,MI,278,3.880
2590,DUMMY TRUCK STOP #1590,"I-25, EXIT 181",Hazard,KY,771,3.324
2591,DUMMY TRUCK STOP #1591,"I-25, EXIT 143",Chippewa Lake,OH,880,3.668
2592,DUMMY TRUCK STOP #1592,"I-64, EXIT 202",Gray,PA,169,3.889
2593,DUMMY TRUCK STOP #1593,"I-75, EXIT 242",Kincora,VA,720,3.774
2594,DUMMY TRUCK STOP #1594,"I-35, EXIT 295",Kingston,RI,825,3.470
2595,DUMMY TRUCK STOP #1595,"I-90, EXIT 133",Exeter,NE,232,3.629
2596,DUMMY TRUCK STOP #1596,"I-65, EXIT 302",Cambridge,VT,694,3.463
2597,DUMMY TRUCK STOP #1597,"I-75, EXIT 35",San Antonito,NM,146,3.306
2598,DUMMY TRUCK STOP #1598,"I-5, EXIT 82",Cincinnati,AR,337,3.454
2599,DUMMY TRUCK STOP #1599,"I-85, EXIT 166",Prairie Rose,ND,878,3.570
2600,DUMMY TRUCK STOP #1600,"I-44, EXIT 122",Glendale,CA,207,4.799
2601,DUMMY TRUCK STOP #1601,"I-75, EXIT 216",Fowler,IN,165,3.840
2602,DUMMY TRUCK STOP #1602,"I-10, EXIT 314",Finneytown,OH,356,3.634
2603,DUMMY TRUCK STOP #1603,"I-15, EXIT 227",Woodall,OK,881,3.412
2604,DUMMY TRUCK STOP #1604,"I-70, EXIT 311",Agra,KS,746,3.480
2605,DUMMY TRUCK STOP #1605,"I-65, EXIT 56",McConnell,WV,815,3.820
2606,DUMMY TRUCK STOP #1606,"I-81, EXIT 194",Sheppton,PA,236,3.706
2607,DUMMY TRUCK STOP #1607,"I-40, EXIT 101",San Joaquin,CA,358,4.985
2608,DUMMY TRUCK STOP #1608,"I-85, EXIT 225",Yazoo City,MS,795,3.184
2609,DUMMY TRUCK STOP #1609,"I-35, EXIT 223",Wautec,CA,641,4.723
2610,DUMMY TRUCK STOP #1610,"I-40, EXIT 45",Arkwright,SC,696,3.418
2611,DUMMY TRUCK STOP #1611,"I-20, EXIT 105",Grover Hill,OH,134,4.151
2612,DUMMY TRUCK STOP #1612,"I-25, EXIT 3",Browndale,PA,468,4.119
2613,DUMMY TRUCK STOP #1613,"I-15, EXIT 175",Chester,VT,289,3.636
2614,DUMMY TRUCK STOP #1614,"I-90, EXIT 255",Yolo,CA,294,4.519
2615,DUMMY TRUCK STOP #1615,"I-85, EXIT 257",Fairfax,MO,460,3.316
2616,DUMMY TRUCK STOP #1616,"I-70, EXIT 317",Montrose,GA,672,3.147
2617,DUMMY TRUCK STOP #1617,"I-81, EXIT 219",Prineville Lake Acres,OR,740,4.396
2618,DUMMY TRUCK STOP #1618,"I-75, EXIT 37",Lowell,KS,682,2.992
2619,DUMMY TRUCK STOP #1619,"I-64, EXIT 52",Elbe,WA,220,4.727
2620,DUMMY TRUCK STOP #1620,"I-85, EXIT 119",Snowflake,AZ,152,3.998
2621,DUMMY TRUCK STOP #1621,"I-44, EXIT 149",Parkin,AR,357,3.120
2622,DUMMY TRUCK STOP #1622,"I-75, EXIT 184",Spring Mill,KY,169,3.354
2623,DUMMY TRUCK STOP #1623,"I-64, EXIT 39",Huron,TN,647,3.373
2624,DUMMY TRUCK STOP #1624,"I-95, EXIT 124",Bowles,CA,630,4.674
2625,DUMMY TRUCK STOP #1625,"I-75, EXIT 317",Enterprise,KS,158,3.443
2626,DUMMY TRUCK STOP #1626,"I-94, EXIT 57",Pinesburg,MD,696,3.512
2627,DUMMY TRUCK STOP #1627,"I-55, EXIT 335",Coloma,MI,130,3.305
2628,DUMMY TRUCK STOP #1628,"I-10, EXIT 174",Rena Lara,MS,531,3.273
2629,DUMMY TRUCK STOP #1629,"I-10, EXIT 72",Pompano Beach,FL,309,3.489
2630,DUMMY TRUCK STOP #1630,"I-94, EXIT 169",Munster,IN,875,3.912
2631,DUMMY TRUCK STOP #1631,"I-44, EXIT 253",Chical,NM,174,3.259
2632,DUMMY TRUCK STOP #1632,"I-95, EXIT 313",Ogilvie,MN,819,3.184
2633,DUMMY TRUCK STOP #1633,"I-70, EXIT 37",Thomas,WV,526,3.766
2634,DUMMY TRUCK STOP #1634,"I-15, EXIT 283",Thackerville,OK,590,2.869
2635,DUMMY TRUCK STOP #1635,"I-10, EXIT 54",Cross Plains,TN,136,3.435
2636,DUMMY TRUCK STOP #1636,"I-85, EXIT 260",Roberts,ID,330,3.653
2637,DUMMY TRUCK STOP #1637,"I-64, EXIT 117",Sandy Springs,GA,121,3.238
2638,DUMMY TRUCK STOP #1638,"I-10, EXIT 14",Buhl,ID,892,3.545
2639,DUMMY TRUCK STOP #1639,"I-75, EXIT 350",Maywood,CA,800,4.774
2640,DUMMY TRUCK STOP #1640,"I-5, EXIT 283",Buchanan,ND,593,3.383
2641,DUMMY TRUCK STOP #1641,"I-25, EXIT 221",Vernal,UT,818,3.890
2642,DUMMY TRUCK STOP #1642,"I-80, EXIT 282",Krakow,WI,241,3.549
2643,DUMMY TRUCK STOP #1643,"I-70, EXIT 181",Warwick,ND,298,3.567
2644,DUMMY TRUCK STOP #1644,"I-65, EXIT 224",Wapanucka,OK,159,3.210
2645,DUMMY TRUCK STOP #1645,"I-5, EXIT 117",Liberty Mills,IN,522,3.756
2646,DUMMY TRUCK STOP #1646,"I-94, EXIT 291",Stockham,NE,146,3.429
2647,DUMMY TRUCK STOP #1647,"I-44, EXIT 30",White Plains,NY,178,4.181
2648,DUMMY TRUCK STOP #1648,"I-10, EXIT 65",Opa-locka,FL,549,3.498
2649,DUMMY TRUCK STOP #1649,"I-70, EXIT 309",Daleville,IN,770,3.773
2650,DUMMY TRUCK STOP #1650,"I-44, EXIT 150",Salem,MO,232,3.249
2651,DUMMY TRUCK STOP #1651,"I-20, EXIT 337",Laura,OH,178,3.539
2652,DUMMY TRUCK STOP #1652,"I-15, EXIT 129",Wanatah,IN,656,3.623
2653,DUMMY TRUCK STOP #1653,"I-70, EXIT 113",Rich Hill,MO,554,3.277
2654,DUMMY TRUCK STOP #1654,"I-64, EXIT 188",Windsor,IN,898,4.021
2655,DUMMY TRUCK STOP #1655,"I-44, EXIT 270",Etta,OK,373,2.806
2656,DUMMY TRUCK STOP #1656,"I-65, EXIT 278",Level Plains,AL,615,3.185
2657,DUMMY TRUCK STOP #1657,"I-80, EXIT 319",Lomira,WI,597,3.582
2658,DUMMY TRUCK STOP #1658,"I-55, EXIT 41",Yuma,TN,308,3.401
2659,DUMMY TRUCK STOP #1659,"I-90, EXIT 119",Watson,MO,412,3.494
2660,DUMMY TRUCK STOP #1660,"I-94, EXIT 108",Chelan,WA,225,4.269
2661,DUMMY TRUCK STOP #1661,"I-25, EXIT 19",Alton,KS,340,3.020
2662,DUMMY TRUCK STOP #1662,"I-81, EXIT 333",Poteau,OK,882,3.388
2663,DUMMY TRUCK STOP #1663,"I-85, EXIT 18",Bardonia,NY,376,4.065
2664,DUMMY TRUCK STOP #1664,"I-55, EXIT 302",Comer,GA,493,3.375
2665,DUMMY TRUCK STOP #1665,"I-10, EXIT 143",Lagunitas-Forest Knolls,CA,724,4.605
2666,DUMMY TRUCK STOP #1666,"I-75, EXIT 254",Deerfield,MO,119,3.643
2667,DUMMY TRUCK STOP #1667,"I-10, EXIT 115",South Paris,ME,310,3.715
2668,DUMMY TRUCK STOP #1668,"I-75, EXIT 95",Candor,NC,775,3.315
2669,DUMMY TRUCK STOP #1669,"I-64, EXIT 17",Little River,KS,654,3.196
2670,DUMMY TRUCK STOP #1670,"I-70, EXIT 14",Lore City,OH,723,3.725
2671,DUMMY TRUCK STOP #1671,"I-55, EXIT 303",Dundee,MS,321,3.205
2672,DUMMY TRUCK STOP #1672,"I-5, EXIT 175",Jeffers Gardens,OR,843,4.037
2673,DUMMY TRUCK STOP #1673,"I-80, EXIT 30",Schnellville,IN,211,3.842
2674,DUMMY TRUCK STOP #1674,"I-94, EXIT 199",Overland,MO,838,3.031
2675,DUMMY TRUCK STOP #1675,"I-94, EXIT 238",Primera,TX,534,3.285
2676,DUMMY TRUCK STOP #1676,"I-95, EXIT 291",Niotaze,KS,887,3.189
2677,DUMMY TRUCK STOP #1677,"I-75, EXIT 240",Herscher,IL,863,3.694
2678,DUMMY TRUCK STOP #1678,"I-44, EXIT 68",Morley,MI,115,3.687
2679,DUMMY TRUCK STOP #1679,"I-55, EXIT 44",South Point,TX,355,3.098
2680,DUMMY TRUCK STOP #1680,"I-94, EXIT 152",Barada,NE,445,3.618
2681,DUMMY TRUCK STOP #1681,"I-55, EXIT 186",Grand Junction,CO,375,3.504
2682,DUMMY TRUCK STOP #1682,"I-55, EXIT 335",Heltonville,IN,890,3.728
2683,DUMMY TRUCK STOP #1683,"I-95, EXIT 339",K. I. Sawyer,MI,428,3.628
2684,DUMMY TRUCK STOP #1684,"I-55, EXIT 92",Pine Valley,NY,554,4.092
2685,DUMMY TRUCK STOP #1685,"I-81, EXIT 19",Preston,MD,467,3.411
2686,DUMMY TRUCK STOP #1686,"I-85, EXIT 327",Russell Gardens,NY,669,4.195
2687,DUMMY TRUCK STOP #1687,"I-15, EXIT 142",Hays,KS,724,3.263
2688,DUMMY TRUCK STOP #1688,"I-94, EXIT 161",Arnold,PA,165,4.111
2689,DUMMY TRUCK STOP #1689,"I-55, EXIT 133",Greenwich,KS,606,3.121
2690,DUMMY TRUCK STOP #1690,"I-25, EXIT 117",Elfrida,AZ,745,3.901
2691,DUMMY TRUCK STOP #1691,"I-10, EXIT 120",LaCoste,TX,217,3.316
2692,DUMMY TRUCK STOP #1692,"I-10, EXIT 95",Wintersville,OH,800,4.024
2693,DUMMY TRUCK STOP #1693,"I-65, EXIT 22",Okauchee Lake,WI,666,3.256
2694,DUMMY TRUCK STOP #1694,"I-44, EXIT 32",Millersburg,IA,831,3.342
2695,DUMMY TRUCK STOP #1695,"I-5, EXIT 348",Hollins,AL,461,3.789
2696,DUMMY TRUCK STOP #1696,"I-94, EXIT 23",Prescott,WA,714,4.425
2697,DUMMY TRUCK STOP #1697,"I-90, EXIT 228",Heber,UT,215,3.608
2698,DUMMY TRUCK STOP #1698,"I-90, EXIT 40",Bethany,OR,342,4.286
2699,DUMMY TRUCK STOP #1699,"I-80, EXIT 37",Dudley,SD,757,3.467
2700,DUMMY TRUCK STOP #1700,"I-80, EXIT 145",St. Clair,PA,246,4.274
2701,DUMMY TRUCK STOP #1701,"I-70, EXIT 172",Sulphur Springs,AR,517,3.493
2702,DUMMY TRUCK STOP #1702,"I-70, EXIT 241",Walnut Creek,NC,401,3.488
2703,DUMMY TRUCK STOP #1703,"I-10, EXIT 149",Sand Hill,PA,253,3.973
2704,DUMMY TRUCK STOP #1704,"I-95, EXIT 14",Saronville,NE,208,3.276
2705,DUMMY TRUCK STOP #1705,"I-90, EXIT 261",Leon Valley,TX,695,2.897
2706,DUMMY TRUCK STOP #1706,"I-70, EXIT 111",Ferndale,WA,487,4.243
2707,DUMMY TRUCK STOP #1707,"I-25, EXIT 196",Dixie,WA,880,4.473
2708,DUMMY TRUCK STOP #1708,"I-15, EXIT 40",West Point,IA,329,3.309
2709,DUMMY TRUCK STOP #1709,"I-94, EXIT 215",Bonesteel,SD,651,2.822
2710,DUMMY TRUCK STOP #1710,"I-20, EXIT 271",Mount Juliet,TN,152,3.048
2711,DUMMY TRUCK STOP #1711,"I-90, EXIT 226",Taylor,WI,424,3.243
2712,DUMMY TRUCK STOP #1712,"I-55, EXIT 100",Westport,NC,689,3.285
2713,DUMMY TRUCK STOP #1713,"I-44, EXIT 186",Sharon,TN,336,3.264
2714,DUMMY TRUCK STOP #1714,"I-81, EXIT 162",Forest Heights,MD,866,3.730
2715,DUMMY TRUCK STOP #1715,"I-81, EXIT 210",Sleepy Hollow,IL,470,4.073
2716,DUMMY TRUCK STOP #1716,"I-15, EXIT 181",Kenton,OH,673,3.652
2717,DUMMY TRUCK STOP #1717,"I-85, EXIT 310",Cooksville,IL,335,3.401
2718,DUMMY TRUCK STOP #1718,"I-81, EXIT 215",Amherst,OH,335,3.686
2719,DUMMY TRUCK STOP #1719,"I-25, EXIT 276",Shepardsville,IN,350,3.444
2720,DUMMY TRUCK STOP #1720,"I-80, EXIT 346",Pryor Creek,OK,698,3.008
2721,DUMMY TRUCK STOP #1721,"I-64, EXIT 175",West Grove,PA,421,3.926
2722,DUMMY TRUCK STOP #1722,"I-20, EXIT 42",Highspire,PA,518,3.838
2723,DUMMY TRUCK STOP #1723,"I-95, EXIT 254",Lesslie,SC,747,2.847
2724,DUMMY TRUCK STOP #1724,"I-40, EXIT 93",Agra,OK,564,3.395
2725,DUMMY TRUCK STOP #1725,"I-55, EXIT 284",Stratford,OK,828,3.241
2726,DUMMY TRUCK STOP #1726,"I-85, EXIT 52",Moraida,TX,229,3.159
2727,DUMMY TRUCK STOP #1727,"I-5, EXIT 86",Kendall West,FL,174,3.733
2728,DUMMY TRUCK STOP #1728,"I-25, EXIT 264",Cridersville,OH,642,3.451
2729,DUMMY TRUCK STOP #1729,"I-70, EXIT 66",Vallejo,CA,511,5.090
2730,DUMMY TRUCK STOP #1730,"I-94, EXIT 124",Edmonds,WA,829,4.259
2731,DUMMY TRUCK STOP #1731,"I-65, EXIT 303",Boulder Flats,WY,723,3.406
2732,DUMMY TRUCK STOP #1732,"I-20, EXIT 24",Old Fort,OH,175,3.857
2733,DUMMY TRUCK STOP #1733,"I-81, EXIT 210",Gravette,AR,745,3.238
2734,DUMMY TRUCK STOP #1734,"I-81, EXIT 224",White City,KS,396,3.082
2735,DUMMY TRUCK STOP #1735,"I-35, EXIT 302",Wetonka,SD,621,3.413
2736,DUMMY TRUCK STOP #1736,"I-15, EXIT 78",Cool Valley,MO,107,2.921
2737,DUMMY TRUCK STOP #1737,"I-81, EXIT 195",Barling,AR,428,3.106
2738,DUMMY TRUCK STOP #1738,"I-81, EXIT 91",Tribes Hill,NY,620,4.054
2739,DUMMY TRUCK STOP #1739,"I-20, EXIT 119",Gloucester,MA,404,3.575
2740,DUMMY TRUCK STOP #1740,"I-85, EXIT 175",Montrose,PA,149,3.906
2741,DUMMY TRUCK STOP #1741,"I-95, EXIT 261",Fanning Springs,FL,536,3.147
2742,DUMMY TRUCK STOP #1742,"I-64, EXIT 166",San Diego Country Estates,CA,493,4.599
2743,DUMMY TRUCK STOP #1743,"I-25, EXIT 22",Greeley County unified government,KS,852,3.203
2744,DUMMY TRUCK STOP #1744,"I-40, EXIT 221",Yelvington,KY,631,3.553
2745,DUMMY TRUCK STOP #1745,"I-65, EXIT 51",Ski Gap,PA,455,3.985
2746,DUMMY TRUCK STOP #1746,"I-64, EXIT 85",St. Joseph,MN,221,3.865
2747,DUMMY TRUCK STOP #1747,"I-44, EXIT 87",Crouch,ID,395,3.651
2748,DUMMY TRUCK STOP #1748,"I-55, EXIT 311",Iroquois,IL,871,4.002
2749,DUMMY TRUCK STOP #1749,"I-55, EXIT 73",Fort Lauderdale,FL,198,3.603
2750,DUMMY TRUCK STOP #1750,"I-40, EXIT 283",Smithwick,SD,620,3.481
2751,DUMMY TRUCK STOP #1751,"I-10, EXIT 277",Appleton,WI,650,3.451
2752,DUMMY TRUCK STOP #1752,"I-40, EXIT 4",Waterbury,VT,600,3.558
2753,DUMMY TRUCK STOP #1753,"I-40, EXIT 145",Lunenburg,MA,684,3.620
2754,DUMMY TRUCK STOP #1754,"I-80, EXIT 228",Cedar Crest,NM,633,3.414
2755,DUMMY TRUCK STOP #1755,"I-20, EXIT 62",Humboldt River Ranch,NV,555,4.189
2756,DUMMY TRUCK STOP #1756,"I-80, EXIT 253",Lucas,IA,369,3.491
2757,DUMMY TRUCK STOP #1757,"I-55, EXIT 343",Laguna Seca,TX,219,3.233
2758,DUMMY TRUCK STOP #1758,"I-70, EXIT 41",Lilburn,GA,862,3.401
2759,DUMMY TRUCK STOP #1759,"I-65, EXIT 81",Aredale,IA,619,3.428
2760,DUMMY TRUCK STOP #1760,"I-65, EXIT 142",Hardin,TX,564,2.870
2761,DUMMY TRUCK STOP #1761,"I-15, EXIT 162",Wolf Creek,MT,139,3.453
2762,DUMMY TRUCK STOP #1762,"I-80, EXIT 52",Hartford,WI,822,3.292
2763,DUMMY TRUCK STOP #1763,"I-94, EXIT 339",Green,KS,741,3.293
2764,DUMMY TRUCK STOP #1764,"I-10, EXIT 325",Sheatown,PA,742,3.899
2765,DUMMY TRUCK STOP #1765,"I-75, EXIT 113",Tabiona,UT,789,3.698
2766,DUMMY TRUCK STOP #1766,"I-40, EXIT 136",Rodessa,LA,581,3.255
2767,DUMMY TRUCK STOP #1767,"I-85, EXIT 145",Whitlock,TN,234,3.492
2768,DUMMY TRUCK STOP #1768,"I-40, EXIT 326",Wheat Ridge,CO,190,3.819
2769,DUMMY TRUCK STOP #1769,"I-40, EXIT 2",Bonner-West Riverside,MT,544,3.938
2770,DUMMY TRUCK STOP #1770,"I-15, EXIT 252",Las Flores,CA,671,4.642
2771,DUMMY TRUCK STOP #1771,"I-10, EXIT 215",Midway,FL,804,3.283
2772,DUMMY TRUCK STOP #1772,"I-55, EXIT 315",Wallenpaupack Lake Estates,PA,489,3.868
2773,DUMMY TRUCK STOP #1773,"I-70, EXIT 248",Woodhull,IL,643,3.710
2774,DUMMY TRUCK STOP #1774,"I-35, EXIT 154",Gypsy,WV,337,3.503
2775,DUMMY TRUCK STOP #1775,"I-85, EXIT 323",Old Green,OK,501,3.339
2776,DUMMY TRUCK STOP #1776,"I-70, EXIT 279",King of Prussia,PA,592,3.861
2777,DUMMY TRUCK STOP #1777,"I-64, EXIT 215",Milfay,OK,557,3.114
2778,DUMMY TRUCK STOP #1778,"I-65, EXIT 127",Clara City,MN,778,3.621
2779,DUMMY TRUCK STOP #1779,"I-65, EXIT 339",Quemado,TX,216,3.050
2780,DUMMY TRUCK STOP #1780,"I-70, EXIT 204",Wynnburg,TN,821,3.351
2781,DUMMY TRUCK STOP #1781,"I-85, EXIT 308",Gilbertsville,NY,521,4.408
2782,DUMMY TRUCK STOP #1782,"I-44, EXIT 15",Littleton Common,MA,397,3.868
2783,DUMMY TRUCK STOP #1783,"I-80, EXIT 32",San Geronimo,CA,675,4.736
2784,DUMMY TRUCK STOP #1784,"I-65, EXIT 134",Braden,TN,791,3.424
2785,DUMMY TRUCK STOP #1785,"I-81, EXIT 218",Beardsley,MN,508,3.426
2786,DUMMY TRUCK STOP #1786,"I-55, EXIT 28",Reece City,AL,374,3.463
2787,DUMMY TRUCK STOP #1787,"I-10, EXIT 158",East Amana,IA,558,3.224
2788,DUMMY TRUCK STOP #1788,"I-80, EXIT 114",Loving,NM,686,3.462
2789,DUMMY TRUCK STOP #1789,"I-20, EXIT 315",Middletown,DE,725,3.758
2790,DUMMY TRUCK STOP #1790,"I-65, EXIT 67",Mountain View,MO,719,3.043
2791,DUMMY TRUCK STOP #1791,"I-5, EXIT 195",Smith Mills,MA,192,3.173
2792,DUMMY TRUCK STOP #1792,"I-65, EXIT 181",Lone Grove,OK,885,3.041
2793,DUMMY TRUCK STOP #1793,"I-10, EXIT 266",Springdale,PA,315,4.057
2794,DUMMY TRUCK STOP #1794,"I-70, EXIT 275",Lenapah,OK,303,3.085
2795,DUMMY TRUCK STOP #1795,"I-75, EXIT 118",Corydon,IA,397,3.692
2796,DUMMY TRUCK STOP #1796,"I-35, EXIT 192",Anderson Creek,NC,439,3.418
2797,DUMMY TRUCK STOP #1797,"I-44, EXIT 7",Kalamazoo,MI,136,3.505
2798,DUMMY TRUCK STOP #1798,"I-5, EXIT 270",Garden Ridge,TX,204,3.268
2799,DUMMY TRUCK STOP #1799,"I-10, EXIT 81",Lisbon,OH,389,3.381
2800,DUMMY TRUCK STOP #1800,"I-64, EXIT 13",Baraga,MI,335,3.697
2801,DUMMY TRUCK STOP #1801,"I-10, EXIT 140",Laird,CO,867,3.364
2802,DUMMY TRUCK STOP #1802,"I-20, EXIT 194",Mulberry,OK,771,2.948
2803,DUMMY TRUCK STOP #1803,"I-55, EXIT 44",English,IN,178,3.480
2804,DUMMY TRUCK STOP #1804,"I-15, EXIT 259",Fort Belknap Agency,MT,839,3.794
2805,DUMMY TRUCK STOP #1805,"I-5, EXIT 8",Maricopa Colony,AZ,860,3.766
2806,DUMMY TRUCK STOP #1806,"I-94, EXIT 310",Voltaire,ND,255,3.220
2807,DUMMY TRUCK STOP #1807,"I-75, EXIT 100",Fincastle,VA,720,3.748
2808,DUMMY TRUCK STOP #1808,"I-64, EXIT 166",Jamesport,NY,535,4.285
2809,DUMMY TRUCK STOP #1809,"I-55, EXIT 235",Bienville,LA,307,3.211
2810,DUMMY TRUCK STOP #1810,"I-20, EXIT 136",Christine,ND,771,3.497
2811,DUMMY TRUCK STOP #1811,"I-80, EXIT 48",Thomson,IL,327,3.645
2812,DUMMY TRUCK STOP #1812,"I-80, EXIT 288",Phillipsburg,OH,385,3.619
2813,DUMMY TRUCK STOP #1813,"I-94, EXIT 260",Discovery Bay,CA,350,4.359
2814,DUMMY TRUCK STOP #1814,"I-75, EXIT 9",Homeworth,OH,608,3.741
2815,DUMMY TRUCK STOP #1815,"I-94, EXIT 56",Grays Prairie,TX,563,3.088
2816,DUMMY TRUCK STOP #1816,"I-44, EXIT 296",Uplands Park,MO,125,2.762
2817,DUMMY TRUCK STOP #1817,"I-70, EXIT 245",Bellefonte,PA,676,3.945
2818,DUMMY TRUCK STOP #1818,"I-20, EXIT 330",Norton,KS,418,3.329
2819,DUMMY TRUCK STOP #1819,"I-15, EXIT 49",Rendville,OH,674,3.538
2820,DUMMY TRUCK STOP #1820,"I-35, EXIT 107",Lutsen,MN,601,3.785
2821,DUMMY TRUCK STOP #1821,"I-75, EXIT 316",Cornwall Bridge,CT,584,4.037
2822,DUMMY TRUCK STOP #1822,"I-90, EXIT 291",Marco Island,FL,878,3.458
2823,DUMMY TRUCK STOP #1823,"I-55, EXIT 211",Oakland,AR,418,3.284
2824,DUMMY TRUCK STOP #1824,"I-65, EXIT 78",Dora,AR,137,3.556
2825,DUMMY TRUCK STOP #1825,"I-80, EXIT 3",Protection,KS,374,3.149
2826,DUMMY TRUCK STOP #1826,"I-40, EXIT 288",Martinsburg,NE,600,3.559
2827,DUMMY TRUCK STOP #1827,"I-44, EXIT 165",Canaan,CT,572,3.950
2828,DUMMY TRUCK STOP #1828,"I-85, EXIT 264",Valle Vista,CA,668,4.706
2829,DUMMY TRUCK STOP #1829,"I-15, EXIT 54",Fowlerton,IN,535,4.106
2830,DUMMY TRUCK STOP #1830,"I-15, EXIT 193",Keller,VA,230,3.112
2831,DUMMY TRUCK STOP #1831,"I-20, EXIT 86",Mogollon,NM,302,3.455
2832,DUMMY TRUCK STOP #1832,"I-81, EXIT 59",Indian Lake Estates,FL,139,3.393
2833,DUMMY TRUCK STOP #1833,"I-90, EXIT 250",Rothbury,MI,243,3.858
2834,DUMMY TRUCK STOP #1834,"I-94, EXIT 215",Metz,MO,508,3.061
2835,DUMMY TRUCK STOP #1835,"I-64, EXIT 347",Armada,MI,377,3.790
2836,DUMMY TRUCK STOP #1836,"I-90, EXIT 166",Indiahoma,OK,729,3.155
2837,DUMMY TRUCK STOP #1837,"I-35, EXIT 73",Riverview Park,PA,397,4.228
2838,DUMMY TRUCK STOP #1838,"I-90, EXIT 105",Tualatin,OR,728,4.052
2839,DUMMY TRUCK STOP #1839,"I-55, EXIT 242",Redrock,NM,573,3.616
2840,DUMMY TRUCK STOP #1840,"I-40, EXIT 170",Walker,MN,864,3.448
2841,DUMMY TRUCK STOP #1841,"I-25, EXIT 85",Butner,NC,636,3.384
2842,DUMMY TRUCK STOP #1842,"I-85, EXIT 6",Reiffton,PA,425,3.704
2843,DUMMY TRUCK STOP #1843,"I-15, EXIT 3",LeRaysville,PA,419,3.961
2844,DUMMY TRUCK STOP #1844,"I-40, EXIT 103",Arnoldsville,GA,810,3.402
2845,DUMMY TRUCK STOP #1845,"I-20, EXIT 32",Gratton,VA,739,3.716
2846,DUMMY TRUCK STOP #1846,"I-81, EXIT 305",Cameron,WI,260,3.561
2847,DUMMY TRUCK STOP #1847,"I-44, EXIT 177",Tuscarawas,OH,743,3.934
2848,DUMMY TRUCK STOP #1848,"I-5, EXIT 99",West Modesto,CA,381,4.854
2849,DUMMY TRUCK STOP #1849,"I-80, EXIT 300",Log Cabin,TX,846,3.066
2850,DUMMY TRUCK STOP #1850,"I-64, EXIT 189",Halsey,NE,739,3.737
2851,DUMMY TRUCK STOP #1851,"I-94, EXIT 278",Medina,ND,756,3.545
2852,DUMMY TRUCK STOP #1852,"I-40, EXIT 40",Longville,MN,706,3.082
2853,DUMMY TRUCK STOP #1853,"I-55, EXIT 92",Rickardsville,IA,369,3.518
2854,DUMMY TRUCK STOP #1854,"I-95, EXIT 53",Altheimer,AR,229,3.488
2855,DUMMY TRUCK STOP #1855,"I-75, EXIT 170",Jasper,OR,689,4.270
2856,DUMMY TRUCK STOP #1856,"I-95, EXIT 310",Albion,MI,383,3.471
2857,DUMMY TRUCK STOP #1857,"I-85, EXIT 108",St. Elmo,IL,272,4.088
2858,DUMMY TRUCK STOP #1858,"I-5, EXIT 119",Eugene,MO,321,3.139
2859,DUMMY TRUCK STOP #1859,"I-25, EXIT 74",Frankford,MO,268,3.473
2860,DUMMY TRUCK STOP #1860,"I-85, EXIT 1",Greensburg,IN,431,3.926
2861,DUMMY TRUCK STOP #1861,"I-25, EXIT 262",Terrell,TX,550,3.571
2862,DUMMY TRUCK STOP #1862,"I-80, EXIT 341",Yarrowsburg,MD,583,3.824
2863,DUMMY TRUCK STOP #1863,"I-20, EXIT 124",Wheatland,CA,673,4.651
2864,DUMMY TRUCK STOP #1864,"I-75, EXIT 194",Beaver Marsh,OR,892,4.388
2865,DUMMY TRUCK STOP #1865,"I-64, EXIT 268",Norton Center,MA,424,3.446
2866,DUMMY TRUCK STOP #1866,"I-90, EXIT 41",White Sands,NM,719,3.585
2867,DUMMY TRUCK STOP #1867,"I-55, EXIT 74",Clinton,WA,547,4.696
2868,DUMMY TRUCK STOP #1868,"I-94, EXIT 227",New Springfield,OH,601,3.324
2869,DUMMY TRUCK STOP #1869,"I-20, EXIT 286",Pomfret,MD,545,3.554
2870,DUMMY TRUCK STOP #1870,"I-70, EXIT 92",College City,CA,125,4.621
2871,DUMMY TRUCK STOP #1871,"I-70, EXIT 218",Comfrey,MN,318,3.736
2872,DUMMY TRUCK STOP #1872,"I-94, EXIT 98",Newell,IA,491,3.086
2873,DUMMY TRUCK STOP #1873,"I-5, EXIT 101",Coleta,IL,552,3.505
2874,DUMMY TRUCK STOP #1874,"I-70, EXIT 270",Ardencroft,DE,299,3.898
2875,DUMMY TRUCK STOP #1875,"I-20, EXIT 189",Robstown,TX,359,3.305
2876,DUMMY TRUCK STOP #1876,"I-90, EXIT 7",Guerra,TX,721,3.155
2877,DUMMY TRUCK STOP #1877,"I-85, EXIT 204",Moundville,MO,144,3.163
2878,DUMMY TRUCK STOP #1878,"I-55, EXIT 141",Scotts Valley,CA,740,5.007
2879,DUMMY TRUCK STOP #1879,"I-5, EXIT 242",Capron,OK,722,3.370
2880,DUMMY TRUCK STOP #1880,"I-81, EXIT 252",Prince,WV,277,3.683
2881,DUMMY TRUCK STOP #1881,"I-94, EXIT 54",Milford,OH,139,3.338
2882,DUMMY TRUCK STOP #1882,"I-70, EXIT 15",McConnelsville,OH,727,3.761
2883,DUMMY TRUCK STOP #1883,"I-35, EXIT 68",McDonald,NC,184,3.532
2884,DUMMY TRUCK STOP #1884,"I-80, EXIT 62",Dewey-Humboldt,AZ,157,3.786
2885,DUMMY TRUCK STOP #1885,"I-65, EXIT 50",Rosholt,WI,657,3.184
2886,DUMMY TRUCK STOP #1886,"I-55, EXIT 100",Spring Lake Colony,SD,770,3.499
2887,DUMMY TRUCK STOP #1887,"I-65, EXIT 87",Jonesboro,LA,700,3.225
2888,DUMMY TRUCK STOP #1888,"I-70, EXIT 265",Montezuma,IN,114,3.728
2889,DUMMY TRUCK STOP #1889,"I-10, EXIT 34",Beacon Square,FL,297,3.670
2890,DUMMY TRUCK STOP #1890,"I-90, EXIT 76",Strandburg,SD,846,3.333
2891,DUMMY TRUCK STOP #1891,"I-10, EXIT 142",Malverne Park Oaks,NY,723,4.138
2892,DUMMY TRUCK STOP #1892,"I-40, EXIT 259",Lovington,IL,519,3.910
2893,DUMMY TRUCK STOP #1893,"I-5, EXIT 160",Amherst,WI,380,3.589
2894,DUMMY TRUCK STOP #1894,"I-94, EXIT 180",La Blanca,TX,220,3.414
2895,DUMMY TRUCK STOP #1895,"I-15, EXIT 290",Gloverville,SC,574,3.173
2896,DUMMY TRUCK STOP #1896,"I-15, EXIT 60",East Northport,NY,192,4.346
2897,DUMMY TRUCK STOP #1897,"I-65, EXIT 303",Melrose Park,IL,741,3.831
2898,DUMMY TRUCK STOP #1898,"I-5, EXIT 87",Blowing Rock,NC,110,3.520
2899,DUMMY TRUCK STOP #1899,"I-15, EXIT 127",Robinson,IL,415,3.835
2900,DUMMY TRUCK STOP #1900,"I-40, EXIT 68",Centerville,TX,417,3.321
2901,DUMMY TRUCK STOP #1901,"I-35, EXIT 143",Spangle,WA,243,4.716
2902,DUMMY TRUCK STOP #1902,"I-95, EXIT 162",Dunreith,IN,523,3.843
2903,DUMMY TRUCK STOP #1903,"I-40, EXIT 91",Seattle,WA,402,4.467
2904,DUMMY TRUCK STOP #1904,"I-55, EXIT 226",Wyboo,SC,370,3.415
2905,DUMMY TRUCK STOP #1905,"I-70, EXIT 179",Drummond,WI,890,3.591
2906,DUMMY TRUCK STOP #1906,"I-90, EXIT 231",White,SD,746,3.492
2907,DUMMY TRUCK STOP #1907,"I-95, EXIT 198",Burien,WA,259,4.408
2908,DUMMY TRUCK STOP #1908,"I-94, EXIT 292",Lake Royale,NC,315,3.348
2909,DUMMY TRUCK STOP #1909,"I-64, EXIT 107",Cherokee,AL,450,3.492
2910,DUMMY TRUCK STOP #1910,"I-90, EXIT 283",Oskaloosa,IA,860,3.342
2911,DUMMY TRUCK STOP #1911,"I-40, EXIT 133",Waelder,TX,323,3.172
2912,DUMMY TRUCK STOP #1912,"I-81, EXIT 134",Pensacola Station,FL,132,3.425
2913,DUMMY TRUCK STOP #1913,"I-35, EXIT 244",Day,FL,243,3.692
2914,DUMMY TRUCK STOP #1914,"I-81, EXIT 301",Inchelium,WA,430,4.348
2915,DUMMY TRUCK STOP #1915,"I-95, EXIT 18",Sheridan,IN,430,3.628
2916,DUMMY TRUCK STOP #1916,"I-20, EXIT 323",Miston,TN,467,3.426
2917,DUMMY TRUCK STOP #1917,"I-80, EXIT 244",Arbon Valley,ID,442,3.715
2918,DUMMY TRUCK STOP #1918,"I-65, EXIT 332",Moffat,CO,202,3.533
2919,DUMMY TRUCK STOP #1919,"I-35, EXIT 240",Bluejacket,OK,659,3.215
2920,DUMMY TRUCK STOP #1920,"I-35, EXIT 12",Lehi,UT,549,3.756
2921,DUMMY TRUCK STOP #1921,"I-95, EXIT 223",New Kingman-Butler,AZ,848,3.922
2922,DUMMY TRUCK STOP #1922,"I-75, EXIT 243",Flagler Estates,FL,349,3.315
2923,DUMMY TRUCK STOP #1923,"I-65, EXIT 248",Section,AL,794,3.297
2924,DUMMY TRUCK STOP #1924,"I-75, EXIT 154",Parsonsburg,MD,141,3.774
2925,DUMMY TRUCK STOP #1925,"I-90, EXIT 56",Vashon,WA,531,4.813
2926,DUMMY TRUCK STOP #1926,"I-80, EXIT 138",Wentworth,SD,691,3.333
2927,DUMMY TRUCK STOP #1927,"I-90, EXIT 86",Hudson,IN,407,3.715
2928,DUMMY TRUCK STOP #1928,"I-90, EXIT 102",Coinjock,NC,681,3.475
2929,DUMMY TRUCK STOP #1929,"I-65, EXIT 28",Shepherdsville,KY,192,3.451
2930,DUMMY TRUCK STOP #1930,"I-64, EXIT 73",Stockton,AL,454,3.205
2931,DUMMY TRUCK STOP #1931,"I-5, EXIT 338",Yonah,GA,251,3.245
2932,DUMMY TRUCK STOP #1932,"I-40, EXIT 89",Fairfield,IA,408,3.378
2933,DUMMY TRUCK STOP #1933,"I-40, EXIT 224",Alturas,CA,192,4.709
2934,DUMMY TRUCK STOP #1934,"I-44, EXIT 79",Bokeelia,FL,801,3.608
2935,DUMMY TRUCK STOP #1935,"I-5, EXIT 245",Rainsburg,PA,263,3.757
2936,DUMMY TRUCK STOP #1936,"I-70, EXIT 52",Abbeville,MS,582,3.094
2937,DUMMY TRUCK STOP #1937,"I-40, EXIT 242",Tenafly,NJ,784,3.679
2938,DUMMY TRUCK STOP #1938,"I-75, EXIT 238",Sterling,CO,823,3.495
2939,DUMMY TRUCK STOP #1939,"I-75, EXIT 66",Schoeneck,PA,425,4.068
2940,DUMMY TRUCK STOP #1940,"I-25, EXIT 205",Douglas Flat,CA,891,5.151
2941,DUMMY TRUCK STOP #1941,"I-80, EXIT 306",New Miami Colony,MT,503,3.532
2942,DUMMY TRUCK STOP #1942,"I-94, EXIT 37",Houston Lake,MO,455,3.330
2943,DUMMY TRUCK STOP #1943,"I-95, EXIT 14",Deadwood,SD,327,3.105
2944,DUMMY TRUCK STOP #1944,"I-35, EXIT 121",West Laurel,MD,477,3.622
2945,DUMMY TRUCK STOP #1945,"I-5, EXIT 313",Florence,NJ,713,3.712
2946,DUMMY TRUCK STOP #1946,"I-75, EXIT 40",Harmony,NC,761,3.612
2947,DUMMY TRUCK STOP #1947,"I-10, EXIT 109",Loghill Village,CO,409,3.576
2948,DUMMY TRUCK STOP #1948,"I-80, EXIT 48",Lithium,MO,447,3.410
2949,DUMMY TRUCK STOP #1949,"I-25, EXIT 146",Topaz Ranch Estates,NV,418,3.965
2950,DUMMY TRUCK STOP #1950,"I-75, EXIT 346",Tiskilwa,IL,592,3.875
2951,DUMMY TRUCK STOP #1951,"I-80, EXIT 92",McGregor,ND,267,3.943
2952,DUMMY TRUCK STOP #1952,"I-75, EXIT 350",Magnet Cove,AR,629,3.349
2953,DUMMY TRUCK STOP #1953,"I-15, EXIT 178",Linntown,PA,802,4.152
2954,DUMMY TRUCK STOP #1954,"I-20, EXIT 336",Mound City,SD,514,3.226
2955,DUMMY TRUCK STOP #1955,"I-65, EXIT 66",Mayfield,UT,688,3.609
2956,DUMMY TRUCK STOP #1956,"I-90, EXIT 197",Zanesfield,OH,802,3.673
2957,DUMMY TRUCK STOP #1957,"I-75, EXIT 217",Paramus,NJ,889,3.651
2958,DUMMY TRUCK STOP #1958,"I-10, EXIT 156",Navarre,KS,535,3.308
2959,DUMMY TRUCK STOP #1959,"I-81, EXIT 258",Pineville,MO,481,3.186
2960,DUMMY TRUCK STOP #1960,"I-85, EXIT 172",Mutual,OH,647,3.955
2961,DUMMY TRUCK STOP #1961,"I-35, EXIT 218",Village of Oak Creek (Big Park),AZ,644,3.936
2962,DUMMY TRUCK STOP #1962,"I-75, EXIT 346",Compton,CA,181,4.735
2963,DUMMY TRUCK STOP #1963,"I-95, EXIT 133",Scobey,MT,302,3.696
2964,DUMMY TRUCK STOP #1964,"I-90, EXIT 315",Rice Tracts,TX,845,3.282
2965,DUMMY TRUCK STOP #1965,"I-81, EXIT 145",Fish Lake,MN,140,3.634
2966,DUMMY TRUCK STOP #1966,"I-20, EXIT 251",Holly Springs,MS,571,3.062
2967,DUMMY TRUCK STOP #1967,"I-70, EXIT 130",Brooks,OR,535,3.947
2968,DUMMY TRUCK STOP #1968,"I-65, EXIT 346",Johnstown,CO,403,3.830
2969,DUMMY TRUCK STOP #1969,"I-55, EXIT 92",Howard City (Boelus),NE,400,3.354
2970,DUMMY TRUCK STOP #1970,"I-70, EXIT 214",East Vandergrift,PA,117,4.011
2971,DUMMY TRUCK STOP #1971,"I-10, EXIT 306",Excelsior Estates,MO,214,3.057
2972,DUMMY TRUCK STOP #1972,"I-70, EXIT 19",La Cañada Flintridge,CA,644,4.800
2973,DUMMY TRUCK STOP #1973,"I-15, EXIT 274",Battle Ground,WA,196,4.440
2974,DUMMY TRUCK STOP #1974,"I-25, EXIT 75",Moorpark,CA,748,4.614
2975,DUMMY TRUCK STOP #1975,"I-70, EXIT 235",Pleasant View,KY,805,3.070
2976,DUMMY TRUCK STOP #1976,"I-44, EXIT 269",Anamoose,ND,682,3.516
2977,DUMMY TRUCK STOP #1977,"I-70, EXIT 20",Sopchoppy,FL,250,3.431
2978,DUMMY TRUCK STOP #1978,"I-20, EXIT 196",Emerald Lake Hills,CA,624,4.769
2979,DUMMY TRUCK STOP #1979,"I-64, EXIT 217",Belle Glade,FL,510,3.572
2980,DUMMY TRUCK STOP #1980,"I-5, EXIT 95",Montezuma,IA,864,3.341
2981,DUMMY TRUCK STOP #1981,"I-15, EXIT 222",Bremen,OH,219,3.689
2982,DUMMY TRUCK STOP #1982,"I-40, EXIT 293",Grafton,OH,367,3.962
2983,DUMMY TRUCK STOP #1983,"I-94, EXIT 125",Balfour,NC,810,3.699
2984,DUMMY TRUCK STOP #1984,"I-10, EXIT 192",Brighton,NY,687,4.142
2985,DUMMY TRUCK STOP #1985,"I-80, EXIT 141",East Rochester,PA,864,3.750
2986,DUMMY TRUCK STOP #1986,"I-35, EXIT 142",Vanceburg,KY,613,3.502
2987,DUMMY TRUCK STOP #1987,"I-35, EXIT 348",Jasper,MI,391,3.584
2988,DUMMY TRUCK STOP #1988,"I-55, EXIT 3",Mamers,NC,516,3.234
2989,DUMMY TRUCK STOP #1989,"I-25, EXIT 141",Capitan,NM,373,3.534
2990,DUMMY TRUCK STOP #1990,"I-81, EXIT 307",Gorham,KS,750,3.553
2991,DUMMY TRUCK STOP #1991,"I-5, EXIT 167",Wyeville,WI,326,3.397
2992,DUMMY TRUCK STOP #1992,"I-15, EXIT 314",Hillsborough,NH,394,3.716
2993,DUMMY TRUCK STOP #1993,"I-81, EXIT 302",Thomasville,NC,530,3.416
2994,DUMMY TRUCK STOP #1994,"I-65, EXIT 278",Pope,MS,498,2.956
2995,DUMMY TRUCK STOP #1995,"I-65, EXIT 175",West Puente Valley,CA,427,4.523
2996,DUMMY TRUCK STOP #1996,"I-70, EXIT 228",Dresden,TN,255,3.335
2997,DUMMY TRUCK STOP #1997,"I-40, EXIT 273",Beurys Lake,PA,814,3.762
2998,DUMMY TRUCK STOP #1998,"I-35, EXIT 345",Two Buttes,CO,499,3.620
2999,DUMMY TRUCK STOP #1999,"I-95, EXIT 41",Snook,TX,746,3.148
3000,DUMMY TRUCK STOP #2000,"I-85, EXIT 288",Fountain City,WI,453,3.496
3001,DUMMY TRUCK STOP #2001,"I-90, EXIT 190",St. Martin,OH,411,3.959
3002,DUMMY TRUCK STOP #2002,"I-64, EXIT 162",Appalachia,VA,562,3.699
3003,DUMMY TRUCK STOP #2003,"I-95, EXIT 86",New Ellenton,SC,739,3.280
3004,DUMMY TRUCK STOP #2004,"I-70, EXIT 290",Cold Spring,NY,541,4.111
3005,DUMMY TRUCK STOP #2005,"I-64, EXIT 285",Hickory,PA,861,3.786
3006,DUMMY TRUCK STOP #2006,"I-85, EXIT 121",Howell,UT,484,3.755
3007,DUMMY TRUCK STOP #2007,"I-20, EXIT 50",Raymond,IL,505,3.884
3008,DUMMY TRUCK STOP #2008,"I-40, EXIT 109",Pittsboro,MS,213,3.155
3009,DUMMY TRUCK STOP #2009,"I-35, EXIT 206",Lemay,MO,663,3.098
3010,DUMMY TRUCK STOP #2010,"I-80, EXIT 181",Laurel Hill,VA,869,3.501
3011,DUMMY TRUCK STOP #2011,"I-55, EXIT 164",Boswell,IN,888,3.828
3012,DUMMY TRUCK STOP #2012,"I-70, EXIT 323",Raymond,MN,208,3.879
3013,DUMMY TRUCK STOP #2013,"I-65, EXIT 258",St. Gabriel,LA,648,3.109
3014,DUMMY TRUCK STOP #2014,"I-94, EXIT 201",Impact,TX,330,2.915
3015,DUMMY TRUCK STOP #2015,"I-81, EXIT 147",Mercer,MO,560,3.333
3016,DUMMY TRUCK STOP #2016,"I-35, EXIT 91",Cuyuna,MN,509,3.337
3017,DUMMY TRUCK STOP #2017,"I-65, EXIT 238",Sauk Centre,MN,771,3.447
3018,DUMMY TRUCK STOP #2018,"I-35, EXIT 350",Marion Center,PA,200,4.266
3019,DUMMY TRUCK STOP #2019,"I-80, EXIT 211",Tara Hills,CA,293,4.555
3020,DUMMY TRUCK STOP #2020,"I-5, EXIT 317",Cayce,KY,329,3.625
3021,DUMMY TRUCK STOP #2021,"I-15, EXIT 307",Kiln,MS,684,3.361
3022,DUMMY TRUCK STOP #2022,"I-80, EXIT 12",Cawood,KY,432,3.641
3023,DUMMY TRUCK STOP #2023,"I-85, EXIT 47",Davenport,OK,479,3.066
3024,DUMMY TRUCK STOP #2024,"I-5, EXIT 308",Whiteland,IN,769,3.681
3025,DUMMY TRUCK STOP #2025,"I-40, EXIT 83",Charlotte,MI,568,3.535
3026,DUMMY TRUCK STOP #2026,"I-70, EXIT 123",Whiskey Creek,FL,279,3.638
3027,DUMMY TRUCK STOP #2027,"I-40, EXIT 166",Cherry Grove,OR,235,3.920
3028,DUMMY TRUCK STOP #2028,"I-64, EXIT 34",Kicking Horse,MT,131,3.649
3029,DUMMY TRUCK STOP #2029,"I-44, EXIT 309",Fort Bidwell,CA,554,4.803
3030,DUMMY TRUCK STOP #2030,"I-44, EXIT 91",Bruno,WV,572,3.793
3031,DUMMY TRUCK STOP #2031,"I-65, EXIT 82",La Presa,TX,350,3.063
3032,DUMMY TRUCK STOP #2032,"I-81, EXIT 36",Phillipsville,CA,107,4.750
3033,DUMMY TRUCK STOP #2033,"I-80, EXIT 267",Wollochet,WA,581,4.448
3034,DUMMY TRUCK STOP #2034,"I-75, EXIT 37",Smithville,MS,527,2.928
3035,DUMMY TRUCK STOP #2035,"I-94, EXIT 62",Turlock,CA,832,5.110
3036,DUMMY TRUCK STOP #2036,"I-94, EXIT 13",Saginaw,PA,549,3.952
3037,DUMMY TRUCK STOP #2037,"I-64, EXIT 204",Penbrook,PA,842,3.762
3038,DUMMY TRUCK STOP #2038,"I-10, EXIT 187",Bloomingdale,MI,509,3.735
3039,DUMMY TRUCK STOP #2039,"I-81, EXIT 220",Callisburg,TX,227,3.105
3040,DUMMY TRUCK STOP #2040,"I-20, EXIT 75",Deerfield Beach,FL,368,3.289
3041,DUMMY TRUCK STOP #2041,"I-20, EXIT 87",Fort Salonga,NY,475,4.162
3042,DUMMY TRUCK STOP #2042,"I-80, EXIT 337",Clearlake,CA,447,4.513
3043,DUMMY TRUCK STOP #2043,"I-85, EXIT 108",Bogue,NC,370,3.534
3044,DUMMY TRUCK STOP #2044,"I-20, EXIT 169",Jeffersonville,NY,757,4.255
3045,DUMMY TRUCK STOP #2045,"I-85, EXIT 126",Johnstown,NY,875,4.081
3046,DUMMY TRUCK STOP #2046,"I-55, EXIT 176",Converse,LA,402,3.063
3047,DUMMY TRUCK STOP #2047,"I-81, EXIT 133",Hollister,OK,681,3.090
3048,DUMMY TRUCK STOP #2048,"I-55, EXIT 305",Bellefonte,DE,136,3.450
3049,DUMMY TRUCK STOP #2049,"I-64, EXIT 14",Nashua,MN,326,3.507
3050,DUMMY TRUCK STOP #2050,"I-70, EXIT 289",Grantsville,MD,471,3.498
3051,DUMMY TRUCK STOP #2051,"I-35, EXIT 291",Highgate Center,VT,749,3.565
3052,DUMMY TRUCK STOP #2052,"I-64, EXIT 244",Dennis,OK,830,3.000
3053,DUMMY TRUCK STOP #2053,"I-25, EXIT 76",Sugar Notch,PA,722,3.910
3054,DUMMY TRUCK STOP #2054,"I-64, EXIT 197",Centreville,MS,363,3.256
3055,DUMMY TRUCK STOP #2055,"I-40, EXIT 299",Ogden,UT,410,3.572
3056,DUMMY TRUCK STOP #2056,"I-25, EXIT 300",Hinkletown,PA,112,4.018
3057,DUMMY TRUCK STOP #2057,"I-90, EXIT 208",Zinc,AR,588,3.233
3058,DUMMY TRUCK STOP #2058,"I-35, EXIT 177",Oyehut,WA,759,4.737
3059,DUMMY TRUCK STOP #2059,"I-65, EXIT 268",Triadelphia,WV,483,3.796
3060,DUMMY TRUCK STOP #2060,"I-75, EXIT 249",Catlettsburg,KY,763,3.742
3061,DUMMY TRUCK STOP #2061,"I-35, EXIT 248",Elkton,MD,488,3.707
3062,DUMMY TRUCK STOP #2062,"I-5, EXIT 343",Mount Sterling,WI,166,3.642
3063,DUMMY TRUCK STOP #2063,"I-44, EXIT 77",Southold,NY,384,4.065
3064,DUMMY TRUCK STOP #2064,"I-20, EXIT 333",Absecon Highlands,NJ,301,3.979
3065,DUMMY TRUCK STOP #2065,"I-5, EXIT 269",Panola,IL,333,3.676
3066,DUMMY TRUCK STOP #2066,"I-40, EXIT 187",Austell,GA,780,3.507
3067,DUMMY TRUCK STOP #2067,"I-65, EXIT 260",West Elkton,OH,168,3.947
3068,DUMMY TRUCK STOP #2068,"I-55, EXIT 284",Abie,NE,647,3.402
3069,DUMMY TRUCK STOP #2069,"I-15, EXIT 29",Westervelt,IL,557,3.928
3070,DUMMY TRUCK STOP #2070,"I-95, EXIT 268",Rice,TX,353,2.966
3071,DUMMY TRUCK STOP #2071,"I-35, EXIT 334",Kit Carson,CO,350,3.561
3072,DUMMY TRUCK STOP #2072,"I-44, EXIT 234",College Park,MD,281,3.921
3073,DUMMY TRUCK STOP #2073,"I-94, EXIT 143",Progreso,TX,193,3.389
3074,DUMMY TRUCK STOP #2074,"I-40, EXIT 33",Fort Edward,NY,235,4.212
3075,DUMMY TRUCK STOP #2075,"I-44, EXIT 125",Oxford,MA,699,3.537
3076,DUMMY TRUCK STOP #2076,"I-95, EXIT 245",Watkins,CO,575,3.541
3077,DUMMY TRUCK STOP #2077,"I-10, EXIT 164",Clio,SC,749,3.603
3078,DUMMY TRUCK STOP #2078,"I-15, EXIT 101",Pocahontas,IA,589,3.565
3079,DUMMY TRUCK STOP #2079,"I-40, EXIT 52",Rochester Institute of Technology,NY,655,4.206
3080,DUMMY TRUCK STOP #2080,"I-95, EXIT 111",Abington,IN,712,3.800
3081,DUMMY TRUCK STOP #2081,"I-95, EXIT 221",Balmorhea,TX,214,2.917
3082,DUMMY TRUCK STOP #2082,"I-81, EXIT 330",Newton,MS,299,3.219
3083,DUMMY TRUCK STOP #2083,"I-81, EXIT 1",Premont,TX,357,2.933
3084,DUMMY TRUCK STOP #2084,"I-80, EXIT 308",Huntington Station,NY,377,4.015
3085,DUMMY TRUCK STOP #2085,"I-90, EXIT 248",Laurens,SC,626,3.188
3086,DUMMY TRUCK STOP #2086,"I-64, EXIT 331",Embarrass,WI,406,3.455
3087,DUMMY TRUCK STOP #2087,"I-65, EXIT 141",Avon,OH,794,3.680
3088,DUMMY TRUCK STOP #2088,"I-94, EXIT 258",Heil,ND,416,3.721
3089,DUMMY TRUCK STOP #2089,"I-35, EXIT 250",Murphy,OK,106,3.088
3090,DUMMY TRUCK STOP #2090,"I-65, EXIT 261",Morristown,OH,581,3.638
3091,DUMMY TRUCK STOP #2091,"I-80, EXIT 345",Fulton,NY,411,4.037
3092,DUMMY TRUCK STOP #2092,"I-20, EXIT 227",Palominas,AZ,450,3.853
3093,DUMMY TRUCK STOP #2093,"I-35, EXIT 100",Berthold,ND,897,3.355
3094,DUMMY TRUCK STOP #2094,"I-20, EXIT 119",Williamsdale,OH,318,3.529
3095,DUMMY TRUCK STOP #2095,"I-90, EXIT 242",Kirvin,TX,205,3.096
3096,DUMMY TRUCK STOP #2096,"I-64, EXIT 313",Paisley,OR,315,4.344
3097,DUMMY TRUCK STOP #2097,"I-35, EXIT 99",Greenville,IA,884,3.256
3098,DUMMY TRUCK STOP #2098,"I-75, EXIT 88",Raymond,WA,261,4.405
3099,DUMMY TRUCK STOP #2099,"I-90, EXIT 243",Shelley,ID,769,3.619
3100,DUMMY TRUCK STOP #2100,"I-80, EXIT 138",Manning,IA,334,3.283
3101,DUMMY TRUCK STOP #2101,"I-64, EXIT 190",Boiling Springs,PA,248,4.236
3102,DUMMY TRUCK STOP #2102,"I-64, EXIT 171",City View,SC,844,3.217
3103,DUMMY TRUCK STOP #2103,"I-81, EXIT 158",White Cloud,KS,535,3.069
3104,DUMMY TRUCK STOP #2104,"I-95, EXIT 202",Springfield,LA,880,3.486
3105,DUMMY TRUCK STOP #2105,"I-75, EXIT 29",Downsville,MD,518,3.335
3106,DUMMY TRUCK STOP #2106,"I-70, EXIT 331",Gainesville,AL,243,3.452
3107,DUMMY TRUCK STOP #2107,"I-5, EXIT 104",Wilder,ID,313,4.003
3108,DUMMY TRUCK STOP #2108,"I-55, EXIT 151",South Weber,UT,482,3.552
3109,DUMMY TRUCK STOP #2109,"I-75, EXIT 167",Oriole Beach,FL,671,3.688
3110,DUMMY TRUCK STOP #2110,"I-94, EXIT 103",Mohawk,NY,320,4.178
3111,DUMMY TRUCK STOP #2111,"I-55, EXIT 55",West Union,OH,176,3.557
3112,DUMMY TRUCK STOP #2112,"I-44, EXIT 83",Elysian,MN,433,3.369
3113,DUMMY TRUCK STOP #2113,"I-95, EXIT 241",Guadalupe,CA,147,4.677
3114,DUMMY TRUCK STOP #2114,"I-75, EXIT 250",Nocatee,FL,355,3.077
3115,DUMMY TRUCK STOP #2115,"I-75, EXIT 31",Port Vue,PA,203,4.004
3116,DUMMY TRUCK STOP #2116,"I-10, EXIT 328",Grandview,OH,450,3.942
3117,DUMMY TRUCK STOP #2117,"I-64, EXIT 57",Tucson Mountains,AZ,583,3.822
3118,DUMMY TRUCK STOP #2118,"I-25, EXIT 38",Sea Ranch,CA,432,4.921
3119,DUMMY TRUCK STOP #2119,"I-25, EXIT 78",Sewickley,PA,703,4.339
3120,DUMMY TRUCK STOP #2120,"I-64, EXIT 294",Cañoncito,NM,304,3.408
3121,DUMMY TRUCK STOP #2121,"I-65, EXIT 294",Rentchler,IL,659,3.621
3122,DUMMY TRUCK STOP #2122,"I-55, EXIT 286",Durand,MI,643,3.627
3123,DUMMY TRUCK STOP #2123,"I-25, EXIT 35",West Roy Lake,MN,816,3.613
3124,DUMMY TRUCK STOP #2124,"I-65, EXIT 185",Mexico,MO,891,2.949
3125,DUMMY TRUCK STOP #2125,"I-35, EXIT 165",Violet,LA,579,2.897
3126,DUMMY TRUCK STOP #2126,"I-44, EXIT 236",Chickamauga,GA,470,3.475
3127,DUMMY TRUCK STOP #2127,"I-55, EXIT 131",Williamstown,MA,718,3.465
3128,DUMMY TRUCK STOP #2128,"I-5, EXIT 72",Brooksville,KY,222,3.685
3129,DUMMY TRUCK STOP #2129,"I-85, EXIT 25",Hopwood,PA,641,3.931
3130,DUMMY TRUCK STOP #2130,"I-10, EXIT 263",Rainier,WA,482,4.302
3131,DUMMY TRUCK STOP #2131,"I-10, EXIT 259",Cavour,SD,434,3.592
3132,DUMMY TRUCK STOP #2132,"I-94, EXIT 252",Nelsonville,NY,389,4.170
3133,DUMMY TRUCK STOP #2133,"I-15, EXIT 290",Laurel Park,NC,194,3.222
3134,DUMMY TRUCK STOP #2134,"I-94, EXIT 58",Patton Village,CA,644,4.634
3135,DUMMY TRUCK STOP #2135,"I-15, EXIT 294",East Stone Gap,VA,579,3.668
3136,DUMMY TRUCK STOP #2136,"I-40, EXIT 38",Anaheim,CA,885,4.931
3137,DUMMY TRUCK STOP #2137,"I-81, EXIT 232",Blythe,GA,856,3.216
3138,DUMMY TRUCK STOP #2138,"I-25, EXIT 334",Plum City,WI,438,3.146
3139,DUMMY TRUCK STOP #2139,"I-65, EXIT 233",Warrior Run,PA,640,4.283
3140,DUMMY TRUCK STOP #2140,"I-80, EXIT 11",Rogers,ND,511,3.615
3141,DUMMY TRUCK STOP #2141,"I-75, EXIT 10",Ulm,AR,108,3.232
3142,DUMMY TRUCK STOP #2142,"I-44, EXIT 166",May,OK,537,3.141
3143,DUMMY TRUCK STOP #2143,"I-95, EXIT 346",Murrieta,CA,886,4.957
3144,DUMMY TRUCK STOP #2144,"I-65, EXIT 273",Lockridge,IA,568,3.637
3145,DUMMY TRUCK STOP #2145,"I-95, EXIT 182",Elmira,MO,832,3.131
3146,DUMMY TRUCK STOP #2146,"I-95, EXIT 79",Bug Tussle,OK,293,3.051
3147,DUMMY TRUCK STOP #2147,"I-35, EXIT 52",Diamondhead,MS,126,3.218
3148,DUMMY TRUCK STOP #2148,"I-94, EXIT 309",Clarkson,NE,140,3.229
3149,DUMMY TRUCK STOP #2149,"I-15, EXIT 168",Moses Lake North,WA,422,4.491
3150,DUMMY TRUCK STOP #2150,"I-44, EXIT 337",Aurora,WV,313,3.379
3151,DUMMY TRUCK STOP #2151,"I-55, EXIT 120",Rice Lake,MN,322,3.532
3152,DUMMY TRUCK STOP #2152,"I-70, EXIT 14",Manchester,IA,240,3.453
3153,DUMMY TRUCK STOP #2153,"I-20, EXIT 193",Ringwood,IL,126,4.111
3154,DUMMY TRUCK STOP #2154,"I-81, EXIT 107",Weedville,PA,489,3.749
3155,DUMMY TRUCK STOP #2155,"I-40, EXIT 106",Egg Harbor City,NJ,889,4.034
3156,DUMMY TRUCK STOP #2156,"I-75, EXIT 303",Stratmoor,CO,227,3.609
3157,DUMMY TRUCK STOP #2157,"I-95, EXIT 265",Presque Isle,ME,224,3.693
3158,DUMMY TRUCK STOP #2158,"I-35, EXIT 108",Petal,MS,223,3.262
3159,DUMMY TRUCK STOP #2159,"I-70, EXIT 163",Orchard Mesa,CO,525,3.825
3160,DUMMY TRUCK STOP #2160,"I-40, EXIT 108",Sumner,IA,192,3.242
3161,DUMMY TRUCK STOP #2161,"I-55, EXIT 261",Reagan,OK,214,3.202
3162,DUMMY TRUCK STOP #2162,"I-81, EXIT 9",Ringling,OK,107,2.988
3163,DUMMY TRUCK STOP #2163,"I-20, EXIT 182",Granite Falls,NC,469,3.313
3164,DUMMY TRUCK STOP #2164,"I-64, EXIT 34",Danbury,NE,544,3.479
3165,DUMMY TRUCK STOP #2165,"I-44, EXIT 44",Ventnor City,NJ,766,4.097
3166,DUMMY TRUCK STOP #2166,"I-75, EXIT 242",Fallis,OK,116,3.063
3167,DUMMY TRUCK STOP #2167,"I-65, EXIT 24",Wathena,KS,244,3.388
3168,DUMMY TRUCK STOP #2168,"I-44, EXIT 91",Ogden,AR,678,3.207
3169,DUMMY TRUCK STOP #2169,"I-25, EXIT 241",Sugar Grove,IL,880,4.017
3170,DUMMY TRUCK STOP #2170,"I-10, EXIT 32",Bingham Lake,MN,710,3.513
3171,DUMMY TRUCK STOP #2171,"I-64, EXIT 191",New Bern,NC,732,3.567
3172,DUMMY TRUCK STOP #2172,"I-80, EXIT 81",Berkeley,CA,529,4.408
3173,DUMMY TRUCK STOP #2173,"I-25, EXIT 343",Hazel Green,AL,285,3.498
3174,DUMMY TRUCK STOP #2174,"I-70, EXIT 57",Lisbon,IL,266,4.173
3175,DUMMY TRUCK STOP #2175,"I-75, EXIT 321",Munden,KS,482,3.369
3176,DUMMY TRUCK STOP #2176,"I-55, EXIT 319",Oakwood,IL,428,3.823
3177,DUMMY TRUCK STOP #2177,"I-5, EXIT 241",Langley,SC,135,3.341
3178,DUMMY TRUCK STOP #2178,"I-25, EXIT 209",Lady Lake,FL,147,3.507
3179,DUMMY TRUCK STOP #2179,"I-90, EXIT 87",Eureka Mill,SC,261,3.004
3180,DUMMY TRUCK STOP #2180,"I-20, EXIT 8",Wolcottville,IN,457,3.675
3181,DUMMY TRUCK STOP #2181,"I-15, EXIT 58",Bremen,KS,587,3.313
3182,DUMMY TRUCK STOP #2182,"I-81, EXIT 213",Bonita,LA,649,3.202
3183,DUMMY TRUCK STOP #2183,"I-5, EXIT 160",Quasset Lake,CT,587,3.770
3184,DUMMY TRUCK STOP #2184,"I-85, EXIT 132",Heath,AL,231,3.430
3185,DUMMY TRUCK STOP #2185,"I-20, EXIT 245",Springview,NE,604,3.251
3186,DUMMY TRUCK STOP #2186,"I-95, EXIT 101",Cokeville,WY,228,3.651
3187,DUMMY TRUCK STOP #2187,"I-25, EXIT 116",Redwood,MS,775,3.218
3188,DUMMY TRUCK STOP #2188,"I-15, EXIT 49",Dalton Gardens,ID,834,3.793
3189,DUMMY TRUCK STOP #2189,"I-20, EXIT 128",Coral Gables,FL,331,3.191
3190,DUMMY TRUCK STOP #2190,"I-55, EXIT 95",Houghton Lake,MI,847,3.914
3191,DUMMY TRUCK STOP #2191,"I-81, EXIT 343",Eagle Nest,NM,704,3.363
3192,DUMMY TRUCK STOP #2192,"I-90, EXIT 265",Broad Top City,PA,691,3.915
3193,DUMMY TRUCK STOP #2193,"I-25, EXIT 168",Mossyrock,WA,532,4.591
3194,DUMMY TRUCK STOP #2194,"I-70, EXIT 339",Yutan,NE,248,3.339
3195,DUMMY TRUCK STOP #2195,"I-10, EXIT 198",Halesite,NY,747,3.781
3196,DUMMY TRUCK STOP #2196,"I-10, EXIT 102",Little Elm,TX,286,2.949
3197,DUMMY TRUCK STOP #2197,"I-44, EXIT 83",Garber,OK,506,3.404
3198,DUMMY TRUCK STOP #2198,"I-65, EXIT 6",Annetta South,TX,685,3.173
3199,DUMMY TRUCK STOP #2199,"I-40, EXIT 322",Hillcrest Heights,MD,691,3.247
3200,DUMMY TRUCK STOP #2200,"I-75, EXIT 232",Irvine,CA,319,4.793
3201,DUMMY TRUCK STOP #2201,"I-81, EXIT 61",Ceylon,MN,862,3.365
3202,DUMMY TRUCK STOP #2202,"I-55, EXIT 336",Antimony,UT,886,3.641
3203,DUMMY TRUCK STOP #2203,"I-35, EXIT 131",Red Hill,PA,449,3.887
3204,DUMMY TRUCK STOP #2204,"I-85, EXIT 282",Landmark,AR,567,3.235
3205,DUMMY TRUCK STOP #2205,"I-65, EXIT 266",Bent Tree Harbor,MO,369,3.061
3206,DUMMY TRUCK STOP #2206,"I-15, EXIT 188",Avenue B and C,AZ,536,3.621
3207,DUMMY TRUCK STOP #2207,"I-25, EXIT 49",Risco,MO,332,2.908
3208,DUMMY TRUCK STOP #2208,"I-81, EXIT 57",Macdoel,CA,223,4.387
3209,DUMMY TRUCK STOP #2209,"I-70, EXIT 158",Big Water,UT,563,3.457
3210,DUMMY TRUCK STOP #2210,"I-80, EXIT 284",Columbia,KY,184,3.403
3211,DUMMY TRUCK STOP #2211,"I-35, EXIT 204",Scarsdale,NY,623,4.620
3212,DUMMY TRUCK STOP #2212,"I-40, EXIT 73",Noxapater,MS,796,3.099
3213,DUMMY TRUCK STOP #2213,"I-70, EXIT 270",Red Creek,NY,715,4.156
3214,DUMMY TRUCK STOP #2214,"I-25, EXIT 289",Henning,MN,643,3.533
3215,DUMMY TRUCK STOP #2215,"I-70, EXIT 277",Dallastown,PA,335,3.731
3216,DUMMY TRUCK STOP #2216,"I-90, EXIT 86",Maple Ridge,OH,483,3.649
3217,DUMMY TRUCK STOP #2217,"I-44, EXIT 78",Taopi,MN,653,3.647
3218,DUMMY TRUCK STOP #2218,"I-80, EXIT 104",Bridgeport,KS,385,3.478
3219,DUMMY TRUCK STOP #2219,"I-75, EXIT 152",Wiggins,CO,499,4.003
3220,DUMMY TRUCK STOP #2220,"I-90, EXIT 216",Holt,MN,587,3.644
3221,DUMMY TRUCK STOP #2221,"I-64, EXIT 1",Copper Hill,AZ,176,3.755
3222,DUMMY TRUCK STOP #2222,"I-55, EXIT 285",Symsonia,KY,784,3.469
3223,DUMMY TRUCK STOP #2223,"I-15, EXIT 31",Taylorsville,GA,873,3.196
3224,DUMMY TRUCK STOP #2224,"I-80, EXIT 72",Rogersville,TN,247,3.678
3225,DUMMY TRUCK STOP #2225,"I-44, EXIT 201",St. John,ND,263,3.394
3226,DUMMY TRUCK STOP #2226,"I-80, EXIT 201",Rockville,MO,705,3.213
3227,DUMMY TRUCK STOP #2227,"I-15, EXIT 116",Lasara,TX,382,3.269
3228,DUMMY TRUCK STOP #2228,"I-25, EXIT 206",Harper,OR,226,4.520
3229,DUMMY TRUCK STOP #2229,"I-25, EXIT 106",Walker Mill,MD,554,3.564
3230,DUMMY TRUCK STOP #2230,"I-25, EXIT 345",Richvale,CA,382,4.514
3231,DUMMY TRUCK STOP #2231,"I-20, EXIT 267",Bismarck,MO,418,3.202
3232,DUMMY TRUCK STOP #2232,"I-90, EXIT 53",Ponder,TX,890,3.124
3233,DUMMY TRUCK STOP #2233,"I-81, EXIT 153",Fowler,CO,227,3.410
3234,DUMMY TRUCK STOP #2234,"I-94, EXIT 313",Northfork,WV,565,3.453
3235,DUMMY TRUCK STOP #2235,"I-65, EXIT 140",Baring,MO,141,3.411
3236,DUMMY TRUCK STOP #2236,"I-75, EXIT 131",Colerain,NC,215,3.755
3237,DUMMY TRUCK STOP #2237,"I-35, EXIT 250",Elgin,MN,876,3.368
3238,DUMMY TRUCK STOP #2238,"I-64, EXIT 116",Rossmoor,NJ,635,3.714
3239,DUMMY TRUCK STOP #2239,"I-70, EXIT 124",Mariposa,CA,780,5.249
3240,DUMMY TRUCK STOP #2240,"I-85, EXIT 222",Boy River,MN,531,3.877
3241,DUMMY TRUCK STOP #2241,"I-55, EXIT 142",Winneconne,WI,357,3.530
3242,DUMMY TRUCK STOP #2242,"I-90, EXIT 169",Auxier,KY,529,3.480
3243,DUMMY TRUCK STOP #2243,"I-70, EXIT 43",Scottdale,PA,113,3.982
3244,DUMMY TRUCK STOP #2244,"I-20, EXIT 249",Singer,LA,348,3.131
3245,DUMMY TRUCK STOP #2245,"I-80, EXIT 341",Toledo,IL,372,3.691
3246,DUMMY TRUCK STOP #2246,"I-20, EXIT 250",Hornbeck,LA,674,3.185
3247,DUMMY TRUCK STOP #2247,"I-90, EXIT 342",Fort Pierre,SD,491,3.218
3248,DUMMY TRUCK STOP #2248,"I-10, EXIT 309",Perkins,GA,210,3.206
3249,DUMMY TRUCK STOP #2249,"I-20, EXIT 295",Little Valley,CA,197,4.480
3250,DUMMY TRUCK STOP #2250,"I-20, EXIT 123",Chatham,NJ,469,3.678
3251,DUMMY TRUCK STOP #2251,"I-80, EXIT 202",Granville,OH,835,3.452
3252,DUMMY TRUCK STOP #2252,"I-10, EXIT 178",Tabernash,CO,762,3.413
3253,DUMMY TRUCK STOP #2253,"I-95, EXIT 268",Capulin,NM,138,3.534
3254,DUMMY TRUCK STOP #2254,"I-75, EXIT 322",Buttzville,NJ,862,3.508
3255,DUMMY TRUCK STOP #2255,"I-5, EXIT 111",El Paso,IL,680,3.846
3256,DUMMY TRUCK STOP #2256,"I-35, EXIT 13",Broadland,SD,745,3.136
3257,DUMMY TRUCK STOP #2257,"I-80, EXIT 15",Chesapeake Landing,MD,846,3.677
3258,DUMMY TRUCK STOP #2258,"I-81, EXIT 130",Dundalk,MD,467,3.573
3259,DUMMY TRUCK STOP #2259,"I-44, EXIT 142",Little Britain,PA,556,4.119
3260,DUMMY TRUCK STOP #2260,"I-10, EXIT 167",El Cenizo,TX,569,3.000
3261,DUMMY TRUCK STOP #2261,"I-35, EXIT 108",North Kingsville,OH,671,3.620
3262,DUMMY TRUCK STOP #2262,"I-94, EXIT 332",Cooper,TX,429,2.907
3263,DUMMY TRUCK STOP #2263,"I-35, EXIT 256",Schall Circle,FL,191,3.482
3264,DUMMY TRUCK STOP #2264,"I-65, EXIT 181",Griffith,IN,731,3.449
3265,DUMMY TRUCK STOP #2265,"I-44, EXIT 163",Little Round Lake,WI,413,3.134
3266,DUMMY TRUCK STOP #2266,"I-20, EXIT 47",Ridgecrest,FL,754,3.423
3267,DUMMY TRUCK STOP #2267,"I-35, EXIT 196",Adair,IA,307,3.141
3268,DUMMY TRUCK STOP #2268,"I-55, EXIT 249",Goreville,IL,459,3.940
3269,DUMMY TRUCK STOP #2269,"I-70, EXIT 82",Webster County unified,GA,272,3.250
3270,DUMMY TRUCK STOP #2270,"I-65, EXIT 9",Rowland,NC,214,3.615
3271,DUMMY TRUCK STOP #2271,"I-90, EXIT 329",Williston Highlands,FL,673,3.557
3272,DUMMY TRUCK STOP #2272,"I-64, EXIT 287",Marmet,WV,651,3.744
3273,DUMMY TRUCK STOP #2273,"I-15, EXIT 102",Cumberland Hill,RI,195,3.709
3274,DUMMY TRUCK STOP #2274,"I-15, EXIT 307",Van Buren,OH,779,3.925
3275,DUMMY TRUCK STOP #2275,"I-65, EXIT 273",Las Lomas,CA,462,4.634
3276,DUMMY TRUCK STOP #2276,"I-75, EXIT 69",Hayden Lake,ID,494,3.779
3277,DUMMY TRUCK STOP #2277,"I-64, EXIT 315",Tega Cay,SC,683,3.658
3278,DUMMY TRUCK STOP #2278,"I-15, EXIT 166",Coolville,OH,330,3.973
3279,DUMMY TRUCK STOP #2279,"I-94, EXIT 80",Obert,NE,783,3.301
3280,DUMMY TRUCK STOP #2280,"I-55, EXIT 14",Truesdale,MO,606,3.218
3281,DUMMY TRUCK STOP #2281,"I-44, EXIT 126",Urbanna,VA,331,3.594
3282,DUMMY TRUCK STOP #2282,"I-81, EXIT 332",Lloyd Harbor,NY,321,4.424
3283,DUMMY TRUCK STOP #2283,"I-5, EXIT 314",Weekapaug,RI,594,3.692
3284,DUMMY TRUCK STOP #2284,"I-81, EXIT 213",Tonawanda,NY,669,4.270
3285,DUMMY TRUCK STOP #2285,"I-80, EXIT 96",Innsbrook,MO,631,2.979
3286,DUMMY TRUCK STOP #2286,"I-95, EXIT 205",Sunray,OK,742,3.076
3287,DUMMY TRUCK STOP #2287,"I-75, EXIT 134",Courtland,VA,823,3.205
3288,DUMMY TRUCK STOP #2288,"I-70, EXIT 135",Malden-on-Hudson,NY,541,3.973
3289,DUMMY TRUCK STOP #2289,"I-44, EXIT 164",Mount Hope,OH,653,3.435
3290,DUMMY TRUCK STOP #2290,"I-70, EXIT 40",Hollansburg,OH,809,3.981
3291,DUMMY TRUCK STOP #2291,"I-44, EXIT 276",Broadview Heights,OH,692,3.937
3292,DUMMY TRUCK STOP #2292,"I-25, EXIT 50",St. Charles,KY,619,3.717
3293,DUMMY TRUCK STOP #2293,"I-20, EXIT 310",Farr West,UT,333,3.542
3294,DUMMY TRUCK STOP #2294,"I-70, EXIT 331",Cleveland,OH,667,3.485
3295,DUMMY TRUCK STOP #2295,"I-55, EXIT 295",Grand Rivers,KY,154,3.505
3296,DUMMY TRUCK STOP #2296,"I-81, EXIT 317",Vernon,FL,548,3.384
3297,DUMMY TRUCK STOP #2297,"I-35, EXIT 12",Chesterfield,MO,673,3.007
3298,DUMMY TRUCK STOP #2298,"I-81, EXIT 287",Georgetown,CA,765,4.753
3299,DUMMY TRUCK STOP #2299,"I-25, EXIT 33",Camas,MT,798,3.756
3300,DUMMY TRUCK STOP #2300,"I-70, EXIT 34",Cameron,WV,836,3.659
3301,DUMMY TRUCK STOP #2301,"I-5, EXIT 307",Forestville,OH,602,3.678
3302,DUMMY TRUCK STOP #2302,"I-80, EXIT 69",Opolis,KS,505,3.385
3303,DUMMY TRUCK STOP #2303,"I-94, EXIT 346",Jasper,TN,411,3.343
3304,DUMMY TRUCK STOP #2304,"I-65, EXIT 120",Mineola,IA,683,3.543
3305,DUMMY TRUCK STOP #2305,"I-80, EXIT 74",Fairview,NC,884,3.514
3306,DUMMY TRUCK STOP #2306,"I-94, EXIT 349",Bradbury,CA,700,4.545
3307,DUMMY TRUCK STOP #2307,"I-10, EXIT 184",Fairmount Heights,MD,701,3.592
3308,DUMMY TRUCK STOP #2308,"I-20, EXIT 37",Woodsville,NH,728,3.619
3309,DUMMY TRUCK STOP #2309,"I-35, EXIT 100",Lake Don Pedro,CA,354,4.921
3310,DUMMY TRUCK STOP #2310,"I-35, EXIT 93",Elm Grove,WI,130,3.522
3311,DUMMY TRUCK STOP #2311,"I-20, EXIT 170",Shell Knob,MO,191,3.076
3312,DUMMY TRUCK STOP #2312,"I-20, EXIT 207",Linn,MO,687,3.030
3313,DUMMY TRUCK STOP #2313,"I-80, EXIT 196",El Dorado,AR,813,3.167
3314,DUMMY TRUCK STOP #2314,"I-85, EXIT 71",Butte Meadows,CA,451,4.489
3315,DUMMY TRUCK STOP #2315,"I-35, EXIT 221",South Deerfield,MA,358,3.664
3316,DUMMY TRUCK STOP #2316,"I-85, EXIT 47",La Paloma Ranchettes,TX,288,3.292
3317,DUMMY TRUCK STOP #2317,"I-70, EXIT 332",Yarmouth,IA,748,3.342
3318,DUMMY TRUCK STOP #2318,"I-15, EXIT 174",Loma Mar,CA,562,4.870
3319,DUMMY TRUCK STOP #2319,"I-5, EXIT 311",New Pittsburg,OH,162,3.703
3320,DUMMY TRUCK STOP #2320,"I-94, EXIT 31",Parksley,VA,799,3.331
3321,DUMMY TRUCK STOP #2321,"I-90, EXIT 7",Teague,TX,104,3.074
3322,DUMMY TRUCK STOP #2322,"I-65, EXIT 197",Sanger,CA,413,4.828
3323,DUMMY TRUCK STOP #2323,"I-95, EXIT 192",Ludden,ND,171,3.885
3324,DUMMY TRUCK STOP #2324,"I-35, EXIT 97",Henrietta,NC,751,3.518
3325,DUMMY TRUCK STOP #2325,"I-40, EXIT 177",Union,NH,199,3.517
3326,DUMMY TRUCK STOP #2326,"I-25, EXIT 308",Mio,MI,483,3.621
3327,DUMMY TRUCK STOP #2327,"I-35, EXIT 260",Stotts City,MO,252,2.861
3328,DUMMY TRUCK STOP #2328,"I-81, EXIT 16",Valley Cottage,NY,737,3.980
3329,DUMMY TRUCK STOP #2329,"I-20, EXIT 160",Eastport,NY,398,4.367
3330,DUMMY TRUCK STOP #2330,"I-20, EXIT 179",Cleveland,TN,799,3.354
3331,DUMMY TRUCK STOP #2331,"I-20, EXIT 255",Penndel,PA,297,4.142
3332,DUMMY TRUCK STOP #2332,"I-25, EXIT 314",Hoxie,AR,445,3.447
3333,DUMMY TRUCK STOP #2333,"I-94, EXIT 200",Kidder,MO,558,3.582
3334,DUMMY TRUCK STOP #2334,"I-20, EXIT 343",Botines,TX,667,2.992
3335,DUMMY TRUCK STOP #2335,"I-25, EXIT 123",Phoenix,NY,602,4.274
3336,DUMMY TRUCK STOP #2336,"I-40, EXIT 207",Shawnee,OH,142,3.754
3337,DUMMY TRUCK STOP #2337,"I-85, EXIT 338",Cary,IL,824,3.548
3338,DUMMY TRUCK STOP #2338,"I-95, EXIT 51",Park City,KY,632,3.762
3339,DUMMY TRUCK STOP #2339,"I-90, EXIT 289",Sunbury,NC,688,3.671
3340,DUMMY TRUCK STOP #2340,"I-94, EXIT 268",Marysville,MT,503,3.742
3341,DUMMY TRUCK STOP #2341,"I-64, EXIT 165",Gabbs,NV,238,4.061
3342,DUMMY TRUCK STOP #2342,"I-81, EXIT 102",Venice,FL,399,3.242
3343,DUMMY TRUCK STOP #2343,"I-80, EXIT 194",Cudahy,CA,184,4.928
3344,DUMMY TRUCK STOP #2344,"I-85, EXIT 13",Galloway,WV,603,3.535
3345,DUMMY TRUCK STOP #2345,"I-75, EXIT 157",Coaldale,CO,609,3.733
3346,DUMMY TRUCK STOP #2346,"I-64, EXIT 29",Buchanan Dam,TX,640,3.291
3347,DUMMY TRUCK STOP #2347,"I-15, EXIT 158",Midway,TX,701,3.207
3348,DUMMY TRUCK STOP #2348,"I-95, EXIT 278",Greene,ME,277,3.499
3349,DUMMY TRUCK STOP #2349,"I-94, EXIT 15",Exeter,PA,148,3.863
3350,DUMMY TRUCK STOP #2350,"I-64, EXIT 198",Palo Alto,CA,292,4.521
3351,DUMMY TRUCK STOP #2351,"I-80, EXIT 261",Bethlehem,NH,636,3.467
3352,DUMMY TRUCK STOP #2352,"I-35, EXIT 261",Oakwood,OH,479,3.879
3353,DUMMY TRUCK STOP #2353,"I-40, EXIT 51",Unadilla,GA,568,3.327
3354,DUMMY TRUCK STOP #2354,"I-35, EXIT 114",Gillham,AR,829,3.201
3355,DUMMY TRUCK STOP #2355,"I-85, EXIT 106",Poseyville,IN,684,3.628
3356,DUMMY TRUCK STOP #2356,"I-5, EXIT 24",Coburn,PA,490,4.307
3357,DUMMY TRUCK STOP #2357,"I-64, EXIT 3",Covel,WV,346,3.675
3358,DUMMY TRUCK STOP #2358,"I-65, EXIT 91",Centerville,MO,499,3.465
3359,DUMMY TRUCK STOP #2359,"I-75, EXIT 23",Rutgers University-Busch Campus,NJ,259,3.930
3360,DUMMY TRUCK STOP #2360,"I-25, EXIT 307",Presidential Lakes Estates,NJ,352,3.696
3361,DUMMY TRUCK STOP #2361,"I-80, EXIT 349",Canton City (Hensel),ND,684,3.400
3362,DUMMY TRUCK STOP #2362,"I-64, EXIT 105",Danville,GA,769,3.254
3363,DUMMY TRUCK STOP #2363,"I-5, EXIT 213",Clinton,MA,523,3.588
3364,DUMMY TRUCK STOP #2364,"I-75, EXIT 143",Bridgeport,MI,294,3.557
3365,DUMMY TRUCK STOP #2365,"I-5, EXIT 321",Steamboat Rock,IA,809,3.435
3366,DUMMY TRUCK STOP #2366,"I-75, EXIT 22",Port Austin,MI,812,3.510
3367,DUMMY TRUCK STOP #2367,"I-44, EXIT 37",Mahtomedi,MN,752,3.510
3368,DUMMY TRUCK STOP #2368,"I-20, EXIT 60",Zion,SC,262,3.206
3369,DUMMY TRUCK STOP #2369,"I-35, EXIT 275",Reddell,LA,435,3.420
3370,DUMMY TRUCK STOP #2370,"I-35, EXIT 132",Rosston,OK,797,3.030
3371,DUMMY TRUCK STOP #2371,"I-64, EXIT 275",Maysville,NC,393,3.390
3372,DUMMY TRUCK STOP #2372,"I-64, EXIT 292",Alta Sierra,CA,367,4.479
3373,DUMMY TRUCK STOP #2373,"I-40, EXIT 45",Yale,SD,668,3.470
3374,DUMMY TRUCK STOP #2374,"I-85, EXIT 103",Fairlawn,OH,230,3.757
3375,DUMMY TRUCK STOP #2375,"I-85, EXIT 56",Peebles,OH,214,3.652
3376,DUMMY TRUCK STOP #2376,"I-44, EXIT 20",Livingston,LA,497,3.244
3377,DUMMY TRUCK STOP #2377,"I-15, EXIT 124",Etna,CA,546,4.872
3378,DUMMY TRUCK STOP #2378,"I-70, EXIT 225",Cotton Valley,LA,856,3.530
3379,DUMMY TRUCK STOP #2379,"I-10, EXIT 340",Summerland,CA,615,4.901
3380,DUMMY TRUCK STOP #2380,"I-40, EXIT 108",Great Bend,NY,842,4.340
3381,DUMMY TRUCK STOP #2381,"I-25, EXIT 175",Renfrow,OK,356,3.053
3382,DUMMY TRUCK STOP #2382,"I-35, EXIT 180",Parchment,MI,573,3.913
3383,DUMMY TRUCK STOP #2383,"I-75, EXIT 195",Treynor,IA,256,3.429
3384,DUMMY TRUCK STOP #2384,"I-64, EXIT 259",Sullivan,IN,165,3.996
3385,DUMMY TRUCK STOP #2385,"I-65, EXIT 337",Juniata Gap,PA,838,4.089
3386,DUMMY TRUCK STOP #2386,"I-81, EXIT 13",Seguin,TX,551,3.400
3387,DUMMY TRUCK STOP #2387,"I-90, EXIT 148",Wellington,OH,670,3.823
3388,DUMMY TRUCK STOP #2388,"I-35, EXIT 74",St. James,NC,660,3.507
3389,DUMMY TRUCK STOP #2389,"I-15, EXIT 210",Glover,VT,630,3.660
3390,DUMMY TRUCK STOP #2390,"I-94, EXIT 9",Titusville,FL,733,3.486
3391,DUMMY TRUCK STOP #2391,"I-65, EXIT 190",Jeanerette,LA,139,3.197
3392,DUMMY TRUCK STOP #2392,"I-25, EXIT 54",Mount Shasta,CA,800,4.466
3393,DUMMY TRUCK STOP #2393,"I-95, EXIT 30",Weston Mills,NY,496,4.168
3394,DUMMY TRUCK STOP #2394,"I-95, EXIT 62",Chewey,OK,329,3.325
3395,DUMMY TRUCK STOP #2395,"I-94, EXIT 38",Naples,FL,120,3.504
3396,DUMMY TRUCK STOP #2396,"I-85, EXIT 293",Church Creek,MD,760,3.552
3397,DUMMY TRUCK STOP #2397,"I-75, EXIT 231",Audubon Park,KY,866,3.243
3398,DUMMY TRUCK STOP #2398,"I-44, EXIT 350",Dresser,WI,602,3.630
3399,DUMMY TRUCK STOP #2399,"I-81, EXIT 246",Allentown,PA,256,3.924
3400,DUMMY TRUCK STOP #2400,"I-81, EXIT 275",Burns Flat,OK,468,3.042
3401,DUMMY TRUCK STOP #2401,"I-35, EXIT 199",Watervliet,MI,363,3.724
3402,DUMMY TRUCK STOP #2402,"I-35, EXIT 189",Cocoa Beach,FL,857,3.646
3403,DUMMY TRUCK STOP #2403,"I-25, EXIT 22",Deep Water,WV,570,3.923
3404,DUMMY TRUCK STOP #2404,"I-80, EXIT 278",Crabtree,PA,332,4.093
3405,DUMMY TRUCK STOP #2405,"I-70, EXIT 107",Parkwood,CA,515,4.843
3406,DUMMY TRUCK STOP #2406,"I-80, EXIT 214",Wright,KS,571,3.243
3407,DUMMY TRUCK STOP #2407,"I-75, EXIT 238",Curtiss,WI,472,3.430
3408,DUMMY TRUCK STOP #2408,"I-65, EXIT 167",Edmore,MI,781,3.506
3409,DUMMY TRUCK STOP #2409,"I-40, EXIT 126",Navarre,OH,322,3.468
3410,DUMMY TRUCK STOP #2410,"I-40, EXIT 292",Christiana,TN,299,3.471
3411,DUMMY TRUCK STOP #2411,"I-70, EXIT 238",Brownsville,LA,661,3.526
3412,DUMMY TRUCK STOP #2412,"I-80, EXIT 192",Channelview,TX,759,3.057
3413,DUMMY TRUCK STOP #2413,"I-85, EXIT 56",Canal Point,FL,655,3.437
3414,DUMMY TRUCK STOP #2414,"I-81, EXIT 154",Poplar,WI,893,3.618
3415,DUMMY TRUCK STOP #2415,"I-40, EXIT 112",Boston,PA,445,4.177
3416,DUMMY TRUCK STOP #2416,"I-94, EXIT 81",Kempner,TX,775,3.015
3417,DUMMY TRUCK STOP #2417,"I-35, EXIT 227",Bonney Lake,WA,124,4.288
3418,DUMMY TRUCK STOP #2418,"I-40, EXIT 198",Barlow,OR,681,4.344
3419,DUMMY TRUCK STOP #2419,"I-95, EXIT 80",Toms River,NJ,756,3.778
3420,DUMMY TRUCK STOP #2420,"I-75, EXIT 295",South Pasadena,CA,900,4.625
3421,DUMMY TRUCK STOP #2421,"I-65, EXIT 240",Oak Harbor,OH,351,3.732
3422,DUMMY TRUCK STOP #2422,"I-25, EXIT 250",Idabel,OK,423,3.052
3423,DUMMY TRUCK STOP #2423,"I-90, EXIT 322",Columbus,MS,136,2.965
3424,DUMMY TRUCK STOP #2424,"I-20, EXIT 34",Beachwood,NJ,187,3.655
3425,DUMMY TRUCK STOP #2425,"I-10, EXIT 170",Waldorf,MD,192,4.001
3426,DUMMY TRUCK STOP #2426,"I-65, EXIT 183",Ak-Chin Village,AZ,307,3.904
3427,DUMMY TRUCK STOP #2427,"I-64, EXIT 34",Woodmore,MD,471,3.582
3428,DUMMY TRUCK STOP #2428,"I-65, EXIT 299",Westwood Hills,KS,557,2.797
3429,DUMMY TRUCK STOP #2429,"I-64, EXIT 156",St. Anthony,ID,203,3.423
3430,DUMMY TRUCK STOP #2430,"I-94, EXIT 82",Pontoosuc,IL,255,3.844
3431,DUMMY TRUCK STOP #2431,"I-80, EXIT 82",Ashland,ME,675,3.647
3432,DUMMY TRUCK STOP #2432,"I-94, EXIT 322",Honea Path,SC,580,3.377
3433,DUMMY TRUCK STOP #2433,"I-44, EXIT 59",Crawford,NE,779,3.305
3434,DUMMY TRUCK STOP #2434,"I-25, EXIT 228",Divernon,IL,199,3.661
3435,DUMMY TRUCK STOP #2435,"I-75, EXIT 243",Ambia,IN,488,3.753
3436,DUMMY TRUCK STOP #2436,"I-85, EXIT 88",Lake Hart,FL,885,3.403
3437,DUMMY TRUCK STOP #2437,"I-70, EXIT 226",Baldwin,GA,698,3.623
3438,DUMMY TRUCK STOP #2438,"I-95, EXIT 94",Los Altos Hills,CA,558,4.784
3439,DUMMY TRUCK STOP #2439,"I-95, EXIT 177",Haven,KS,447,3.625
3440,DUMMY TRUCK STOP #2440,"I-15, EXIT 190",Point Comfort,TX,170,2.855
3441,DUMMY TRUCK STOP #2441,"I-75, EXIT 77",Wall,SD,213,3.511
3442,DUMMY TRUCK STOP #2442,"I-40, EXIT 325",Altona,CO,428,3.776
3443,DUMMY TRUCK STOP #2443,"I-15, EXIT 182",Wilton,WI,717,3.366
3444,DUMMY TRUCK STOP #2444,"I-85, EXIT 9",Ridgeway,SC,736,3.608
3445,DUMMY TRUCK STOP #2445,"I-35, EXIT 187",Pueblo of Sandia Village,NM,358,3.595
3446,DUMMY TRUCK STOP #2446,"I-40, EXIT 263",Lucas,TX,386,3.032
3447,DUMMY TRUCK STOP #2447,"I-5, EXIT 251",Patton,PA,426,4.437
3448,DUMMY TRUCK STOP #2448,"I-35, EXIT 27",Ettrick,VA,764,3.506
3449,DUMMY TRUCK STOP #2449,"I-81, EXIT 222",Tuckahoe,NJ,445,3.861
3450,DUMMY TRUCK STOP #2450,"I-10, EXIT 140",Emerson,AR,867,3.404
3451,DUMMY TRUCK STOP #2451,"I-15, EXIT 171",Union Hall,VA,664,3.813
3452,DUMMY TRUCK STOP #2452,"I-10, EXIT 67",North Hodge,LA,739,3.242
3453,DUMMY TRUCK STOP #2453,"I-64, EXIT 195",Wallingford,VT,304,3.835
3454,DUMMY TRUCK STOP #2454,"I-85, EXIT 195",Irmo,SC,497,3.316
3455,DUMMY TRUCK STOP #2455,"I-75, EXIT 172",Ruthville,ND,475,3.762
3456,DUMMY TRUCK STOP #2456,"I-90, EXIT 218",Eglin AFB,FL,516,3.560
3457,DUMMY TRUCK STOP #2457,"I-70, EXIT 134",Macon,NC,665,3.425
3458,DUMMY TRUCK STOP #2458,"I-40, EXIT 251",Edwardsburg,MI,388,3.608
3459,DUMMY TRUCK STOP #2459,"I-15, EXIT 342",Americus,GA,426,3.308
3460,DUMMY TRUCK STOP #2460,"I-90, EXIT 59",Hampton,GA,123,3.746
3461,DUMMY TRUCK STOP #2461,"I-20, EXIT 125",Swan Valley,ID,176,3.821
3462,DUMMY TRUCK STOP #2462,"I-35, EXIT 192",Lamar,TX,166,2.847
3463,DUMMY TRUCK STOP #2463,"I-15, EXIT 39",New Pine Creek,OR,109,4.384
3464,DUMMY TRUCK STOP #2464,"I-5, EXIT 175",Russellville,SC,732,3.567
3465,DUMMY TRUCK STOP #2465,"I-81, EXIT 324",Broughton,OH,438,3.915
3466,DUMMY TRUCK STOP #2466,"I-20, EXIT 314",Bivins,TX,224,3.252
3467,DUMMY TRUCK STOP #2467,"I-15, EXIT 96",Martin,GA,193,3.442
3468,DUMMY TRUCK STOP #2468,"I-15, EXIT 2",Holters Crossing,PA,543,4.084
3469,DUMMY TRUCK STOP #2469,"I-10, EXIT 41",Brewer,MO,496,3.234
3470,DUMMY TRUCK STOP #2470,"I-65, EXIT 321",Marshall,AR,642,3.123
3471,DUMMY TRUCK STOP #2471,"I-85, EXIT 310",Nassau,MN,823,3.617
3472,DUMMY TRUCK STOP #2472,"I-35, EXIT 241",East Douglas,MA,394,3.911
3473,DUMMY TRUCK STOP #2473,"I-10, EXIT 227",Olustee,OK,289,3.122
3474,DUMMY TRUCK STOP #2474,"I-90, EXIT 4",Hanover,PA,181,3.811
3475,DUMMY TRUCK STOP #2475,"I-25, EXIT 278",Hillsdale,IN,689,3.804
3476,DUMMY TRUCK STOP #2476,"I-40, EXIT 64",Flemington,MO,819,3.307
3477,DUMMY TRUCK STOP #2477,"I-65, EXIT 117",Dawson,ND,266,3.509
3478,DUMMY TRUCK STOP #2478,"I-75, EXIT 326",Vinton,IA,706,3.234
3479,DUMMY TRUCK STOP #2479,"I-64, EXIT 112",Trucksville,PA,536,3.996
3480,DUMMY TRUCK STOP #2480,"I-55, EXIT 177",Southpointe,PA,853,4.228
3481,DUMMY TRUCK STOP #2481,"I-55, EXIT 145",Northville,SD,872,3.401
3482,DUMMY TRUCK STOP #2482,"I-35, EXIT 34",Ionia,MO,163,3.221
3483,DUMMY TRUCK STOP #2483,"I-10, EXIT 318",Fairland,IN,873,3.903
3484,DUMMY TRUCK STOP #2484,"I-80, EXIT 41",Grenville,NM,790,3.514
3485,DUMMY TRUCK STOP #2485,"I-5, EXIT 346",Knox,IN,190,3.776
3486,DUMMY TRUCK STOP #2486,"I-65, EXIT 302",Winona,KS,889,2.966
3487,DUMMY TRUCK STOP #2487,"I-15, EXIT 292",Benjamin Perez,TX,368,3.297
3488,DUMMY TRUCK STOP #2488,"I-65, EXIT 231",Parker,SD,466,3.314
3489,DUMMY TRUCK STOP #2489,"I-85, EXIT 154",Canyon Creek,MT,881,3.590
3490,DUMMY TRUCK STOP #2490,"I-85, EXIT 161",Lubbock,TX,659,2.944
3491,DUMMY TRUCK STOP #2491,"I-95, EXIT 88",Elwood,IL,143,3.917
3492,DUMMY TRUCK STOP #2492,"I-70, EXIT 210",Popponesset,MA,576,3.599
3493,DUMMY TRUCK STOP #2493,"I-75, EXIT 238",Red Oak,OK,575,3.266
3494,DUMMY TRUCK STOP #2494,"I-81, EXIT 79",Orient,NY,245,4.041
3495,DUMMY TRUCK STOP #2495,"I-5, EXIT 72",Conception,MO,424,3.186
3496,DUMMY TRUCK STOP #2496,"I-75, EXIT 324",Baraboo,WI,252,3.273
3497,DUMMY TRUCK STOP #2497,"I-35, EXIT 78",Oak Grove,SC,707,3.276
3498,DUMMY TRUCK STOP #2498,"I-35, EXIT 112",Sheldahl,IA,197,3.368
3499,DUMMY TRUCK STOP #2499,"I-55, EXIT 173",Delmont,SD,302,3.602
3500,DUMMY TRUCK STOP #2500,"I-5, EXIT 255",Lakeview,MI,501,3.721
3501,DUMMY TRUCK STOP #2501,"I-94, EXIT 143",Panaca,NV,333,4.235
3502,DUMMY TRUCK STOP #2502,"I-40, EXIT 250",Washington Crossing,NJ,721,4.134
3503,DUMMY TRUCK STOP #2503,"I-35, EXIT 250",Vesta,MN,781,3.468
3504,DUMMY TRUCK STOP #2504,"I-10, EXIT 181",Gumbranch,GA,208,3.161
3505,DUMMY TRUCK STOP #2505,"I-85, EXIT 312",Dell City,TX,396,3.295
3506,DUMMY TRUCK STOP #2506,"I-25, EXIT 121",Hodgkins,IL,631,3.865
3507,DUMMY TRUCK STOP #2507,"I-80, EXIT 252",Rockwood,TN,113,3.604
3508,DUMMY TRUCK STOP #2508,"I-64, EXIT 324",Statesville,NC,262,3.337
3509,DUMMY TRUCK STOP #2509,"I-80, EXIT 314",Lauderhill,FL,224,3.418
3510,DUMMY TRUCK STOP #2510,"I-25, EXIT 272",East Middlebury,VT,388,3.732
3511,DUMMY TRUCK STOP #2511,"I-25, EXIT 190",Schaefer Lake,IN,678,3.656
3512,DUMMY TRUCK STOP #2512,"I-85, EXIT 33",Alpaugh,CA,118,4.896
3513,DUMMY TRUCK STOP #2513,"I-40, EXIT 168",Metamora,OH,804,3.523
3514,DUMMY TRUCK STOP #2514,"I-44, EXIT 161",Turner,MT,749,3.661
3515,DUMMY TRUCK STOP #2515,"I-55, EXIT 285",Lowell,VT,448,4.017
3516,DUMMY TRUCK STOP #2516,"I-95, EXIT 170",Auburn,MI,815,3.456
3517,DUMMY TRUCK STOP #2517,"I-65, EXIT 324",East Williston,NY,686,4.182
3518,DUMMY TRUCK STOP #2518,"I-44, EXIT 304",Kimball,WV,724,3.688
3519,DUMMY TRUCK STOP #2519,"I-85, EXIT 289",Eagle Lake,PA,581,4.077
3520,DUMMY TRUCK STOP #2520,"I-5, EXIT 161",Quitman,TX,623,3.482
3521,DUMMY TRUCK STOP #2521,"I-25, EXIT 320",Island Heights,NJ,429,3.980
3522,DUMMY TRUCK STOP #2522,"I-15, EXIT 271",Schertz,TX,602,3.029
3523,DUMMY TRUCK STOP #2523,"I-55, EXIT 35",Allentown,FL,560,3.124
3524,DUMMY TRUCK STOP #2524,"I-75, EXIT 99",Walcott,IA,888,3.440
3525,DUMMY TRUCK STOP #2525,"I-10, EXIT 243",Orland,CA,352,4.734
3526,DUMMY TRUCK STOP #2526,"I-44, EXIT 325",Cedar Grove,WV,103,3.699
3527,DUMMY TRUCK STOP #2527,"I-85, EXIT 288",Epworth,GA,249,3.193
3528,DUMMY TRUCK STOP #2528,"I-55, EXIT 164",McCausland,IA,596,3.647
3529,DUMMY TRUCK STOP #2529,"I-94, EXIT 103",Jefferson City,MO,761,3.444
3530,DUMMY TRUCK STOP #2530,"I-40, EXIT 306",Forked River,NJ,719,3.827
3531,DUMMY TRUCK STOP #2531,"I-40, EXIT 269",Elkhorn,WI,616,3.663
3532,DUMMY TRUCK STOP #2532,"I-64, EXIT 128",Lakeside,TX,485,3.351
3533,DUMMY TRUCK STOP #2533,"I-5, EXIT 153",Branson West,MO,367,2.906
3534,DUMMY TRUCK STOP #2534,"I-40, EXIT 74",Seal Beach,CA,403,4.905
3535,DUMMY TRUCK STOP #2535,"I-80, EXIT 41",Trout Valley,IL,477,4.058
3536,DUMMY TRUCK STOP #2536,"I-81, EXIT 76",Decatur,TX,557,3.191
3537,DUMMY TRUCK STOP #2537,"I-81, EXIT 161",La Russell,MO,210,3.039
3538,DUMMY TRUCK STOP #2538,"I-55, EXIT 234",Chevy Chase Section Five,MD,382,3.437
3539,DUMMY TRUCK STOP #2539,"I-64, EXIT 84",Picacho,AZ,700,3.929
3540,DUMMY TRUCK STOP #2540,"I-25, EXIT 166",Rush City,MN,117,3.733
3541,DUMMY TRUCK STOP #2541,"I-94, EXIT 245",Ashland,CA,477,5.008
3542,DUMMY TRUCK STOP #2542,"I-25, EXIT 162",Buhl,MN,837,3.754
3543,DUMMY TRUCK STOP #2543,"I-80, EXIT 331",Kingsbury,NV,431,4.021
3544,DUMMY TRUCK STOP #2544,"I-75, EXIT 92",Caseville,MI,434,3.729
3545,DUMMY TRUCK STOP #2545,"I-64, EXIT 166",Grandview,IN,679,3.519
3546,DUMMY TRUCK STOP #2546,"I-95, EXIT 21",Ortonville,MI,623,3.502
3547,DUMMY TRUCK STOP #2547,"I-25, EXIT 255",Muscoy,CA,165,5.019
3548,DUMMY TRUCK STOP #2548,"I-15, EXIT 72",Comstock Northwest,MI,255,3.798
3549,DUMMY TRUCK STOP #2549,"I-44, EXIT 48",West Union,IL,872,3.886
3550,DUMMY TRUCK STOP #2550,"I-70, EXIT 183",San Jose,AZ,446,3.914
3551,DUMMY TRUCK STOP #2551,"I-15, EXIT 253",Livermore,KY,510,3.594
3552,DUMMY TRUCK STOP #2552,"I-94, EXIT 32",Westmorland,CA,637,4.831
3553,DUMMY TRUCK STOP #2553,"I-25, EXIT 281",Myra,TX,191,2.875
3554,DUMMY TRUCK STOP #2554,"I-40, EXIT 230",Falls Creek,PA,262,4.209
3555,DUMMY TRUCK STOP #2555,"I-55, EXIT 117",Rochester,OH,345,3.997
3556,DUMMY TRUCK STOP #2556,"I-10, EXIT 331",Marion,LA,799,3.513
3557,DUMMY TRUCK STOP #2557,"I-44, EXIT 246",Centertown,TN,143,3.245
3558,DUMMY TRUCK STOP #2558,"I-10, EXIT 113",Punta Rassa,FL,876,3.479
3559,DUMMY TRUCK STOP #2559,"I-25, EXIT 257",Lake Helen,FL,427,3.511
3560,DUMMY TRUCK STOP #2560,"I-65, EXIT 199",Floral,AR,874,3.353
3561,DUMMY TRUCK STOP #2561,"I-90, EXIT 149",Woodburn,IA,604,3.230
3562,DUMMY TRUCK STOP #2562,"I-5, EXIT 343",Kurten,TX,831,3.015
3563,DUMMY TRUCK STOP #2563,"I-10, EXIT 103",Grass Range,MT,703,3.526
3564,DUMMY TRUCK STOP #2564,"I-10, EXIT 107",Takilma,OR,335,3.985
3565,DUMMY TRUCK STOP #2565,"I-15, EXIT 298",Lakeside City,TX,476,3.131
3566,DUMMY TRUCK STOP #2566,"I-90, EXIT 85",Lely,FL,506,3.489
3567,DUMMY TRUCK STOP #2567,"I-64, EXIT 137",Zelienople,PA,669,4.102
3568,DUMMY TRUCK STOP #2568,"I-70, EXIT 262",Catawissa,PA,497,4.267
3569,DUMMY TRUCK STOP #2569,"I-55, EXIT 172",Carter,MT,300,3.665
3570,DUMMY TRUCK STOP #2570,"I-65, EXIT 134",Huntsville,MO,502,3.302
3571,DUMMY TRUCK STOP #2571,"I-5, EXIT 229",Manning,ND,717,3.608
3572,DUMMY TRUCK STOP #2572,"I-90, EXIT 208",Fairfield,AL,309,3.400
3573,DUMMY TRUCK STOP #2573,"I-20, EXIT 106",Menifee,CA,304,4.771
3574,DUMMY TRUCK STOP #2574,"I-95, EXIT 153",Bellemont,AZ,806,3.898
3575,DUMMY TRUCK STOP #2575,"I-64, EXIT 185",Ackworth,IA,574,3.178
3576,DUMMY TRUCK STOP #2576,"I-10, EXIT 332",Ritchie,IL,741,3.466
3577,DUMMY TRUCK STOP #2577,"I-55, EXIT 112",Lovelady,TX,623,3.198
3578,DUMMY TRUCK STOP #2578,"I-5, EXIT 159",Surfside,FL,112,3.875
3579,DUMMY TRUCK STOP #2579,"I-65, EXIT 106",Burke,NY,611,4.174
3580,DUMMY TRUCK STOP #2580,"I-75, EXIT 168",Crocker,WA,568,4.561
3581,DUMMY TRUCK STOP #2581,"I-35, EXIT 252",Accoville,WV,591,3.843
3582,DUMMY TRUCK STOP #2582,"I-94, EXIT 306",West New York,NJ,392,3.826
3583,DUMMY TRUCK STOP #2583,"I-44, EXIT 40",Coffeeville,MS,731,3.274
3584,DUMMY TRUCK STOP #2584,"I-20, EXIT 1",Paonia,CO,131,3.294
3585,DUMMY TRUCK STOP #2585,"I-55, EXIT 1",Bristol,SD,410,3.140
3586,DUMMY TRUCK STOP #2586,"I-81, EXIT 196",Follansbee,WV,846,3.358
3587,DUMMY TRUCK STOP #2587,"I-10, EXIT 189",Hobbs,IN,320,3.653
3588,DUMMY TRUCK STOP #2588,"I-40, EXIT 217",Moscow,KS,859,3.206
3589,DUMMY TRUCK STOP #2589,"I-80, EXIT 335",West Simsbury,CT,122,4.151
3590,DUMMY TRUCK STOP #2590,"I-64, EXIT 18",Russell,AR,222,3.200
3591,DUMMY TRUCK STOP #2591,"I-40, EXIT 62",Jefferson,IN,751,3.705
3592,DUMMY TRUCK STOP #2592,"I-5, EXIT 244",Westport,MN,278,3.633
3593,DUMMY TRUCK STOP #2593,"I-44, EXIT 234",Winchester,WI,693,3.526
3594,DUMMY TRUCK STOP #2594,"I-94, EXIT 140",Fairgarden,TN,376,3.307
3595,DUMMY TRUCK STOP #2595,"I-15, EXIT 79",Belmont,OH,320,3.929
3596,DUMMY TRUCK STOP #2596,"I-15, EXIT 204",Paris,MO,794,3.233
3597,DUMMY TRUCK STOP #2597,"I-80, EXIT 239",Desert Center,CA,522,4.714
3598,DUMMY TRUCK STOP #2598,"I-35, EXIT 7",Orchard City,CO,690,3.584
3599,DUMMY TRUCK STOP #2599,"I-55, EXIT 145",Maypearl,TX,836,3.360
3600,DUMMY TRUCK STOP #2600,"I-85, EXIT 104",Winnebago,NE,373,3.192
3601,DUMMY TRUCK STOP #2601,"I-40, EXIT 121",Littleton,NC,806,3.592
3602,DUMMY TRUCK STOP #2602,"I-81, EXIT 1",Lee Acres,NM,765,3.472
3603,DUMMY TRUCK STOP #2603,"I-80, EXIT 287",Town Creek,AL,819,3.523
3604,DUMMY TRUCK STOP #2604,"I-85, EXIT 119",Friendship,OH,832,3.763
3605,DUMMY TRUCK STOP #2605,"I-70, EXIT 46",Highland Park,NJ,712,3.882
3606,DUMMY TRUCK STOP #2606,"I-70, EXIT 234",St. Bonaventure,NY,583,4.104
3607,DUMMY TRUCK STOP #2607,"I-70, EXIT 283",Markle,IN,653,3.583
3608,DUMMY TRUCK STOP #2608,"I-25, EXIT 165",Grantley,PA,852,4.002
3609,DUMMY TRUCK STOP #2609,"I-95, EXIT 206",Pahokee,FL,481,3.382
3610,DUMMY TRUCK STOP #2610,"I-81, EXIT 178",Collyer,KS,885,3.109
3611,DUMMY TRUCK STOP #2611,"I-85, EXIT 346",North Tunica,MS,655,3.113
3612,DUMMY TRUCK STOP #2612,"I-80, EXIT 185",Blountsville,AL,542,3.619
3613,DUMMY TRUCK STOP #2613,"I-25, EXIT 171",Lisbon,ND,467,3.618
3614,DUMMY TRUCK STOP #2614,"I-81, EXIT 231",Funkstown,MD,871,3.671
3615,DUMMY TRUCK STOP #2615,"I-10, EXIT 176",Leiters Ford,IN,618,3.486
3616,DUMMY TRUCK STOP #2616,"I-25, EXIT 307",Ovid,NY,449,4.084
3617,DUMMY TRUCK STOP #2617,"I-35, EXIT 294",Skyline,MN,242,3.171
3618,DUMMY TRUCK STOP #2618,"I-40, EXIT 203",Calhoun,IL,183,3.715
3619,DUMMY TRUCK STOP #2619,"I-90, EXIT 279",Commerce,OK,142,3.315
3620,DUMMY TRUCK STOP #2620,"I-90, EXIT 54",Gerty,OK,689,2.818
3621,DUMMY TRUCK STOP #2621,"I-35, EXIT 117",Petersburg,WV,800,4.020
3622,DUMMY TRUCK STOP #2622,"I-65, EXIT 251",Riverdale,NJ,219,3.861
3623,DUMMY TRUCK STOP #2623,"I-70, EXIT 281",Snow Hill,MD,504,3.444
3624,DUMMY TRUCK STOP #2624,"I-90, EXIT 337",French Gulch,CA,502,5.055
3625,DUMMY TRUCK STOP #2625,"I-80, EXIT 55",Tavistock,NJ,331,3.882
3626,DUMMY TRUCK STOP #2626,"I-81, EXIT 80",Vaughn,NM,810,3.614
3627,DUMMY TRUCK STOP #2627,"I-5, EXIT 259",Westboro,WI,210,3.542
3628,DUMMY TRUCK STOP #2628,"I-85, EXIT 74",Hobart,WI,173,3.379
3629,DUMMY TRUCK STOP #2629,"I-75, EXIT 156",Alpha,NJ,314,3.798
3630,DUMMY TRUCK STOP #2630,"I-94, EXIT 327",East Moriches,NY,198,4.005
3631,DUMMY TRUCK STOP #2631,"I-5, EXIT 16",Christopher Creek,AZ,402,3.962
3632,DUMMY TRUCK STOP #2632,"I-20, EXIT 107",Stronach,MI,290,3.665
3633,DUMMY TRUCK STOP #2633,"I-15, EXIT 130",Graniteville,VT,563,3.727
3634,DUMMY TRUCK STOP #2634,"I-20, EXIT 217",Dayton,MT,466,3.360
3635,DUMMY TRUCK STOP #2635,"I-64, EXIT 176",Marianna,AR,497,3.236
3636,DUMMY TRUCK STOP #2636,"I-70, EXIT 107",Hudson,OH,411,3.678
3637,DUMMY TRUCK STOP #2637,"I-85, EXIT 326",Perrinton,MI,729,3.484
3638,DUMMY TRUCK STOP #2638,"I-95, EXIT 22",Burr Oak,MI,795,3.804
3639,DUMMY TRUCK STOP #2639,"I-65, EXIT 180",Vincennes,IN,131,3.705
3640,DUMMY TRUCK STOP #2640,"I-55, EXIT 243",Silverdale,PA,492,4.052
3641,DUMMY TRUCK STOP #2641,"I-80, EXIT 301",Thomaston,AL,735,3.306
3642,DUMMY TRUCK STOP #2642,"I-70, EXIT 252",Mount Rainier,MD,127,3.292
3643,DUMMY TRUCK STOP #2643,"I-15, EXIT 244",West Brule,SD,358,3.063
3644,DUMMY TRUCK STOP #2644,"I-94, EXIT 48",Freedom,CA,184,5.066
3645,DUMMY TRUCK STOP #2645,"I-20, EXIT 233",North Windham,ME,488,3.610
3646,DUMMY TRUCK STOP #2646,"I-65, EXIT 124",Lizton,IN,718,4.089
3647,DUMMY TRUCK STOP #2647,"I-64, EXIT 283",Mount Carbon,PA,895,4.097
3648,DUMMY TRUCK STOP #2648,"I-81, EXIT 111",West Mansfield,OH,728,3.695
3649,DUMMY TRUCK STOP #2649,"I-25, EXIT 304",Metaline Falls,WA,791,4.428
3650,DUMMY TRUCK STOP #2650,"I-5, EXIT 260",Colorado Springs,CO,555,3.564
3651,DUMMY TRUCK STOP #2651,"I-55, EXIT 290",Saxon,SC,497,3.403
3652,DUMMY TRUCK STOP #2652,"I-94, EXIT 335",Wells Bridge,NY,841,4.198
3653,DUMMY TRUCK STOP #2653,"I-90, EXIT 252",Newmanstown,PA,278,4.278
3654,DUMMY TRUCK STOP #2654,"I-81, EXIT 151",White Haven,PA,266,4.122
3655,DUMMY TRUCK STOP #2655,"I-80, EXIT 57",Grosse Tete,LA,803,3.486
3656,DUMMY TRUCK STOP #2656,"I-25, EXIT 40",Goulds,FL,303,3.560
3657,DUMMY TRUCK STOP #2657,"I-75, EXIT 335",Moro,AR,280,3.115
3658,DUMMY TRUCK STOP #2658,"I-75, EXIT 23",Morton,WA,409,4.465
3659,DUMMY TRUCK STOP #2659,"I-95, EXIT 253",Armonk,NY,334,4.217
3660,DUMMY TRUCK STOP #2660,"I-81, EXIT 60",Shoreline,WA,203,4.600
3661,DUMMY TRUCK STOP #2661,"I-95, EXIT 13",China Grove,TX,548,3.199
3662,DUMMY TRUCK STOP #2662,"I-85, EXIT 188",Mount Carmel,OH,815,3.782
3663,DUMMY TRUCK STOP #2663,"I-70, EXIT 326",Burley,ID,656,3.444
3664,DUMMY TRUCK STOP #2664,"I-20, EXIT 215",Laguna Heights,TX,585,3.270
3665,DUMMY TRUCK STOP #2665,"I-80, EXIT 35",Rivanna,VA,166,3.738
3666,DUMMY TRUCK STOP #2666,"I-15, EXIT 135",Yukon,OK,780,3.190
3667,DUMMY TRUCK STOP #2667,"I-44, EXIT 71",Verona,MO,223,3.086
3668,DUMMY TRUCK STOP #2668,"I-5, EXIT 83",Sherwood,OR,188,4.342
3669,DUMMY TRUCK STOP #2669,"I-81, EXIT 338",Saco,MT,659,3.360
3670,DUMMY TRUCK STOP #2670,"I-70, EXIT 286",Franklin Furnace,OH,369,3.586
3671,DUMMY TRUCK STOP #2671,"I-35, EXIT 299",Altona,IL,523,3.326
3672,DUMMY TRUCK STOP #2672,"I-20, EXIT 287",Bushland,TX,140,3.216
3673,DUMMY TRUCK STOP #2673,"I-25, EXIT 201",Hillsboro Pines,FL,111,3.511
3674,DUMMY TRUCK STOP #2674,"I-70, EXIT 31",Diamond Springs,CA,622,4.851
3675,DUMMY TRUCK STOP #2675,"I-55, EXIT 300",Fostoria,PA,643,4.071
3676,DUMMY TRUCK STOP #2676,"I-5, EXIT 156",Britton,SD,240,3.314
3677,DUMMY TRUCK STOP #2677,"I-85, EXIT 110",Perryville,MO,293,3.143
3678,DUMMY TRUCK STOP #2678,"I-85, EXIT 245",Des Arc,AR,590,3.372
3679,DUMMY TRUCK STOP #2679,"I-94, EXIT 325",Esbon,KS,742,3.275
3680,DUMMY TRUCK STOP #2680,"I-94, EXIT 37",Kampsville,IL,249,3.908
3681,DUMMY TRUCK STOP #2681,"I-25, EXIT 35",Maynard,AR,589,3.073
3682,DUMMY TRUCK STOP #2682,"I-90, EXIT 38",Byrdstown,TN,679,2.992
3683,DUMMY TRUCK STOP #2683,"I-80, EXIT 321",Hillsboro,IL,470,3.929
3684,DUMMY TRUCK STOP #2684,"I-44, EXIT 135",Kingston,AR,516,3.467
3685,DUMMY TRUCK STOP #2685,"I-65, EXIT 203",Fredonia,KY,128,3.628
3686,DUMMY TRUCK STOP #2686,"I-40, EXIT 344",Arjay,KY,843,3.520
3687,DUMMY TRUCK STOP #2687,"I-44, EXIT 66",Highlands,NJ,590,4.013
3688,DUMMY TRUCK STOP #2688,"I-90, EXIT 209",Cook,MN,761,3.424
3689,DUMMY TRUCK STOP #2689,"I-44, EXIT 307",Coupland,TX,633,3.327
3690,DUMMY TRUCK STOP #2690,"I-64, EXIT 255",Tesuque Pueblo,NM,891,3.266
3691,DUMMY TRUCK STOP #2691,"I-80, EXIT 34",Hilldale Colony,MT,675,3.817
3692,DUMMY TRUCK STOP #2692,"I-15, EXIT 75",Vallonia,IN,891,3.861
3693,DUMMY TRUCK STOP #2693,"I-75, EXIT 144",Danville,AR,575,3.141
3694,DUMMY TRUCK STOP #2694,"I-65, EXIT 156",Ursina,PA,648,3.916
3695,DUMMY TRUCK STOP #2695,"I-85, EXIT 262",Painesville,OH,599,3.381
3696,DUMMY TRUCK STOP #2696,"I-75, EXIT 302",Dalton City,IL,811,3.552
3697,DUMMY TRUCK STOP #2697,"I-95, EXIT 71",West Okoboji,IA,580,3.097
3698,DUMMY TRUCK STOP #2698,"I-65, EXIT 47",Mountain Lake Park,MD,808,3.499
3699,DUMMY TRUCK STOP #2699,"I-90, EXIT 316",Blanding,UT,746,3.436
3700,DUMMY TRUCK STOP #2700,"I-15, EXIT 129",Hutterville Colony,SD,744,3.411
3701,DUMMY TRUCK STOP #2701,"I-64, EXIT 305",Rye,AR,625,3.234
3702,DUMMY TRUCK STOP #2702,"I-44, EXIT 161",Jensen,UT,431,3.742
3703,DUMMY TRUCK STOP #2703,"I-70, EXIT 157",Versailles,OH,296,3.894
3704,DUMMY TRUCK STOP #2704,"I-65, EXIT 266",Gillis,LA,792,3.122
3705,DUMMY TRUCK STOP #2705,"I-80, EXIT 343",Manilla,IA,774,3.230
3706,DUMMY TRUCK STOP #2706,"I-40, EXIT 314",Woodside East,DE,242,3.674
3707,DUMMY TRUCK STOP #2707,"I-40, EXIT 186",Nixon,TN,829,3.389
3708,DUMMY TRUCK STOP #2708,"I-94, EXIT 284",Reading,MA,428,3.340
3709,DUMMY TRUCK STOP #2709,"I-90, EXIT 89",Bloomfield,MO,220,3.257
3710,DUMMY TRUCK STOP #2710,"I-64, EXIT 327",East Grand Forks,MN,352,3.692
3711,DUMMY TRUCK STOP #2711,"I-65, EXIT 94",Robinson,PA,763,4.137
3712,DUMMY TRUCK STOP #2712,"I-85, EXIT 192",Chesapeake,MO,351,3.506
3713,DUMMY TRUCK STOP #2713,"I-95, EXIT 236",Parma,MI,650,3.478
3714,DUMMY TRUCK STOP #2714,"I-65, EXIT 75",St. Martinville,LA,360,3.430
3715,DUMMY TRUCK STOP #2715,"I-75, EXIT 282",Bureau Junction,IL,502,3.692
3716,DUMMY TRUCK STOP #2716,"I-5, EXIT 35",Rockville,NE,293,3.265
3717,DUMMY TRUCK STOP #2717,"I-85, EXIT 233",Millersburg,OR,663,4.252
3718,DUMMY TRUCK STOP #2718,"I-95, EXIT 142",Stapleton,NE,623,3.222
3719,DUMMY TRUCK STOP #2719,"I-10, EXIT 219",Norwood,MA,743,3.491
3720,DUMMY TRUCK STOP #2720,"I-85, EXIT 305",Linden,TN,210,3.251
3721,DUMMY TRUCK STOP #2721,"I-20, EXIT 72",Moorestown-Lenola,NJ,285,3.674
3722,DUMMY TRUCK STOP #2722,"I-20, EXIT 186",Gilmore City,IA,878,3.376
3723,DUMMY TRUCK STOP #2723,"I-15, EXIT 143",Robbins,TN,210,3.319
3724,DUMMY TRUCK STOP #2724,"I-94, EXIT 275",North Shore,CA,374,4.693
3725,DUMMY TRUCK STOP #2725,"I-80, EXIT 105",Lincoln University,PA,140,4.106
3726,DUMMY TRUCK STOP #2726,"I-95, EXIT 31",Elizabeth,MS,110,3.258
3727,DUMMY TRUCK STOP #2727,"I-55, EXIT 146",Mayflower Village,CA,540,5.128
3728,DUMMY TRUCK STOP #2728,"I-44, EXIT 119",Redwater,MS,325,3.518
3729,DUMMY TRUCK STOP #2729,"I-55, EXIT 283",Roxobel,NC,462,3.278
3730,DUMMY TRUCK STOP #2730,"I-44, EXIT 78",South Charleston,WV,123,3.442
3731,DUMMY TRUCK STOP #2731,"I-44, EXIT 88",Silverton,ID,492,3.552
3732,DUMMY TRUCK STOP #2732,"I-40, EXIT 278",Amenia,NY,731,4.098
3733,DUMMY TRUCK STOP #2733,"I-95, EXIT 315",Fontana,KS,376,3.356
3734,DUMMY TRUCK STOP #2734,"I-85, EXIT 64",Oneida,KY,197,3.462
3735,DUMMY TRUCK STOP #2735,"I-44, EXIT 236",Glen Wilton,VA,724,3.554
3736,DUMMY TRUCK STOP #2736,"I-35, EXIT 89",Mi-Wuk Village,CA,325,4.934
3737,DUMMY TRUCK STOP #2737,"I-64, EXIT 223",Benton,LA,693,3.247
3738,DUMMY TRUCK STOP #2738,"I-75, EXIT 229",Blair,OK,318,3.164
3739,DUMMY TRUCK STOP #2739,"I-80, EXIT 228",Harper,KS,553,3.289
3740,DUMMY TRUCK STOP #2740,"I-25, EXIT 197",Somerset,KS,729,3.597
3741,DUMMY TRUCK STOP #2741,"I-55, EXIT 106",Columbus,WI,789,3.450
3742,DUMMY TRUCK STOP #2742,"I-85, EXIT 224",Rutherford College,NC,636,3.411
3743,DUMMY TRUCK STOP #2743,"I-90, EXIT 316",Gilberton,PA,497,4.030
3744,DUMMY TRUCK STOP #2744,"I-81, EXIT 311",Hickory,MS,310,3.231
3745,DUMMY TRUCK STOP #2745,"I-75, EXIT 87",Mountain Park,GA,513,3.154
3746,DUMMY TRUCK STOP #2746,"I-40, EXIT 112",Helix,OR,421,4.401
3747,DUMMY TRUCK STOP #2747,"I-64, EXIT 119",Faucett,MO,488,3.113
3748,DUMMY TRUCK STOP #2748,"I-85, EXIT 13",Eldersburg,MD,802,3.715
3749,DUMMY TRUCK STOP #2749,"I-15, EXIT 232",Hartsburg,MO,830,3.324
3750,DUMMY TRUCK STOP #2750,"I-5, EXIT 200",Lavaca,AR,685,3.197
3751,DUMMY TRUCK STOP #2751,"I-85, EXIT 224",Liberty,PA,841,3.951
3752,DUMMY TRUCK STOP #2752,"I-81, EXIT 218",Spring Glen,UT,191,3.746
3753,DUMMY TRUCK STOP #2753,"I-55, EXIT 188",Frederick,MD,366,3.446
3754,DUMMY TRUCK STOP #2754,"I-85, EXIT 81",Litchville,ND,272,3.564
3755,DUMMY TRUCK STOP #2755,"I-90, EXIT 307",Armstrong,MO,643,3.246
3756,DUMMY TRUCK STOP #2756,"I-40, EXIT 19",Milo,IA,490,3.584
3757,DUMMY TRUCK STOP #2757,"I-15, EXIT 82",Freeland,WA,194,4.249
3758,DUMMY TRUCK STOP #2758,"I-94, EXIT 26",Charleston,TN,356,3.529
3759,DUMMY TRUCK STOP #2759,"I-81, EXIT 77",Callender,CA,400,5.117
3760,DUMMY TRUCK STOP #2760,"I-25, EXIT 224",La Palma,CA,385,4.949
3761,DUMMY TRUCK STOP #2761,"I-80, EXIT 160",Kendrick,OK,270,3.230
3762,DUMMY TRUCK STOP #2762,"I-90, EXIT 35",Lakemore,OH,337,3.616
3763,DUMMY TRUCK STOP #2763,"I-95, EXIT 336",Kent,MN,858,3.674
3764,DUMMY TRUCK STOP #2764,"I-35, EXIT 148",Blandford,MA,661,3.419
3765,DUMMY TRUCK STOP #2765,"I-35, EXIT 121",Finderne,NJ,117,3.664
3766,DUMMY TRUCK STOP #2766,"I-40, EXIT 309",Rives,TN,829,3.335
3767,DUMMY TRUCK STOP #2767,"I-55, EXIT 92",Stouchsburg,PA,646,4.324
3768,DUMMY TRUCK STOP #2768,"I-20, EXIT 237",Scipio,OK,666,3.294
3769,DUMMY TRUCK STOP #2769,"I-25, EXIT 274",Boulder,WY,291,3.470
3770,DUMMY TRUCK STOP #2770,"I-44, EXIT 5",Coulee City,WA,433,4.162
3771,DUMMY TRUCK STOP #2771,"I-90, EXIT 11",Ocoee,FL,612,3.689
3772,DUMMY TRUCK STOP #2772,"I-90, EXIT 30",Rosenberg,TX,503,2.908
3773,DUMMY TRUCK STOP #2773,"I-25, EXIT 68",Wingate,NC,347,3.487
3774,DUMMY TRUCK STOP #2774,"I-70, EXIT 294",Randlett,OK,385,3.192
3775,DUMMY TRUCK STOP #2775,"I-20, EXIT 128",Kidder,SD,265,3.207
3776,DUMMY TRUCK STOP #2776,"I-10, EXIT 35",New Auburn,WI,486,3.496
3777,DUMMY TRUCK STOP #2777,"I-90, EXIT 251",Bryant,AR,793,3.347
3778,DUMMY TRUCK STOP #2778,"I-75, EXIT 282",Springdale,WA,654,4.562
3779,DUMMY TRUCK STOP #2779,"I-81, EXIT 332",Fort Irwin,CA,632,4.694
3780,DUMMY TRUCK STOP #2780,"I-70, EXIT 311",Greenfield,IN,691,3.377
3781,DUMMY TRUCK STOP #2781,"I-55, EXIT 269",Elkton,SD,517,3.341
3782,DUMMY TRUCK STOP #2782,"I-35, EXIT 258",North Bend,OH,611,3.406
3783,DUMMY TRUCK STOP #2783,"I-15, EXIT 308",Medford,MA,476,3.634
3784,DUMMY TRUCK STOP #2784,"I-64, EXIT 60",Westphalia,MD,718,3.635
3785,DUMMY TRUCK STOP #2785,"I-64, EXIT 192",Lyons,MI,124,3.846
3786,DUMMY TRUCK STOP #2786,"I-65, EXIT 250",Nanuet,NY,303,4.050
3787,DUMMY TRUCK STOP #2787,"I-25, EXIT 231",Acorn,AR,704,3.250
3788,DUMMY TRUCK STOP #2788,"I-25, EXIT 333",Swannanoa,NC,409,3.325
3789,DUMMY TRUCK STOP #2789,"I-44, EXIT 225",Yalaha,FL,358,3.421
3790,DUMMY TRUCK STOP #2790,"I-85, EXIT 205",Sallisaw,OK,577,3.210
3791,DUMMY TRUCK STOP #2791,"I-40, EXIT 238",Kinloch,MO,233,3.160
3792,DUMMY TRUCK STOP #2792,"I-80, EXIT 27",Arcadia,MI,351,3.531
3793,DUMMY TRUCK STOP #2793,"I-20, EXIT 152",Bellaire,MI,483,4.063
3794,DUMMY TRUCK STOP #2794,"I-10, EXIT 180",Fenton,MO,576,3.076
3795,DUMMY TRUCK STOP #2795,"I-80, EXIT 40",Cross Hill,SC,712,3.617
3796,DUMMY TRUCK STOP #2796,"I-64, EXIT 182",London,CA,624,4.547
3797,DUMMY TRUCK STOP #2797,"I-85, EXIT 35",Rifton,NY,460,4.101
3798,DUMMY TRUCK STOP #2798,"I-65, EXIT 100",Lakeland,FL,417,3.484
3799,DUMMY TRUCK STOP #2799,"I-20, EXIT 75",Arroyo Seco,NM,862,3.546
3800,DUMMY TRUCK STOP #2800,"I-94, EXIT 139",Northborough,MA,161,3.549
3801,DUMMY TRUCK STOP #2801,"I-90, EXIT 191",Coleraine,MN,124,3.625
3802,DUMMY TRUCK STOP #2802,"I-81, EXIT 207",Elizabethtown,KY,442,3.470
3803,DUMMY TRUCK STOP #2803,"I-65, EXIT 146",Richwood,OH,476,3.760
3804,DUMMY TRUCK STOP #2804,"I-10, EXIT 265",Portland,IA,699,3.159
3805,DUMMY TRUCK STOP #2805,"I-85, EXIT 222",St. Wendel,IN,881,3.888
3806,DUMMY TRUCK STOP #2806,"I-90, EXIT 19",Wilson Creek,WA,782,4.585
3807,DUMMY TRUCK STOP #2807,"I-95, EXIT 260",Nutrioso,AZ,168,3.903
3808,DUMMY TRUCK STOP #2808,"I-25, EXIT 194",Newtown,PA,438,3.764
3809,DUMMY TRUCK STOP #2809,"I-55, EXIT 74",Broadlands,IL,245,3.697
3810,DUMMY TRUCK STOP #2810,"I-40, EXIT 48",Waco,NE,731,3.186
3811,DUMMY TRUCK STOP #2811,"I-10, EXIT 23",Long Valley,NJ,410,3.716
3812,DUMMY TRUCK STOP #2812,"I-5, EXIT 69",Petoskey,MI,299,3.820
3813,DUMMY TRUCK STOP #2813,"I-25, EXIT 219",Johnson City,NY,660,4.047
3814,DUMMY TRUCK STOP #2814,"I-95, EXIT 131",Heritage Village,CT,315,4.158
3815,DUMMY TRUCK STOP #2815,"I-10, EXIT 136",Columbus Junction,IA,844,3.417
3816,DUMMY TRUCK STOP #2816,"I-85, EXIT 34",Armour,SD,324,3.400
3817,DUMMY TRUCK STOP #2817,"I-85, EXIT 59",Casey,IA,181,2.853
3818,DUMMY TRUCK STOP #2818,"I-81, EXIT 176",Browntown,PA,731,4.150
3819,DUMMY TRUCK STOP #2819,"I-85, EXIT 133",Gravois Mills,MO,690,3.176
3820,DUMMY TRUCK STOP #2820,"I-94, EXIT 281",Princeton,IL,859,3.628
3821,DUMMY TRUCK STOP #2821,"I-90, EXIT 80",Forbes,ND,783,3.371
3822,DUMMY TRUCK STOP #2822,"I-95, EXIT 267",Wayland,IA,798,3.583
3823,DUMMY TRUCK STOP #2823,"I-44, EXIT 116",Prineville,OR,122,4.156
3824,DUMMY TRUCK STOP #2824,"I-80, EXIT 248",Lake Waconda,NE,378,3.588
3825,DUMMY TRUCK STOP #2825,"I-85, EXIT 208",Hoyleton,IL,152,3.699
3826,DUMMY TRUCK STOP #2826,"I-95, EXIT 154",Delmar,DE,363,3.789
3827,DUMMY TRUCK STOP #2827,"I-44, EXIT 113",Indian River Shores,FL,354,3.580
3828,DUMMY TRUCK STOP #2828,"I-81, EXIT 79",Snyder,TX,200,3.213
3829,DUMMY TRUCK STOP #2829,"I-80, EXIT 205",Lake Almanor West,CA,529,4.681
3830,DUMMY TRUCK STOP #2830,"I-95, EXIT 170",Livonia,MO,406,2.998
3831,DUMMY TRUCK STOP #2831,"I-85, EXIT 340",Unionville,GA,167,3.444
3832,DUMMY TRUCK STOP #2832,"I-65, EXIT 30",Elk Grove,PA,546,4.102
3833,DUMMY TRUCK STOP #2833,"I-80, EXIT 243",Galena,MO,131,3.041
3834,DUMMY TRUCK STOP #2834,"I-65, EXIT 190",Redondo Beach,CA,221,4.857
3835,DUMMY TRUCK STOP #2835,"I-85, EXIT 203",Bronte,TX,702,3.076
3836,DUMMY TRUCK STOP #2836,"I-40, EXIT 208",Tipton,OK,540,3.344
3837,DUMMY TRUCK STOP #2837,"I-35, EXIT 173",Pueblo Nuevo,TX,263,3.237
3838,DUMMY TRUCK STOP #2838,"I-65, EXIT 304",Maryhill Estates,KY,485,3.330
3839,DUMMY TRUCK STOP #2839,"I-15, EXIT 5",Foyil,OK,253,3.200
3840,DUMMY TRUCK STOP #2840,"I-94, EXIT 220",Bel Air South,MD,604,3.534
3841,DUMMY TRUCK STOP #2841,"I-25, EXIT 27",Dalton,PA,102,4.385
3842,DUMMY TRUCK STOP #2842,"I-85, EXIT 91",El Centro Naval Air Facility,CA,133,4.496
3843,DUMMY TRUCK STOP #2843,"I-70, EXIT 348",Cementon,NY,802,4.495
3844,DUMMY TRUCK STOP #2844,"I-70, EXIT 342",Sheep Springs,NM,685,3.834
3845,DUMMY TRUCK STOP #2845,"I-64, EXIT 170",Cawker City,KS,202,3.342
3846,DUMMY TRUCK STOP #2846,"I-10, EXIT 299",Maize,KS,184,3.307
3847,DUMMY TRUCK STOP #2847,"I-40, EXIT 88",Seabrook,TX,500,3.398
3848,DUMMY TRUCK STOP #2848,"I-85, EXIT 56",Clayton,GA,373,3.332
3849,DUMMY TRUCK STOP #2849,"I-90, EXIT 37",East Earl,PA,727,3.843
3850,DUMMY TRUCK STOP #2850,"I-64, EXIT 71",Proctorsville,VT,166,3.462
3851,DUMMY TRUCK STOP #2851,"I-35, EXIT 330",Bairdford,PA,894,3.708
3852,DUMMY TRUCK STOP #2852,"I-90, EXIT 50",Lakewood,OH,608,3.783
3853,DUMMY TRUCK STOP #2853,"I-10, EXIT 202",Woodville,GA,446,3.134
3854,DUMMY TRUCK STOP #2854,"I-35, EXIT 243",Essary Springs,TN,563,3.129
3855,DUMMY TRUCK STOP #2855,"I-64, EXIT 335",Towson,MD,822,3.464
3856,DUMMY TRUCK STOP #2856,"I-75, EXIT 215",Bellmawr,NJ,340,4.016
3857,DUMMY TRUCK STOP #2857,"I-65, EXIT 108",Angelica,WI,346,3.546
3858,DUMMY TRUCK STOP #2858,"I-81, EXIT 77",Darlington,WI,820,3.115
3859,DUMMY TRUCK STOP #2859,"I-95, EXIT 61",Iuka,IL,251,3.841
3860,DUMMY TRUCK STOP #2860,"I-20, EXIT 230",Bondurant,WY,229,3.511
3861,DUMMY TRUCK STOP #2861,"I-65, EXIT 164",Liberty Triangle,FL,693,3.542
3862,DUMMY TRUCK STOP #2862,"I-44, EXIT 247",Lauderdale Lakes,WI,545,3.507
3863,DUMMY TRUCK STOP #2863,"I-94, EXIT 301",Biltmore,TN,409,2.950
3864,DUMMY TRUCK STOP #2864,"I-40, EXIT 243",Oak,NE,771,3.573
3865,DUMMY TRUCK STOP #2865,"I-40, EXIT 177",Paradise Valley,AZ,167,3.953
3866,DUMMY TRUCK STOP #2866,"I-10, EXIT 17",MacArthur,WV,358,3.622
3867,DUMMY TRUCK STOP #2867,"I-81, EXIT 338",East Kingston,NY,507,3.897
3868,DUMMY TRUCK STOP #2868,"I-65, EXIT 231",Plessis,NY,236,4.361
3869,DUMMY TRUCK STOP #2869,"I-80, EXIT 338",Springfield,MA,422,3.720
3870,DUMMY TRUCK STOP #2870,"I-95, EXIT 95",Benton,WI,107,3.177
3871,DUMMY TRUCK STOP #2871,"I-55, EXIT 213",Walden,TN,195,3.373
3872,DUMMY TRUCK STOP #2872,"I-85, EXIT 172",Coopers Plains,NY,251,4.071
3873,DUMMY TRUCK STOP #2873,"I-90, EXIT 310",Cypress Lake,FL,607,3.596
3874,DUMMY TRUCK STOP #2874,"I-55, EXIT 104",Forman,ND,838,3.526
3875,DUMMY TRUCK STOP #2875,"I-5, EXIT 324",Pleasure Point,CA,469,4.771
3876,DUMMY TRUCK STOP #2876,"I-65, EXIT 315",Empire,CA,481,4.796
3877,DUMMY TRUCK STOP #2877,"I-90, EXIT 104",Gotham,WI,316,3.406
3878,DUMMY TRUCK STOP #2878,"I-25, EXIT 171",Goldendale,WA,796,4.522
3879,DUMMY TRUCK STOP #2879,"I-90, EXIT 141",Friendsville,PA,643,3.890
3880,DUMMY TRUCK STOP #2880,"I-75, EXIT 271",Greenfields,PA,704,3.803
3881,DUMMY TRUCK STOP #2881,"I-80, EXIT 21",St. Marie,MT,565,3.412
3882,DUMMY TRUCK STOP #2882,"I-95, EXIT 281",Stonebridge,NJ,397,3.689
3883,DUMMY TRUCK STOP #2883,"I-10, EXIT 146",Sunland Estates,WA,440,4.157
3884,DUMMY TRUCK STOP #2884,"I-5, EXIT 209",Norris,SC,703,3.227
3885,DUMMY TRUCK STOP #2885,"I-85, EXIT 214",Medford,MN,574,3.277
3886,DUMMY TRUCK STOP #2886,"I-95, EXIT 119",Gordon,TX,422,2.922
3887,DUMMY TRUCK STOP #2887,"I-55, EXIT 154",Sackets Harbor,NY,767,4.215
3888,DUMMY TRUCK STOP #2888,"I-10, EXIT 118",Laguna Beach,CA,784,4.640
3889,DUMMY TRUCK STOP #2889,"I-55, EXIT 3",Avalon,FL,643,3.614
3890,DUMMY TRUCK STOP #2890,"I-44, EXIT 21",Highland Heights,KY,327,3.372
3891,DUMMY TRUCK STOP #2891,"I-75, EXIT 2",Monfort Heights,OH,540,3.888
3892,DUMMY TRUCK STOP #2892,"I-10, EXIT 39",Lake Davis,CA,380,4.692
3893,DUMMY TRUCK STOP #2893,"I-80, EXIT 9",Kirbyville,MO,613,2.824
3894,DUMMY TRUCK STOP #2894,"I-64, EXIT 308",West Line,MO,779,3.115
3895,DUMMY TRUCK STOP #2895,"I-40, EXIT 274",Smithville,OK,777,3.662
3896,DUMMY TRUCK STOP #2896,"I-94, EXIT 148",Liberty Corner,NJ,898,4.021
3897,DUMMY TRUCK STOP #2897,"I-75, EXIT 288",Millinocket,ME,843,3.698
3898,DUMMY TRUCK STOP #2898,"I-65, EXIT 91",Chattahoochee,FL,658,3.588
3899,DUMMY TRUCK STOP #2899,"I-80, EXIT 41",Kenefick,TX,436,3.133
3900,DUMMY TRUCK STOP #2900,"I-44, EXIT 246",Herreid,SD,121,3.375
3901,DUMMY TRUCK STOP #2901,"I-55, EXIT 87",Cold Brook,NY,773,4.488
3902,DUMMY TRUCK STOP #2902,"I-64, EXIT 344",Madison,OH,363,3.944
3903,DUMMY TRUCK STOP #2903,"I-40, EXIT 84",Carolina Shores,NC,470,3.112
3904,DUMMY TRUCK STOP #2904,"I-20, EXIT 148",Alhambra,IL,416,3.998
3905,DUMMY TRUCK STOP #2905,"I-15, EXIT 40",Lobeco,SC,259,3.576
3906,DUMMY TRUCK STOP #2906,"I-20, EXIT 2",Coleman,FL,345,3.496
3907,DUMMY TRUCK STOP #2907,"I-55, EXIT 92",Toccopola,MS,216,3.483
3908,DUMMY TRUCK STOP #2908,"I-81, EXIT 173",Portage,WI,224,3.574
3909,DUMMY TRUCK STOP #2909,"I-94, EXIT 239",Orderville,UT,623,3.258
3910,DUMMY TRUCK STOP #2910,"I-20, EXIT 247",Blairsden,CA,784,4.749
3911,DUMMY TRUCK STOP #2911,"I-70, EXIT 48",Lamesa,TX,461,2.912
3912,DUMMY TRUCK STOP #2912,"I-35, EXIT 199",Seaford,DE,293,3.392
3913,DUMMY TRUCK STOP #2913,"I-5, EXIT 318",Manasquan,NJ,884,3.719
3914,DUMMY TRUCK STOP #2914,"I-15, EXIT 33",Winding Cypress,FL,266,3.462
3915,DUMMY TRUCK STOP #2915,"I-94, EXIT 100",Powhattan,KS,590,3.315
3916,DUMMY TRUCK STOP #2916,"I-70, EXIT 16",Lindale,GA,448,3.434
3917,DUMMY TRUCK STOP #2917,"I-80, EXIT 54",Gresham Park,GA,624,3.543
3918,DUMMY TRUCK STOP #2918,"I-75, EXIT 109",Richlawn,KY,271,3.196
3919,DUMMY TRUCK STOP #2919,"I-95, EXIT 35",Curtisville,PA,862,4.144
3920,DUMMY TRUCK STOP #2920,"I-44, EXIT 337",Winthrop Harbor,IL,899,4.039
3921,DUMMY TRUCK STOP #2921,"I-75, EXIT 165",Waterville,ME,757,3.291
3922,DUMMY TRUCK STOP #2922,"I-70, EXIT 102",Millstone,NJ,142,3.861
3923,DUMMY TRUCK STOP #2923,"I-95, EXIT 182",Toronto,IA,117,3.463
3924,DUMMY TRUCK STOP #2924,"I-70, EXIT 333",Radar Base,TX,446,3.176
3925,DUMMY TRUCK STOP #2925,"I-65, EXIT 238",Maxwell,CA,187,4.454
3926,DUMMY TRUCK STOP #2926,"I-25, EXIT 50",Shelbyville,IN,708,3.924
3927,DUMMY TRUCK STOP #2927,"I-95, EXIT 70",Geneva,IL,584,3.496
3928,DUMMY TRUCK STOP #2928,"I-85, EXIT 284",Hilltop,OH,664,3.661
3929,DUMMY TRUCK STOP #2929,"I-10, EXIT 327",Woodway,WA,424,4.425
3930,DUMMY TRUCK STOP #2930,"I-44, EXIT 160",Miller,IA,649,3.188
3931,DUMMY TRUCK STOP #2931,"I-20, EXIT 29",Astor,FL,407,3.566
3932,DUMMY TRUCK STOP #2932,"I-25, EXIT 133",Buffalo,OH,488,3.565
3933,DUMMY TRUCK STOP #2933,"I-80, EXIT 39",Opal,VA,643,3.696
3934,DUMMY TRUCK STOP #2934,"I-70, EXIT 39",Lansford,ND,610,3.499
3935,DUMMY TRUCK STOP #2935,"I-5, EXIT 14",Fort Sumner,NM,391,3.395
3936,DUMMY TRUCK STOP #2936,"I-65, EXIT 95",South Oroville,CA,828,4.892
3937,DUMMY TRUCK STOP #2937,"I-90, EXIT 309",Mountain City,NV,713,4.132
3938,DUMMY TRUCK STOP #2938,"I-20, EXIT 186",Albany,WY,216,3.504
3939,DUMMY TRUCK STOP #2939,"I-65, EXIT 163",Powder Springs,GA,226,3.467
3940,DUMMY TRUCK STOP #2940,"I-35, EXIT 296",Fletcher,NC,317,3.529
3941,DUMMY TRUCK STOP #2941,"I-10, EXIT 142",Victory,NY,418,4.087
3942,DUMMY TRUCK STOP #2942,"I-94, EXIT 278",Alto,GA,181,3.314
3943,DUMMY TRUCK STOP #2943,"I-95, EXIT 280",Stone Mountain,GA,404,3.436
3944,DUMMY TRUCK STOP #2944,"I-94, EXIT 337",Yellow Springs,OH,404,3.490
3945,DUMMY TRUCK STOP #2945,"I-10, EXIT 160",Brilliant,OH,530,3.848
3946,DUMMY TRUCK STOP #2946,"I-15, EXIT 337",Hendersonville,PA,441,4.158
3947,DUMMY TRUCK STOP #2947,"I-15, EXIT 49",Swansboro,NC,702,3.443
3948,DUMMY TRUCK STOP #2948,"I-5, EXIT 55",Plaquemine,LA,588,3.308
3949,DUMMY TRUCK STOP #2949,"I-75, EXIT 278",Paloma Creek South,TX,209,3.466
3950,DUMMY TRUCK STOP #2950,"I-55, EXIT 82",Liverpool,NY,705,4.237
3951,DUMMY TRUCK STOP #2951,"I-44, EXIT 42",Huntington,AR,442,3.605
3952,DUMMY TRUCK STOP #2952,"I-35, EXIT 95",Hearne,TX,764,3.009
3953,DUMMY TRUCK STOP #2953,"I-20, EXIT 323",Elmo,UT,117,3.843
3954,DUMMY TRUCK STOP #2954,"I-85, EXIT 112",San Tan Valley,AZ,846,3.712
3955,DUMMY TRUCK STOP #2955,"I-90, EXIT 123",Mountain Mesa,CA,517,4.722
3956,DUMMY TRUCK STOP #2956,"I-5, EXIT 349",Oil Trough,AR,635,3.144
3957,DUMMY TRUCK STOP #2957,"I-40, EXIT 253",Middle Point,OH,660,3.867
3958,DUMMY TRUCK STOP #2958,"I-44, EXIT 31",Roebuck,SC,540,3.133
3959,DUMMY TRUCK STOP #2959,"I-40, EXIT 271",Shortsville,NY,399,4.215
3960,DUMMY TRUCK STOP #2960,"I-70, EXIT 70",Eldridge,IA,514,3.609
3961,DUMMY TRUCK STOP #2961,"I-95, EXIT 148",Salineville,OH,375,3.883
3962,DUMMY TRUCK STOP #2962,"I-44, EXIT 316",North Pekin,IL,227,3.770
3963,DUMMY TRUCK STOP #2963,"I-85, EXIT 1",Kline,SC,217,3.263
3964,DUMMY TRUCK STOP #2964,"I-75, EXIT 303",Plattekill,NY,295,4.017
3965,DUMMY TRUCK STOP #2965,"I-95, EXIT 95",Crimora,VA,756,3.544
3966,DUMMY TRUCK STOP #2966,"I-95, EXIT 62",Saumsville,VA,787,3.274
3967,DUMMY TRUCK STOP #2967,"I-44, EXIT 128",Louisville,OH,862,3.702
3968,DUMMY TRUCK STOP #2968,"I-10, EXIT 37",Tonto Basin,AZ,800,4.134
3969,DUMMY TRUCK STOP #2969,"I-55, EXIT 58",Swanton,NE,688,2.982
3970,DUMMY TRUCK STOP #2970,"I-5, EXIT 334",Clay Center,OH,315,3.987
3971,DUMMY TRUCK STOP #2971,"I-5, EXIT 212",Maple Bluff,WI,209,3.381
3972,DUMMY TRUCK STOP #2972,"I-65, EXIT 106",Bucyrus,KS,557,2.918
3973,DUMMY TRUCK STOP #2973,"I-20, EXIT 189",Millersport,OH,432,3.878
3974,DUMMY TRUCK STOP #2974,"I-80, EXIT 194",Ocean Shores,WA,775,4.678
3975,DUMMY TRUCK STOP #2975,"I-40, EXIT 326",Atkinson,NE,249,3.207
3976,DUMMY TRUCK STOP #2976,"I-40, EXIT 200",Wilson,WY,461,3.433
3977,DUMMY TRUCK STOP #2977,"I-44, EXIT 251",Abernathy,TX,600,3.251
3978,DUMMY TRUCK STOP #2978,"I-55, EXIT 224",Banquete,TX,150,3.397
3979,DUMMY TRUCK STOP #2979,"I-35, EXIT 32",Alsea,OR,900,4.197
3980,DUMMY TRUCK STOP #2980,"I-10, EXIT 235",Friendship,WI,636,3.642
3981,DUMMY TRUCK STOP #2981,"I-64, EXIT 73",Kechi,KS,390,3.205
3982,DUMMY TRUCK STOP #2982,"I-55, EXIT 91",Merriam Woods,MO,536,3.380
3983,DUMMY TRUCK STOP #2983,"I-90, EXIT 34",Kentfield,CA,700,4.774
3984,DUMMY TRUCK STOP #2984,"I-81, EXIT 179",Fort Hill,OR,410,3.998
3985,DUMMY TRUCK STOP #2985,"I-55, EXIT 245",Clayton,CA,499,4.629
3986,DUMMY TRUCK STOP #2986,"I-55, EXIT 83",Conley,GA,591,3.195
3987,DUMMY TRUCK STOP #2987,"I-5, EXIT 121",Champ,MO,760,3.272
3988,DUMMY TRUCK STOP #2988,"I-85, EXIT 197",St. Marys Point,MN,324,3.884
3989,DUMMY TRUCK STOP #2989,"I-25, EXIT 57",Blue Springs,NE,374,3.577
3990,DUMMY TRUCK STOP #2990,"I-70, EXIT 268",Van Buren,MO,360,3.181
3991,DUMMY TRUCK STOP #2991,"I-90, EXIT 159",Lerna,IL,864,3.747
3992,DUMMY TRUCK STOP #2992,"I-75, EXIT 11",Swartz,LA,164,3.117
3993,DUMMY TRUCK STOP #2993,"I-44, EXIT 145",Fox Crossing,WI,358,3.109
3994,DUMMY TRUCK STOP #2994,"I-44, EXIT 343",Palm Bay,FL,669,3.347
3995,DUMMY TRUCK STOP #2995,"I-90, EXIT 94",Cecilia,KY,742,3.595
3996,DUMMY TRUCK STOP #2996,"I-85, EXIT 271",Oakdale,WI,103,3.265
3997,DUMMY TRUCK STOP #2997,"I-94, EXIT 215",White Sulphur Springs,WV,681,3.621
3998,DUMMY TRUCK STOP #2998,"I-65, EXIT 1",McRoberts,KY,592,3.479
3999,DUMMY TRUCK STOP #2999,"I-64, EXIT 218",New Alexandria,PA,357,4.080
4000,DUMMY TRUCK STOP #3000,"I-55, EXIT 301",Winters,TX,304,3.231
4001,DUMMY TRUCK STOP #3001,"I-95, EXIT 289",Saco,ME,465,3.415
4002,DUMMY TRUCK STOP #3002,"I-20, EXIT 195",Burbank,WA,583,4.256
4003,DUMMY TRUCK STOP #3003,"I-65, EXIT 24",East Lake,FL,444,3.232
4004,DUMMY TRUCK STOP #3004,"I-70, EXIT 242",Beaufort,SC,877,3.033
4005,DUMMY TRUCK STOP #3005,"I-44, EXIT 221",Harrah,WA,675,4.459
4006,DUMMY TRUCK STOP #3006,"I-5, EXIT 40",Harrison,NJ,205,4.012
4007,DUMMY TRUCK STOP #3007,"I-80, EXIT 23",Swanton,VT,309,3.510
4008,DUMMY TRUCK STOP #3008,"I-81, EXIT 212",Garfield,CO,647,3.511
4009,DUMMY TRUCK STOP #3009,"I-94, EXIT 226",McCarr,KY,835,3.520
4010,DUMMY TRUCK STOP #3010,"I-25, EXIT 114",Maples,IN,855,3.748
4011,DUMMY TRUCK STOP #3011,"I-10, EXIT 132",Wilson City,MO,111,3.238
4012,DUMMY TRUCK STOP #3012,"I-95, EXIT 210",Claymont,DE,223,3.769
4013,DUMMY TRUCK STOP #3013,"I-81, EXIT 108",Grimes,IA,195,3.608
4014,DUMMY TRUCK STOP #3014,"I-65, EXIT 122",Kearney,MO,726,3.186
4015,DUMMY TRUCK STOP #3015,"I-94, EXIT 323",Tichigan,WI,879,3.689
4016,DUMMY TRUCK STOP #3016,"I-44, EXIT 23",Mims,FL,587,3.721
4017,DUMMY TRUCK STOP #3017,"I-5, EXIT 251",Twin Lakes,CA,321,4.666
4018,DUMMY TRUCK STOP #3018,"I-80, EXIT 170",West Fork,AR,202,3.042
4019,DUMMY TRUCK STOP #3019,"I-95, EXIT 143",Canton,KS,100,3.452
4020,DUMMY TRUCK STOP #3020,"I-80, EXIT 179",Michigan Center,MI,465,3.826
4021,DUMMY TRUCK STOP #3021,"I-35, EXIT 14",Fairfield,UT,856,3.605
4022,DUMMY TRUCK STOP #3022,"I-20, EXIT 322",Mantador,ND,685,3.271
4023,DUMMY TRUCK STOP #3023,"I-35, EXIT 81",Truman,MN,339,3.643
4024,DUMMY TRUCK STOP #3024,"I-10, EXIT 92",Remington,IN,300,3.769
4025,DUMMY TRUCK STOP #3025,"I-64, EXIT 236",Hinckley,UT,162,3.656
4026,DUMMY TRUCK STOP #3026,"I-81, EXIT 116",Eagle Grove,GA,733,3.244
4027,DUMMY TRUCK STOP #3027,"I-40, EXIT 188",China,TX,742,3.210
4028,DUMMY TRUCK STOP #3028,"I-64, EXIT 222",Baskin,LA,257,3.317
4029,DUMMY TRUCK STOP #3029,"I-35, EXIT 243",South Glens Falls,NY,487,4.020
4030,DUMMY TRUCK STOP #3030,"I-5, EXIT 88",Holiday Pocono,PA,483,3.735
4031,DUMMY TRUCK STOP #3031,"I-80, EXIT 56",Clarkson,KY,186,3.559
4032,DUMMY TRUCK STOP #3032,"I-35, EXIT 109",Colfax,IL,174,3.824
4033,DUMMY TRUCK STOP #3033,"I-44, EXIT 86",Gasburg,VA,372,3.599
4034,DUMMY TRUCK STOP #3034,"I-90, EXIT 285",Donalsonville,GA,793,3.421
4035,DUMMY TRUCK STOP #3035,"I-95, EXIT 300",Tekamah,NE,437,2.970
4036,DUMMY TRUCK STOP #3036,"I-81, EXIT 81",Hamburg,NJ,708,3.775
4037,DUMMY TRUCK STOP #3037,"I-81, EXIT 218",Worth,MO,276,2.972
4038,DUMMY TRUCK STOP #3038,"I-81, EXIT 143",Valentine,NE,423,3.302
4039,DUMMY TRUCK STOP #3039,"I-5, EXIT 101",Weir,KS,515,3.242
4040,DUMMY TRUCK STOP #3040,"I-64, EXIT 193",Springfield,NE,891,3.475
4041,DUMMY TRUCK STOP #3041,"I-95, EXIT 60",Guadalupe,AZ,811,3.448
4042,DUMMY TRUCK STOP #3042,"I-25, EXIT 28",San Clemente,CA,335,4.659
4043,DUMMY TRUCK STOP #3043,"I-20, EXIT 287",Albany,MN,590,3.482
4044,DUMMY TRUCK STOP #3044,"I-75, EXIT 333",Hancock,NH,694,3.378
4045,DUMMY TRUCK STOP #3045,"I-10, EXIT 266",Oconto,WI,284,3.372
4046,DUMMY TRUCK STOP #3046,"I-94, EXIT 119",Lewisville,IN,229,3.428
4047,DUMMY TRUCK STOP #3047,"I-94, EXIT 38",Wattsville,VA,347,3.553
4048,DUMMY TRUCK STOP #3048,"I-94, EXIT 283",Willsboro Point,NY,185,4.208
4049,DUMMY TRUCK STOP #3049,"I-55, EXIT 134",Galena,MD,440,3.481
4050,DUMMY TRUCK STOP #3050,"I-94, EXIT 70",Springfield,AR,282,3.439
4051,DUMMY TRUCK STOP #3051,"I-40, EXIT 72",West Crossett,AR,325,3.451
4052,DUMMY TRUCK STOP #3052,"I-15, EXIT 266",Saylorville,IA,251,3.407
4053,DUMMY TRUCK STOP #3053,"I-94, EXIT 42",Panama,NE,855,3.301
4054,DUMMY TRUCK STOP #3054,"I-65, EXIT 236",Marietta,NC,268,3.401
4055,DUMMY TRUCK STOP #3055,"I-65, EXIT 16",Glenrock,WY,133,3.214
4056,DUMMY TRUCK STOP #3056,"I-5, EXIT 14",The Plains,OH,893,3.187
4057,DUMMY TRUCK STOP #3057,"I-5, EXIT 43",Liberty,OK,430,3.130
4058,DUMMY TRUCK STOP #3058,"I-35, EXIT 327",East End Colony,MT,699,3.566
4059,DUMMY TRUCK STOP #3059,"I-85, EXIT 51",Wellsburg,IA,549,3.590
4060,DUMMY TRUCK STOP #3060,"I-94, EXIT 332",Lumberton,NM,480,3.584
4061,DUMMY TRUCK STOP #3061,"I-5, EXIT 77",Holly Pond,AL,461,3.538
4062,DUMMY TRUCK STOP #3062,"I-65, EXIT 195",Retreat,TX,788,3.239
4063,DUMMY TRUCK STOP #3063,"I-64, EXIT 150",Howard,CO,367,3.849
4064,DUMMY TRUCK STOP #3064,"I-35, EXIT 44",Rolling Fork,MS,658,3.464
4065,DUMMY TRUCK STOP #3065,"I-95, EXIT 277",Gulf Stream,FL,588,3.594
4066,DUMMY TRUCK STOP #3066,"I-64, EXIT 252",Mount Calvary,WI,634,3.225
4067,DUMMY TRUCK STOP #3067,"I-35, EXIT 148",Llewellyn,PA,613,4.111
4068,DUMMY TRUCK STOP #3068,"I-10, EXIT 161",Lewisville,WA,488,4.412
4069,DUMMY TRUCK STOP #3069,"I-81, EXIT 14",Edisto Beach,SC,145,3.090
4070,DUMMY TRUCK STOP #3070,"I-10, EXIT 2",Grasston,MN,777,3.542
4071,DUMMY TRUCK STOP #3071,"I-70, EXIT 326",Madaket,MA,449,3.590
4072,DUMMY TRUCK STOP #3072,"I-15, EXIT 186",Oak Grove,AR,841,3.385
4073,DUMMY TRUCK STOP #3073,"I-75, EXIT 194",Ellendale,MN,676,3.280
4074,DUMMY TRUCK STOP #3074,"I-20, EXIT 121",Winthrop,AR,522,3.228
4075,DUMMY TRUCK STOP #3075,"I-44, EXIT 165",Oneonta,NY,478,4.234
4076,DUMMY TRUCK STOP #3076,"I-10, EXIT 188",Kauneonga Lake,NY,417,4.265
4077,DUMMY TRUCK STOP #3077,"I-75, EXIT 22",Fall Creek,IL,665,3.937
4078,DUMMY TRUCK STOP #3078,"I-10, EXIT 321",Woodlawn,MD,581,3.316
4079,DUMMY TRUCK STOP #3079,"I-80, EXIT 309",Montfort,WI,728,3.566
4080,DUMMY TRUCK STOP #3080,"I-94, EXIT 236",Bassett,KS,732,3.290
4081,DUMMY TRUCK STOP #3081,"I-90, EXIT 95",La Crescenta-Montrose,CA,228,4.347
4082,DUMMY TRUCK STOP #3082,"I-15, EXIT 32",Ovid,MI,374,4.220
4083,DUMMY TRUCK STOP #3083,"I-75, EXIT 130",Yerington,NV,641,4.183
4084,DUMMY TRUCK STOP #3084,"I-20, EXIT 285",Ladue,MO,641,2.809
4085,DUMMY TRUCK STOP #3085,"I-55, EXIT 330",Finklea,SC,281,3.290
4086,DUMMY TRUCK STOP #3086,"I-94, EXIT 243",Cayuga,NY,610,4.010
4087,DUMMY TRUCK STOP #3087,"I-40, EXIT 194",Richland,IA,835,3.450
4088,DUMMY TRUCK STOP #3088,"I-40, EXIT 271",Heath,TX,763,3.057
4089,DUMMY TRUCK STOP #3089,"I-25, EXIT 345",Shelton,WA,167,4.581
4090,DUMMY TRUCK STOP #3090,"I-25, EXIT 205",Spencer,OK,733,3.206
4091,DUMMY TRUCK STOP #3091,"I-90, EXIT 293",Dunn Center,ND,760,3.373
4092,DUMMY TRUCK STOP #3092,"I-64, EXIT 209",New Canaan,CT,404,3.840
4093,DUMMY TRUCK STOP #3093,"I-80, EXIT 67",Citrus Springs,FL,477,3.573
4094,DUMMY TRUCK STOP #3094,"I-90, EXIT 221",Twain,CA,319,4.863
4095,DUMMY TRUCK STOP #3095,"I-55, EXIT 43",Askov,MN,573,3.864
4096,DUMMY TRUCK STOP #3096,"I-10, EXIT 200",Buchanan,MI,398,3.979
4097,DUMMY TRUCK STOP #3097,"I-35, EXIT 182",Graball,TN,868,3.540
4098,DUMMY TRUCK STOP #3098,"I-70, EXIT 149",St. Rose,LA,143,3.165
4099,DUMMY TRUCK STOP #3099,"I-70, EXIT 175",Grahamsville,NY,656,4.273
4100,DUMMY TRUCK STOP #3100,"I-35, EXIT 151",Lee,MA,296,3.893
4101,DUMMY TRUCK STOP #3101,"I-5, EXIT 343",Weigelstown,PA,186,4.433
4102,DUMMY TRUCK STOP #3102,"I-85, EXIT 194",Paradise Heights,FL,415,3.400
4103,DUMMY TRUCK STOP #3103,"I-64, EXIT 263",Henning,IL,689,3.676
4104,DUMMY TRUCK STOP #3104,"I-90, EXIT 259",Big Island,VA,123,3.627
4105,DUMMY TRUCK STOP #3105,"I-70, EXIT 124",Bloomsbury,NJ,669,3.890
4106,DUMMY TRUCK STOP #3106,"I-90, EXIT 266",Federal Dam,MN,282,3.211
4107,DUMMY TRUCK STOP #3107,"I-25, EXIT 239",Woodland Park,NE,724,3.420
4108,DUMMY TRUCK STOP #3108,"I-10, EXIT 345",Altoona,WI,804,3.324
4109,DUMMY TRUCK STOP #3109,"I-10, EXIT 150",Oakhaven,AR,344,3.170
4110,DUMMY TRUCK STOP #3110,"I-40, EXIT 111",Gateway,AR,313,3.376
4111,DUMMY TRUCK STOP #3111,"I-40, EXIT 270",Key Vista,FL,363,3.829
4112,DUMMY TRUCK STOP #3112,"I-95, EXIT 162",Elrama,PA,825,3.987
4113,DUMMY TRUCK STOP #3113,"I-25, EXIT 53",Riverdale,VA,192,3.759
4114,DUMMY TRUCK STOP #3114,"I-20, EXIT 308",Waverly,TN,565,3.502
4115,DUMMY TRUCK STOP #3115,"I-20, EXIT 279",Huson,MT,149,3.316
4116,DUMMY TRUCK STOP #3116,"I-40, EXIT 124",Morris Plains,NJ,707,3.803
4117,DUMMY TRUCK STOP #3117,"I-85, EXIT 111",Pacific,MO,237,3.428
4118,DUMMY TRUCK STOP #3118,"I-75, EXIT 330",South Venice,FL,430,3.647
4119,DUMMY TRUCK STOP #3119,"I-80, EXIT 18",Wakulla,NC,840,3.501
4120,DUMMY TRUCK STOP #3120,"I-15, EXIT 43",Hi-Nella,NJ,868,3.850
4121,DUMMY TRUCK STOP #3121,"I-65, EXIT 200",Kettle Falls,WA,197,4.287
4122,DUMMY TRUCK STOP #3122,"I-81, EXIT 257",Bernice,LA,516,3.112
4123,DUMMY TRUCK STOP #3123,"I-90, EXIT 5",Hamberg,ND,110,3.552
4124,DUMMY TRUCK STOP #3124,"I-35, EXIT 107",Lewisburg,KY,127,3.167
4125,DUMMY TRUCK STOP #3125,"I-20, EXIT 172",Lannon,WI,897,3.494
4126,DUMMY TRUCK STOP #3126,"I-80, EXIT 58",Zeba,MI,662,3.699
4127,DUMMY TRUCK STOP #3127,"I-5, EXIT 126",New Town,ND,804,3.668
4128,DUMMY TRUCK STOP #3128,"I-75, EXIT 171",Perkasie,PA,583,4.225
4129,DUMMY TRUCK STOP #3129,"I-64, EXIT 306",Pampa,TX,222,3.012
4130,DUMMY TRUCK STOP #3130,"I-80, EXIT 2",Longford,KS,735,3.090
4131,DUMMY TRUCK STOP #3131,"I-70, EXIT 69",Harrellsville,NC,159,3.374
4132,DUMMY TRUCK STOP #3132,"I-15, EXIT 160",Napoleonville,LA,718,3.088
4133,DUMMY TRUCK STOP #3133,"I-90, EXIT 328",Wolfeboro,NH,890,3.683
4134,DUMMY TRUCK STOP #3134,"I-95, EXIT 147",Jersey Village,TX,211,3.190
4135,DUMMY TRUCK STOP #3135,"I-75, EXIT 272",Brookside,NJ,588,3.725
4136,DUMMY TRUCK STOP #3136,"I-65, EXIT 14",Deming,NM,700,3.419
4137,DUMMY TRUCK STOP #3137,"I-40, EXIT 88",Hendley,NE,840,3.742
4138,DUMMY TRUCK STOP #3138,"I-35, EXIT 111",Coudersport,PA,721,4.520
4139,DUMMY TRUCK STOP #3139,"I-44, EXIT 232",Latham,NY,381,4.068
4140,DUMMY TRUCK STOP #3140,"I-65, EXIT 173",Macksville,KS,528,3.189
4141,DUMMY TRUCK STOP #3141,"I-10, EXIT 151",Lincoln,MT,233,3.722
4142,DUMMY TRUCK STOP #3142,"I-90, EXIT 275",Cresson,TX,517,3.214
4143,DUMMY TRUCK STOP #3143,"I-70, EXIT 323",Tuscaloosa,AL,121,3.350
4144,DUMMY TRUCK STOP #3144,"I-65, EXIT 122",Scituate,MA,604,3.581
4145,DUMMY TRUCK STOP #3145,"I-10, EXIT 266",Ferriday,LA,810,3.425
4146,DUMMY TRUCK STOP #3146,"I-20, EXIT 60",Marland,OK,864,3.075
4147,DUMMY TRUCK STOP #3147,"I-5, EXIT 22",Matheson,CO,297,3.766
4148,DUMMY TRUCK STOP #3148,"I-10, EXIT 267",Silver Lake,MN,308,3.727
4149,DUMMY TRUCK STOP #3149,"I-15, EXIT 14",Woodbury,NY,495,4.033
4150,DUMMY TRUCK STOP #3150,"I-25, EXIT 234",Udall,KS,174,3.389
4151,DUMMY TRUCK STOP #3151,"I-20, EXIT 90",Lafayette,TN,886,3.173
4152,DUMMY TRUCK STOP #3152,"I-40, EXIT 131",Landisville,PA,448,4.319
4153,DUMMY TRUCK STOP #3153,"I-90, EXIT 282",Durham,OR,287,3.995
4154,DUMMY TRUCK STOP #3154,"I-80, EXIT 293",Deshler,OH,211,3.961
4155,DUMMY TRUCK STOP #3155,"I-80, EXIT 288",Fort Hunt,VA,759,3.202
4156,DUMMY TRUCK STOP #3156,"I-25, EXIT 319",Lowell,NC,315,3.482
4157,DUMMY TRUCK STOP #3157,"I-64, EXIT 21",Lakeview,MT,218,3.938
4158,DUMMY TRUCK STOP #3158,"I-44, EXIT 156",Farnhamville,IA,667,3.316
4159,DUMMY TRUCK STOP #3159,"I-81, EXIT 100",Van Wert,OH,450,3.920
4160,DUMMY TRUCK STOP #3160,"I-64, EXIT 122",Milltown,SD,588,3.407
4161,DUMMY TRUCK STOP #3161,"I-90, EXIT 70",Dunbar,VA,517,3.809
4162,DUMMY TRUCK STOP #3162,"I-10, EXIT 109",Stewart Manor,NY,339,3.848
4163,DUMMY TRUCK STOP #3163,"I-20, EXIT 28",South Farmingdale,NY,204,3.998
4164,DUMMY TRUCK STOP #3164,"I-70, EXIT 232",Bear Lake,IN,807,3.553
4165,DUMMY TRUCK STOP #3165,"I-10, EXIT 260",Honesdale,PA,477,3.965
4166,DUMMY TRUCK STOP #3166,"I-95, EXIT 298",Wynne,AR,824,3.019
4167,DUMMY TRUCK STOP #3167,"I-95, EXIT 94",Wingdale,NY,116,4.287
4168,DUMMY TRUCK STOP #3168,"I-81, EXIT 131",Trego,MT,696,3.659
4169,DUMMY TRUCK STOP #3169,"I-95, EXIT 320",Shiloh,GA,740,3.414
4170,DUMMY TRUCK STOP #3170,"I-80, EXIT 320",Sea Bright,NJ,686,3.679
4171,DUMMY TRUCK STOP #3171,"I-64, EXIT 283",Delhi Hills,OH,757,3.830
4172,DUMMY TRUCK STOP #3172,"I-81, EXIT 46",Hurt,VA,634,3.211
4173,DUMMY TRUCK STOP #3173,"I-70, EXIT 297",Washburn,ND,493,3.437
4174,DUMMY TRUCK STOP #3174,"I-95, EXIT 128",Albee,SD,250,3.614
4175,DUMMY TRUCK STOP #3175,"I-5, EXIT 257",Oakwood,TX,417,3.109
4176,DUMMY TRUCK STOP #3176,"I-95, EXIT 317",Springfield,VA,299,3.623
4177,DUMMY TRUCK STOP #3177,"I-20, EXIT 95",Sebastian,FL,899,3.862
4178,DUMMY TRUCK STOP #3178,"I-44, EXIT 151",Fredericksburg,TX,899,3.040
4179,DUMMY TRUCK STOP #3179,"I-75, EXIT 289",Stilwell,OK,673,3.450
4180,DUMMY TRUCK STOP #3180,"I-10, EXIT 209",Mays,IN,737,4.118
4181,DUMMY TRUCK STOP #3181,"I-85, EXIT 80",White Hills,AZ,507,3.680
4182,DUMMY TRUCK STOP #3182,"I-20, EXIT 235",Port Ewen,NY,882,3.631
4183,DUMMY TRUCK STOP #3183,"I-81, EXIT 90",Baumstown,PA,867,3.720
4184,DUMMY TRUCK STOP #3184,"I-40, EXIT 159",Minturn,CO,675,3.738
4185,DUMMY TRUCK STOP #3185,"I-90, EXIT 311",Crystal Lake,IL,325,4.071
4186,DUMMY TRUCK STOP #3186,"I-65, EXIT 344",Beaver Dam,AZ,778,3.749
4187,DUMMY TRUCK STOP #3187,"I-44, EXIT 267",Country Club Hills,MO,241,3.064
4188,DUMMY TRUCK STOP #3188,"I-94, EXIT 9",Curdsville,KY,391,3.348
4189,DUMMY TRUCK STOP #3189,"I-80, EXIT 340",Villard,MN,220,3.681
4190,DUMMY TRUCK STOP #3190,"I-25, EXIT 290",Wallace,FL,724,3.161
4191,DUMMY TRUCK STOP #3191,"I-25, EXIT 208",Peterson,MN,704,3.459
4192,DUMMY TRUCK STOP #3192,"I-70, EXIT 279",Joseph,OR,792,4.218
4193,DUMMY TRUCK STOP #3193,"I-15, EXIT 282",Lemont,IL,491,3.960
4194,DUMMY TRUCK STOP #3194,"I-95, EXIT 194",Moorhead,MN,452,3.711
4195,DUMMY TRUCK STOP #3195,"I-40, EXIT 8",Imlay,NV,675,3.992
4196,DUMMY TRUCK STOP #3196,"I-85, EXIT 219",Stowe,VT,200,3.639
4197,DUMMY TRUCK STOP #3197,"I-25, EXIT 98",Enderlin,ND,641,3.371
4198,DUMMY TRUCK STOP #3198,"I-65, EXIT 293",Fort Shaw,MT,444,3.358
4199,DUMMY TRUCK STOP #3199,"I-55, EXIT 99",Rogers,TX,895,3.448
4200,DUMMY TRUCK STOP #3200,"I-55, EXIT 205",New Wilmington,PA,654,4.013
4201,DUMMY TRUCK STOP #3201,"I-64, EXIT 261",Little Meadows,PA,378,4.192
4202,DUMMY TRUCK STOP #3202,"I-10, EXIT 16",Butternut,WI,268,3.643
4203,DUMMY TRUCK STOP #3203,"I-5, EXIT 342",Central City,PA,626,3.923
4204,DUMMY TRUCK STOP #3204,"I-80, EXIT 308",Lakeside,FL,500,3.517
4205,DUMMY TRUCK STOP #3205,"I-10, EXIT 60",Metuchen,NJ,881,3.999
4206,DUMMY TRUCK STOP #3206,"I-75, EXIT 258",Merrionette Park,IL,306,3.702
4207,DUMMY TRUCK STOP #3207,"I-65, EXIT 14",Marshall,WI,149,3.688
4208,DUMMY TRUCK STOP #3208,"I-15, EXIT 193",Union,KY,640,3.571
4209,DUMMY TRUCK STOP #3209,"I-15, EXIT 151",Butler,OK,744,3.394
4210,DUMMY TRUCK STOP #3210,"I-15, EXIT 165",Rosebud,MT,155,3.690
4211,DUMMY TRUCK STOP #3211,"I-90, EXIT 101",Spring Lake,NJ,696,3.553
4212,DUMMY TRUCK STOP #3212,"I-81, EXIT 329",Elkton,MI,521,3.790
4213,DUMMY TRUCK STOP #3213,"I-70, EXIT 113",Danville,KY,752,3.410
4214,DUMMY TRUCK STOP #3214,"I-55, EXIT 139",Warner Robins,GA,117,3.309
4215,DUMMY TRUCK STOP #3215,"I-64, EXIT 201",Richmond Heights,MO,266,3.354
4216,DUMMY TRUCK STOP #3216,"I-10, EXIT 230",Escondida,NM,243,3.332
4217,DUMMY TRUCK STOP #3217,"I-80, EXIT 344",Bucksport,ME,233,3.554
4218,DUMMY TRUCK STOP #3218,"I-25, EXIT 177",Avoca,NY,119,3.848
4219,DUMMY TRUCK STOP #3219,"I-85, EXIT 321",Sobieski,WI,585,3.376
4220,DUMMY TRUCK STOP #3220,"I-75, EXIT 25",Oak Hill-Piney,OK,264,3.123
4221,DUMMY TRUCK STOP #3221,"I-15, EXIT 135",Smoaks,SC,123,2.917
4222,DUMMY TRUCK STOP #3222,"I-75, EXIT 269",Milton,WA,790,4.283
4223,DUMMY TRUCK STOP #3223,"I-40, EXIT 102",Harrisville,UT,307,3.534
4224,DUMMY TRUCK STOP #3224,"I-81, EXIT 119",Murray City,OH,191,3.686
4225,DUMMY TRUCK STOP #3225,"I-65, EXIT 184",Middlebury,VT,832,4.013
4226,DUMMY TRUCK STOP #3226,"I-35, EXIT 104",Ontario,OR,453,4.028
4227,DUMMY TRUCK STOP #3227,"I-81, EXIT 279",Earling,IA,181,3.507
4228,DUMMY TRUCK STOP #3228,"I-81, EXIT 6",Center,ND,309,3.408
4229,DUMMY TRUCK STOP #3229,"I-35, EXIT 348",Bloomington,NE,204,3.576
4230,DUMMY TRUCK STOP #3230,"I-15, EXIT 309",Meeteetse,WY,267,3.137
4231,DUMMY TRUCK STOP #3231,"I-80, EXIT 122",Palmyra,IN,625,3.838
4232,DUMMY TRUCK STOP #3232,"I-65, EXIT 68",Protivin,IA,578,3.350
4233,DUMMY TRUCK STOP #3233,"I-70, EXIT 193",Great Neck Plaza,NY,224,3.915
4234,DUMMY TRUCK STOP #3234,"I-40, EXIT 112",Lebo,KS,558,3.256
4235,DUMMY TRUCK STOP #3235,"I-64, EXIT 158",Williamson,IL,370,4.039
4236,DUMMY TRUCK STOP #3236,"I-95, EXIT 26",Kickapoo Site 6,KS,843,3.370
4237,DUMMY TRUCK STOP #3237,"I-65, EXIT 25",St. Charles,SC,244,3.649
4238,DUMMY TRUCK STOP #3238,"I-75, EXIT 151",Benedict,KS,622,3.163
4239,DUMMY TRUCK STOP #3239,"I-80, EXIT 142",Canan Station,PA,391,4.370
4240,DUMMY TRUCK STOP #3240,"I-10, EXIT 122",Menominee,IL,562,3.889
4241,DUMMY TRUCK STOP #3241,"I-20, EXIT 204",Island City,OR,581,4.238
4242,DUMMY TRUCK STOP #3242,"I-94, EXIT 56",Canton,PA,245,4.181
4243,DUMMY TRUCK STOP #3243,"I-85, EXIT 342",Grant,NE,625,3.595
4244,DUMMY TRUCK STOP #3244,"I-35, EXIT 96",Island Pond,VT,176,3.434
4245,DUMMY TRUCK STOP #3245,"I-15, EXIT 252",Starr School,MT,703,3.706
4246,DUMMY TRUCK STOP #3246,"I-94, EXIT 94",Cambridge,MD,204,3.609
4247,DUMMY TRUCK STOP #3247,"I-80, EXIT 88",Honeoye,NY,686,4.053
4248,DUMMY TRUCK STOP #3248,"I-94, EXIT 175",Hampton,TN,852,3.199
4249,DUMMY TRUCK STOP #3249,"I-81, EXIT 120",Hostetter,PA,876,4.201
4250,DUMMY TRUCK STOP #3250,"I-80, EXIT 119",Marcus,IA,652,3.073
4251,DUMMY TRUCK STOP #3251,"I-90, EXIT 91",Andover,KS,656,3.254
4252,DUMMY TRUCK STOP #3252,"I-65, EXIT 210",Wethersfield,CT,129,4.189
4253,DUMMY TRUCK STOP #3253,"I-81, EXIT 12",Red Hook,NY,604,4.026
4254,DUMMY TRUCK STOP #3254,"I-95, EXIT 279",Panola,OK,836,3.349
4255,DUMMY TRUCK STOP #3255,"I-20, EXIT 233",Tijeras,NM,589,3.331
4256,DUMMY TRUCK STOP #3256,"I-10, EXIT 207",Hemlock,MI,608,3.562
4257,DUMMY TRUCK STOP #3257,"I-25, EXIT 8",Bayport,MN,473,3.516
4258,DUMMY TRUCK STOP #3258,"I-5, EXIT 193",East Tawakoni,TX,653,3.333
4259,DUMMY TRUCK STOP #3259,"I-35, EXIT 93",Toledo,WA,329,4.614
4260,DUMMY TRUCK STOP #3260,"I-70, EXIT 168",Mammoth,WY,790,3.657
4261,DUMMY TRUCK STOP #3261,"I-70, EXIT 8",Yorkville,TN,895,3.603
4262,DUMMY TRUCK STOP #3262,"I-65, EXIT 277",Ridge Manor,FL,558,3.972
4263,DUMMY TRUCK STOP #3263,"I-75, EXIT 292",Cedar Vale,KS,253,3.503
4264,DUMMY TRUCK STOP #3264,"I-15, EXIT 268",Lafe,AR,766,3.144
4265,DUMMY TRUCK STOP #3265,"I-95, EXIT 72",Barstow,WA,435,4.464
4266,DUMMY TRUCK STOP #3266,"I-95, EXIT 204",Espy,PA,567,3.940
4267,DUMMY TRUCK STOP #3267,"I-94, EXIT 303",Meadow Valley,CA,647,4.764
4268,DUMMY TRUCK STOP #3268,"I-55, EXIT 121",York Harbor,ME,540,3.152
4269,DUMMY TRUCK STOP #3269,"I-94, EXIT 9",Doolittle,MO,262,3.039
4270,DUMMY TRUCK STOP #3270,"I-25, EXIT 20",Wakeman,OH,438,3.543
4271,DUMMY TRUCK STOP #3271,"I-44, EXIT 340",Alta,IA,655,3.483
4272,DUMMY TRUCK STOP #3272,"I-80, EXIT 307",Clifton,VA,833,3.128
4273,DUMMY TRUCK STOP #3273,"I-64, EXIT 332",Seville Colony,MT,233,3.523
4274,DUMMY TRUCK STOP #3274,"I-64, EXIT 311",Pleasant Plains,IL,445,3.600
4275,DUMMY TRUCK STOP #3275,"I-94, EXIT 323",Kewanee,IL,167,3.940
4276,DUMMY TRUCK STOP #3276,"I-15, EXIT 146",Itasca,TX,455,2.947
4277,DUMMY TRUCK STOP #3277,"I-81, EXIT 19",Toppenish,WA,811,4.234
4278,DUMMY TRUCK STOP #3278,"I-81, EXIT 47",Latimer,IA,465,3.417
4279,DUMMY TRUCK STOP #3279,"I-94, EXIT 206",Kiamesha Lake,NY,558,4.267
4280,DUMMY TRUCK STOP #3280,"I-75, EXIT 245",Tetherow,OR,300,4.139
4281,DUMMY TRUCK STOP #3281,"I-35, EXIT 14",Lester,IA,730,2.883
4282,DUMMY TRUCK STOP #3282,"I-81, EXIT 141",Lake Alfred,FL,489,3.382
4283,DUMMY TRUCK STOP #3283,"I-15, EXIT 322",Louviers,CO,779,3.638
4284,DUMMY TRUCK STOP #3284,"I-81, EXIT 254",Medora,ND,725,3.045
4285,DUMMY TRUCK STOP #3285,"I-25, EXIT 320",Port Matilda,PA,688,3.876
4286,DUMMY TRUCK STOP #3286,"I-80, EXIT 259",Brevard,NC,609,3.414
4287,DUMMY TRUCK STOP #3287,"I-25, EXIT 164",Kouts,IN,628,3.730
4288,DUMMY TRUCK STOP #3288,"I-95, EXIT 101",Meridian Hills,IN,605,3.648
4289,DUMMY TRUCK STOP #3289,"I-94, EXIT 163",White Hall,AR,797,3.300
4290,DUMMY TRUCK STOP #3290,"I-90, EXIT 1",Hochatown,OK,508,3.148
4291,DUMMY TRUCK STOP #3291,"I-44, EXIT 189",Chamisal,NM,153,3.281
4292,DUMMY TRUCK STOP #3292,"I-55, EXIT 16",Woodlawn,IL,779,3.586
4293,DUMMY TRUCK STOP #3293,"I-75, EXIT 196",Lawrenceville,OH,845,3.834
4294,DUMMY TRUCK STOP #3294,"I-65, EXIT 234",Dugger,IN,682,3.645
4295,DUMMY TRUCK STOP #3295,"I-35, EXIT 144",Amador Pines,CA,654,5.011
4296,DUMMY TRUCK STOP #3296,"I-35, EXIT 176",Woodland,CA,483,4.814
4297,DUMMY TRUCK STOP #3297,"I-90, EXIT 202",Plato,MN,571,3.487
4298,DUMMY TRUCK STOP #3298,"I-95, EXIT 202",Dodson,LA,300,3.364
4299,DUMMY TRUCK STOP #3299,"I-64, EXIT 96",Geeseytown,PA,753,4.264
4300,DUMMY TRUCK STOP #3300,"I-44, EXIT 325",Golden Valley Colony,MT,236,3.860
4301,DUMMY TRUCK STOP #3301,"I-55, EXIT 201",Mallory,WV,327,3.480
4302,DUMMY TRUCK STOP #3302,"I-40, EXIT 280",Swink,OK,686,2.880
4303,DUMMY TRUCK STOP #3303,"I-35, EXIT 134",Richburg,SC,181,3.450
4304,DUMMY TRUCK STOP #3304,"I-65, EXIT 96",Lake Clarke Shores,FL,645,3.434
4305,DUMMY TRUCK STOP #3305,"I-85, EXIT 92",Eva,AL,451,3.321
4306,DUMMY TRUCK STOP #3306,"I-75, EXIT 86",Rubicon,WI,689,3.163
4307,DUMMY TRUCK STOP #3307,"I-44, EXIT 114",Columbus,GA,451,3.555
4308,DUMMY TRUCK STOP #3308,"I-90, EXIT 312",Lakeland Shores,MN,900,3.884
4309,DUMMY TRUCK STOP #3309,"I-90, EXIT 55",South Webster,OH,673,3.667
4310,DUMMY TRUCK STOP #3310,"I-75, EXIT 190",Maxville,MT,474,3.523
4311,DUMMY TRUCK STOP #3311,"I-90, EXIT 135",Prairie Elk Colony,MT,495,3.856
4312,DUMMY TRUCK STOP #3312,"I-94, EXIT 167",Rudolph,OH,116,3.742
4313,DUMMY TRUCK STOP #3313,"I-64, EXIT 134",Hillcrest,IL,329,3.567
4314,DUMMY TRUCK STOP #3314,"I-5, EXIT 100",West Middlesex,PA,413,3.857
4315,DUMMY TRUCK STOP #3315,"I-90, EXIT 296",Abilene,KS,176,3.187
4316,DUMMY TRUCK STOP #3316,"I-20, EXIT 247",Olive Hill,KY,713,3.384
4317,DUMMY TRUCK STOP #3317,"I-90, EXIT 171",Watkins,IA,695,3.294
4318,DUMMY TRUCK STOP #3318,"I-44, EXIT 138",Pageton,WV,138,3.606
4319,DUMMY TRUCK STOP #3319,"I-75, EXIT 158",Chalfant,CA,190,4.897
4320,DUMMY TRUCK STOP #3320,"I-65, EXIT 151",Mountville,SC,564,3.388
4321,DUMMY TRUCK STOP #3321,"I-40, EXIT 55",Rutherford,CA,321,5.013
4322,DUMMY TRUCK STOP #3322,"I-35, EXIT 188",Sinking Spring,OH,734,3.911
4323,DUMMY TRUCK STOP #3323,"I-85, EXIT 269",Rock Hill,NY,199,4.401
4324,DUMMY TRUCK STOP #3324,"I-44, EXIT 219",Dana,IN,558,3.532
4325,DUMMY TRUCK STOP #3325,"I-55, EXIT 77",La Cueva,NM,813,3.483
4326,DUMMY TRUCK STOP #3326,"I-20, EXIT 146",Paxtonia,PA,888,4.006
4327,DUMMY TRUCK STOP #3327,"I-70, EXIT 91",Jeannette,PA,567,4.063
4328,DUMMY TRUCK STOP #3328,"I-75, EXIT 316",San Juan,TX,641,3.104
4329,DUMMY TRUCK STOP #3329,"I-95, EXIT 269",Dumas,AR,584,3.337
4330,DUMMY TRUCK STOP #3330,"I-94, EXIT 31",Port Orchard,WA,719,4.421
4331,DUMMY TRUCK STOP #3331,"I-85, EXIT 4",Tintah,MN,378,3.490
4332,DUMMY TRUCK STOP #3332,"I-70, EXIT 67",Milano,TX,340,3.055
4333,DUMMY TRUCK STOP #3333,"I-70, EXIT 206",Declo,ID,266,3.823
4334,DUMMY TRUCK STOP #3334,"I-25, EXIT 170",Cotton Plant,AR,670,3.068
4335,DUMMY TRUCK STOP #3335,"I-80, EXIT 214",Marietta,TX,159,3.269
4336,DUMMY TRUCK STOP #3336,"I-65, EXIT 299",Cedar Mills,MN,618,3.195
4337,DUMMY TRUCK STOP #3337,"I-94, EXIT 227",Vivian,SD,386,3.140
4338,DUMMY TRUCK STOP #3338,"I-64, EXIT 86",Pleasanton,NE,241,3.503
4339,DUMMY TRUCK STOP #3339,"I-65, EXIT 343",Browns,IL,386,3.637
4340,DUMMY TRUCK STOP #3340,"I-94, EXIT 324",Lake Stickney,WA,447,4.457
4341,DUMMY TRUCK STOP #3341,"I-70, EXIT 163",Brewster,KS,829,3.230
4342,DUMMY TRUCK STOP #3342,"I-64, EXIT 92",East End,AR,614,3.063
4343,DUMMY TRUCK STOP #3343,"I-20, EXIT 43",Leesburg,AL,809,3.613
4344,DUMMY TRUCK STOP #3344,"I-80, EXIT 171",Lawrence,KS,126,3.578
4345,DUMMY TRUCK STOP #3345,"I-10, EXIT 22",New Hamburg,NY,259,4.380
4346,DUMMY TRUCK STOP #3346,"I-64, EXIT 191",St. Stephens,NC,754,3.715
4347,DUMMY TRUCK STOP #3347,"I-44, EXIT 38",Holly,CO,342,3.583
4348,DUMMY TRUCK STOP #3348,"I-25, EXIT 330",Madisonville,LA,218,3.508
4349,DUMMY TRUCK STOP #3349,"I-15, EXIT 107",Ute,IA,105,3.461
4350,DUMMY TRUCK STOP #3350,"I-65, EXIT 175",Monticello,MO,592,2.855
4351,DUMMY TRUCK STOP #3351,"I-80, EXIT 285",Miamitown,OH,855,3.819
4352,DUMMY TRUCK STOP #3352,"I-35, EXIT 350",Tohatchi,NM,202,3.476
4353,DUMMY TRUCK STOP #3353,"I-90, EXIT 269",Sea Girt,NJ,731,3.819
4354,DUMMY TRUCK STOP #3354,"I-75, EXIT 198",Norman,NE,700,3.494
4355,DUMMY TRUCK STOP #3355,"I-25, EXIT 256",Harold,FL,806,3.292
4356,DUMMY TRUCK STOP #3356,"I-44, EXIT 217",Sarita,TX,559,2.954
4357,DUMMY TRUCK STOP #3357,"I-64, EXIT 330",Winnemucca,NV,523,4.305
4358,DUMMY TRUCK STOP #3358,"I-25, EXIT 4",Big Sky Colony,MT,232,3.412
4359,DUMMY TRUCK STOP #3359,"I-35, EXIT 189",Macedonia,IA,394,3.205
4360,DUMMY TRUCK STOP #3360,"I-40, EXIT 36",East Carondelet,IL,638,3.961
4361,DUMMY TRUCK STOP #3361,"I-94, EXIT 55",Big Lake,TX,854,3.215
4362,DUMMY TRUCK STOP #3362,"I-25, EXIT 98",Salt Creek,CO,164,3.873
4363,DUMMY TRUCK STOP #3363,"I-5, EXIT 321",Echo,LA,412,3.422
4364,DUMMY TRUCK STOP #3364,"I-15, EXIT 31",Lyman,UT,486,3.775
4365,DUMMY TRUCK STOP #3365,"I-90, EXIT 126",Mildred,PA,525,4.022
4366,DUMMY TRUCK STOP #3366,"I-55, EXIT 251",Puxico,MO,263,2.826
4367,DUMMY TRUCK STOP #3367,"I-70, EXIT 13",Poland,OH,645,3.765
4368,DUMMY TRUCK STOP #3368,"I-35, EXIT 242",Ashton,IA,513,3.569
4369,DUMMY TRUCK STOP #3369,"I-81, EXIT 91",Grapeville,PA,285,3.974
4370,DUMMY TRUCK STOP #3370,"I-70, EXIT 246",Brooklyn,IL,575,3.791
4371,DUMMY TRUCK STOP #3371,"I-70, EXIT 288",Repton,AL,742,3.172
4372,DUMMY TRUCK STOP #3372,"I-55, EXIT 248",North York,PA,238,4.319
4373,DUMMY TRUCK STOP #3373,"I-10, EXIT 167",Opelousas,LA,245,2.990
4374,DUMMY TRUCK STOP #3374,"I-15, EXIT 262",Bransford,TN,894,3.547
4375,DUMMY TRUCK STOP #3375,"I-75, EXIT 337",Grantville,KS,667,3.431
4376,DUMMY TRUCK STOP #3376,"I-44, EXIT 53",New Cassel,NY,501,3.916
4377,DUMMY TRUCK STOP #3377,"I-81, EXIT 62",Lofall,WA,760,4.793
4378,DUMMY TRUCK STOP #3378,"I-85, EXIT 90",Windber,PA,164,4.169
4379,DUMMY TRUCK STOP #3379,"I-81, EXIT 112",Eddyville,IL,678,3.679
4380,DUMMY TRUCK STOP #3380,"I-95, EXIT 96",Conkling Park,ID,129,3.733
4381,DUMMY TRUCK STOP #3381,"I-95, EXIT 291",Drake,ND,729,3.449
4382,DUMMY TRUCK STOP #3382,"I-40, EXIT 211",Tiki Island,TX,275,3.248
4383,DUMMY TRUCK STOP #3383,"I-65, EXIT 337",Lockland,OH,699,3.981
4384,DUMMY TRUCK STOP #3384,"I-15, EXIT 328",Iona,MN,410,3.419
4385,DUMMY TRUCK STOP #3385,"I-44, EXIT 86",Hughes Springs,TX,432,3.170
4386,DUMMY TRUCK STOP #3386,"I-70, EXIT 126",Marshfield,WI,691,3.677
4387,DUMMY TRUCK STOP #3387,"I-65, EXIT 285",Hibernia,NJ,415,3.988
4388,DUMMY TRUCK STOP #3388,"I-55, EXIT 214",Belmont,VA,225,3.373
4389,DUMMY TRUCK STOP #3389,"I-85, EXIT 113",Post Mountain,CA,265,4.492
4390,DUMMY TRUCK STOP #3390,"I-75, EXIT 149",Emmons,MN,353,3.518
4391,DUMMY TRUCK STOP #3391,"I-55, EXIT 130",Hartshorne,OK,691,3.369
4392,DUMMY TRUCK STOP #3392,"I-85, EXIT 313",Temple City,CA,832,4.666
4393,DUMMY TRUCK STOP #3393,"I-81, EXIT 310",Bentley,IL,696,3.782
4394,DUMMY TRUCK STOP #3394,"I-81, EXIT 2",Miami Springs,FL,291,3.388
4395,DUMMY TRUCK STOP #3395,"I-35, EXIT 29",Woodsboro,TX,439,2.975
4396,DUMMY TRUCK STOP #3396,"I-44, EXIT 342",Scottsville,KY,710,3.366
4397,DUMMY TRUCK STOP #3397,"I-85, EXIT 58",Raglesville,IN,319,3.534
4398,DUMMY TRUCK STOP #3398,"I-85, EXIT 168",Grant,AL,241,3.343
4399,DUMMY TRUCK STOP #3399,"I-90, EXIT 125",Chelsea,IA,233,3.148
4400,DUMMY TRUCK STOP #3400,"I-25, EXIT 15",Martin,MI,791,3.590
4401,DUMMY TRUCK STOP #3401,"I-70, EXIT 204",Glenwood,IN,846,3.751
4402,DUMMY TRUCK STOP #3402,"I-10, EXIT 281",Guilford,MO,292,3.118
4403,DUMMY TRUCK STOP #3403,"I-55, EXIT 284",Vicksburg,PA,600,4.223
4404,DUMMY TRUCK STOP #3404,"I-81, EXIT 266",Kelly,WY,615,3.781
4405,DUMMY TRUCK STOP #3405,"I-70, EXIT 108",Bethel,WA,809,4.217
4406,DUMMY TRUCK STOP #3406,"I-70, EXIT 342",New Strawn,KS,626,3.241
4407,DUMMY TRUCK STOP #3407,"I-94, EXIT 202",West Haverstraw,NY,162,4.067
4408,DUMMY TRUCK STOP #3408,"I-10, EXIT 104",Jacksonville,PA,117,4.153
4409,DUMMY TRUCK STOP #3409,"I-75, EXIT 331",Potsdam,NY,183,4.123
4410,DUMMY TRUCK STOP #3410,"I-95, EXIT 294",Mulga,AL,428,3.450
4411,DUMMY TRUCK STOP #3411,"I-35, EXIT 108",Coin,IA,845,3.402
4412,DUMMY TRUCK STOP #3412,"I-95, EXIT 48",Suffield,OH,123,3.742
4413,DUMMY TRUCK STOP #3413,"I-35, EXIT 301",Riverside,MD,867,3.647
4414,DUMMY TRUCK STOP #3414,"I-70, EXIT 340",Netarts,OR,124,3.946
4415,DUMMY TRUCK STOP #3415,"I-55, EXIT 335",Grissom AFB,IN,852,3.850
4416,DUMMY TRUCK STOP #3416,"I-90, EXIT 99",Daly City,CA,158,4.816
4417,DUMMY TRUCK STOP #3417,"I-5, EXIT 296",Fox,OK,525,3.059
4418,DUMMY TRUCK STOP #3418,"I-85, EXIT 43",Litchfield,CT,315,4.023
4419,DUMMY TRUCK STOP #3419,"I-20, EXIT 75",Weatherby Lake,MO,507,3.118
4420,DUMMY TRUCK STOP #3420,"I-10, EXIT 325",Sterling,KS,254,3.055
4421,DUMMY TRUCK STOP #3421,"I-35, EXIT 61",Smithfield,UT,803,3.590
4422,DUMMY TRUCK STOP #3422,"I-81, EXIT 210",Inger,MN,577,3.411
4423,DUMMY TRUCK STOP #3423,"I-20, EXIT 311",Brookings,OR,889,4.202
4424,DUMMY TRUCK STOP #3424,"I-15, EXIT 60",Mogul,NV,215,3.951
4425,DUMMY TRUCK STOP #3425,"I-35, EXIT 22",Brisbin,PA,223,3.987
4426,DUMMY TRUCK STOP #3426,"I-10, EXIT 229",Pawleys Island,SC,239,3.357
4427,DUMMY TRUCK STOP #3427,"I-90, EXIT 225",Berry,KY,354,3.405
4428,DUMMY TRUCK STOP #3428,"I-40, EXIT 319",Sullivan,WI,864,3.189
4429,DUMMY TRUCK STOP #3429,"I-95, EXIT 99",Georgetown,CT,541,4.094
4430,DUMMY TRUCK STOP #3430,"I-75, EXIT 173",Weatherford,TX,313,3.101
4431,DUMMY TRUCK STOP #3431,"I-81, EXIT 334",Wellman,TX,781,2.892
4432,DUMMY TRUCK STOP #3432,"I-64, EXIT 267",Orleans,MA,206,3.540
4433,DUMMY TRUCK STOP #3433,"I-35, EXIT 52",Leith,ND,192,3.686
4434,DUMMY TRUCK STOP #3434,"I-64, EXIT 12",Table Grove,IL,671,4.055
4435,DUMMY TRUCK STOP #3435,"I-25, EXIT 173",Smithville,IL,108,3.697
4436,DUMMY TRUCK STOP #3436,"I-95, EXIT 341",Greenbriar,FL,434,3.270
4437,DUMMY TRUCK STOP #3437,"I-64, EXIT 193",Rocky Boy's Agency,MT,231,3.702
4438,DUMMY TRUCK STOP #3438,"I-5, EXIT 303",Winter Park,FL,298,3.488
4439,DUMMY TRUCK STOP #3439,"I-70, EXIT 195",Naylor,MO,167,3.147
4440,DUMMY TRUCK STOP #3440,"I-5, EXIT 110",Slippery Rock,PA,832,3.886
4441,DUMMY TRUCK STOP #3441,"I-25, EXIT 299",Turkey,NC,608,3.329
4442,DUMMY TRUCK STOP #3442,"I-5, EXIT 50",Camden,MI,334,3.490
4443,DUMMY TRUCK STOP #3443,"I-55, EXIT 98",St. Vincent,MN,534,3.589
4444,DUMMY TRUCK STOP #3444,"I-70, EXIT 282",Birchwood Lakes,PA,434,4.032
4445,DUMMY TRUCK STOP #3445,"I-25, EXIT 109",Canajoharie,NY,127,3.977
4446,DUMMY TRUCK STOP #3446,"I-55, EXIT 39",Elliston,MT,860,3.556
4447,DUMMY TRUCK STOP #3447,"I-85, EXIT 28",Wind Ridge,PA,532,4.057
4448,DUMMY TRUCK STOP #3448,"I-20, EXIT 186",Mimbres,NM,728,3.410
4449,DUMMY TRUCK STOP #3449,"I-85, EXIT 143",Sherwood,TN,161,3.369
4450,DUMMY TRUCK STOP #3450,"I-35, EXIT 307",Cloud Creek,OK,734,3.261
4451,DUMMY TRUCK STOP #3451,"I-15, EXIT 221",Henrietta,TX,536,3.416
4452,DUMMY TRUCK STOP #3452,"I-95, EXIT 12",Shawneetown,IL,522,3.908
4453,DUMMY TRUCK STOP #3453,"I-64, EXIT 272",Carolina Forest,SC,765,3.313
4454,DUMMY TRUCK STOP #3454,"I-20, EXIT 176",Pleasant View,IN,427,3.843
4455,DUMMY TRUCK STOP #3455,"I-5, EXIT 114",Spaulding,OK,818,3.125
4456,DUMMY TRUCK STOP #3456,"I-64, EXIT 17",Wayne,PA,355,4.409
4457,DUMMY TRUCK STOP #3457,"I-70, EXIT 208",La Grange,NC,608,3.481
4458,DUMMY TRUCK STOP #3458,"I-95, EXIT 328",Lac La Belle,WI,562,3.462
4459,DUMMY TRUCK STOP #3459,"I-64, EXIT 319",Newcastle,CA,166,4.492
4460,DUMMY TRUCK STOP #3460,"I-70, EXIT 227",Spring Lake Heights,NJ,704,4.130
4461,DUMMY TRUCK STOP #3461,"I-70, EXIT 146",Gunn City,MO,535,2.919
4462,DUMMY TRUCK STOP #3462,"I-35, EXIT 127",Wildwood,NJ,357,3.280
4463,DUMMY TRUCK STOP #3463,"I-55, EXIT 237",Brookhaven,PA,544,3.965
4464,DUMMY TRUCK STOP #3464,"I-5, EXIT 57",Bartow,WV,145,3.611
4465,DUMMY TRUCK STOP #3465,"I-90, EXIT 63",Madera Acres,CA,139,4.460
4466,DUMMY TRUCK STOP #3466,"I-40, EXIT 14",Lyon Mountain,NY,854,4.046
4467,DUMMY TRUCK STOP #3467,"I-20, EXIT 231",Rico,CO,508,3.610
4468,DUMMY TRUCK STOP #3468,"I-55, EXIT 47",Crockett,CA,600,4.529
4469,DUMMY TRUCK STOP #3469,"I-94, EXIT 7",Kaufman,TX,629,3.264
4470,DUMMY TRUCK STOP #3470,"I-20, EXIT 344",Blauvelt,NY,475,4.335
4471,DUMMY TRUCK STOP #3471,"I-5, EXIT 56",Hanover,NH,450,3.504
4472,DUMMY TRUCK STOP #3472,"I-10, EXIT 238",Kildeer,IL,186,3.833
4473,DUMMY TRUCK STOP #3473,"I-81, EXIT 53",Port Jervis,NY,352,4.168
4474,DUMMY TRUCK STOP #3474,"I-10, EXIT 237",Luis Lopez,NM,829,3.500
4475,DUMMY TRUCK STOP #3475,"I-10, EXIT 148",Tavernier,FL,469,3.510
4476,DUMMY TRUCK STOP #3476,"I-90, EXIT 142",Malo,WA,603,4.523
4477,DUMMY TRUCK STOP #3477,"I-35, EXIT 59",Sterling,VA,820,3.450
4478,DUMMY TRUCK STOP #3478,"I-40, EXIT 13",Sulphur Springs,TX,117,3.457
4479,DUMMY TRUCK STOP #3479,"I-94, EXIT 271",North Arlington,NJ,792,3.745
4480,DUMMY TRUCK STOP #3480,"I-70, EXIT 229",Mauston,WI,536,3.405
4481,DUMMY TRUCK STOP #3481,"I-85, EXIT 16",Candlewood Lake Club,CT,309,4.030
4482,DUMMY TRUCK STOP #3482,"I-20, EXIT 288",Arlington,WY,105,3.218
4483,DUMMY TRUCK STOP #3483,"I-40, EXIT 311",Lynwood,IL,512,3.431
4484,DUMMY TRUCK STOP #3484,"I-35, EXIT 226",Friedensburg,PA,360,4.685
4485,DUMMY TRUCK STOP #3485,"I-80, EXIT 77",Pine Grove,WA,180,4.649
4486,DUMMY TRUCK STOP #3486,"I-70, EXIT 300",Glenwood,NE,165,3.029
4487,DUMMY TRUCK STOP #3487,"I-85, EXIT 10",San Simeon,CA,132,4.415
4488,DUMMY TRUCK STOP #3488,"I-10, EXIT 137",Cedar Glen West,NJ,512,3.798
4489,DUMMY TRUCK STOP #3489,"I-65, EXIT 321",Ginger Blue,MO,703,3.129
4490,DUMMY TRUCK STOP #3490,"I-5, EXIT 35",Bertram,TX,219,3.192
4491,DUMMY TRUCK STOP #3491,"I-81, EXIT 64",Bodfish,CA,358,4.978
4492,DUMMY TRUCK STOP #3492,"I-10, EXIT 11",Memphis,MO,866,3.275
4493,DUMMY TRUCK STOP #3493,"I-94, EXIT 283",Florida Ridge,FL,169,3.366
4494,DUMMY TRUCK STOP #3494,"I-95, EXIT 324",Florham Park,NJ,813,3.652
4495,DUMMY TRUCK STOP #3495,"I-44, EXIT 342",St. Hilaire,MN,824,3.498
4496,DUMMY TRUCK STOP #3496,"I-15, EXIT 163",Otterville,MO,276,3.214
4497,DUMMY TRUCK STOP #3497,"I-90, EXIT 20",Long Lake,NY,703,4.389
4498,DUMMY TRUCK STOP #3498,"I-64, EXIT 332",Campbell,CA,712,4.815
4499,DUMMY TRUCK STOP #3499,"I-75, EXIT 311",Hamburg,NY,641,4.330
4500,DUMMY TRUCK STOP #3500,"I-85, EXIT 328",Spokane,MO,329,2.827
4501,DUMMY TRUCK STOP #3501,"I-95, EXIT 225",Locust Grove,OK,801,3.078
4502,DUMMY TRUCK STOP #3502,"I-20, EXIT 213",Avery,TX,491,3.054
4503,DUMMY TRUCK STOP #3503,"I-20, EXIT 211",Waldo,KS,491,3.011
4504,DUMMY TRUCK STOP #3504,"I-20, EXIT 77",Jenkintown,PA,321,3.869
4505,DUMMY TRUCK STOP #3505,"I-85, EXIT 246",East Globe,AZ,684,3.408
4506,DUMMY TRUCK STOP #3506,"I-55, EXIT 128",Brewster,MN,338,3.542
4507,DUMMY TRUCK STOP #3507,"I-80, EXIT 94",Westfield,IN,315,3.899
4508,DUMMY TRUCK STOP #3508,"I-90, EXIT 343",Damon,TX,705,2.884
4509,DUMMY TRUCK STOP #3509,"I-20, EXIT 313",Citronelle,AL,556,3.103
4510,DUMMY TRUCK STOP #3510,"I-5, EXIT 35",Rockwood,VA,828,3.416
4511,DUMMY TRUCK STOP #3511,"I-80, EXIT 339",Scales Mound,IL,242,3.862
4512,DUMMY TRUCK STOP #3512,"I-5, EXIT 110",Springwater,NY,578,4.023
4513,DUMMY TRUCK STOP #3513,"I-94, EXIT 88",Kep'el,CA,208,4.940
4514,DUMMY TRUCK STOP #3514,"I-15, EXIT 211",Midway,UT,156,3.663
4515,DUMMY TRUCK STOP #3515,"I-5, EXIT 323",Crowder,MS,776,3.343
4516,DUMMY TRUCK STOP #3516,"I-55, EXIT 49",Belfair,WA,658,4.227
4517,DUMMY TRUCK STOP #3517,"I-44, EXIT 190",Bangor,PA,800,4.353
4518,DUMMY TRUCK STOP #3518,"I-95, EXIT 263",Ducor,CA,709,4.638
4519,DUMMY TRUCK STOP #3519,"I-95, EXIT 230",Sandia Knolls,NM,250,2.883
4520,DUMMY TRUCK STOP #3520,"I-20, EXIT 43",Coachella,CA,555,4.734
4521,DUMMY TRUCK STOP #3521,"I-94, EXIT 258",Grass Valley,CA,740,5.034
4522,DUMMY TRUCK STOP #3522,"I-95, EXIT 149",Geyser,MT,777,3.532
4523,DUMMY TRUCK STOP #3523,"I-15, EXIT 280",Wide Ruins,AZ,508,3.520
4524,DUMMY TRUCK STOP #3524,"I-55, EXIT 156",Yetter,IA,647,3.333
4525,DUMMY TRUCK STOP #3525,"I-81, EXIT 183",Manhattan Beach,MN,634,3.696
4526,DUMMY TRUCK STOP #3526,"I-90, EXIT 120",Riggins,ID,684,3.931
4527,DUMMY TRUCK STOP #3527,"I-70, EXIT 225",Cashmere,WA,111,4.930
4528,DUMMY TRUCK STOP #3528,"I-94, EXIT 89",Hunters Creek,FL,163,3.448
4529,DUMMY TRUCK STOP #3529,"I-10, EXIT 215",Clayton,WI,585,3.503
4530,DUMMY TRUCK STOP #3530,"I-65, EXIT 243",Middletown,OH,782,3.571
4531,DUMMY TRUCK STOP #3531,"I-40, EXIT 195",Mansfield,PA,676,4.338
4532,DUMMY TRUCK STOP #3532,"I-15, EXIT 154",Teasdale,UT,709,3.792
4533,DUMMY TRUCK STOP #3533,"I-15, EXIT 81",Winnebago,MN,623,3.249
4534,DUMMY TRUCK STOP #3534,"I-85, EXIT 346",Chesaning,MI,704,3.875
4535,DUMMY TRUCK STOP #3535,"I-80, EXIT 287",Lincoln,MI,616,3.686
4536,DUMMY TRUCK STOP #3536,"I-25, EXIT 238",Huntleigh,MO,843,3.307
4537,DUMMY TRUCK STOP #3537,"I-85, EXIT 341",Fife Lake,MI,750,3.703
4538,DUMMY TRUCK STOP #3538,"I-10, EXIT 137",Decatur,MI,144,3.463
4539,DUMMY TRUCK STOP #3539,"I-20, EXIT 133",Monmouth,CA,190,4.640
4540,DUMMY TRUCK STOP #3540,"I-95, EXIT 217",Vera,OK,215,3.081
4541,DUMMY TRUCK STOP #3541,"I-94, EXIT 329",Brooksville,OK,354,3.117
4542,DUMMY TRUCK STOP #3542,"I-35, EXIT 250",Union Grove,WI,390,3.493
4543,DUMMY TRUCK STOP #3543,"I-94, EXIT 286",Gifford,FL,329,3.350
4544,DUMMY TRUCK STOP #3544,"I-65, EXIT 194",Streetsboro,OH,462,3.409
4545,DUMMY TRUCK STOP #3545,"I-95, EXIT 338",Bishopville,MD,786,3.926
4546,DUMMY TRUCK STOP #3546,"I-75, EXIT 94",Moodus,CT,399,4.359
4547,DUMMY TRUCK STOP #3547,"I-80, EXIT 328",Middleton,ID,389,3.461
4548,DUMMY TRUCK STOP #3548,"I-75, EXIT 197",Melrose,NM,659,3.162
4549,DUMMY TRUCK STOP #3549,"I-80, EXIT 14",Ada,MN,372,3.501
4550,DUMMY TRUCK STOP #3550,"I-81, EXIT 262",Agua Fria,NM,419,3.591
4551,DUMMY TRUCK STOP #3551,"I-25, EXIT 288",Brooksville,FL,446,3.613
4552,DUMMY TRUCK STOP #3552,"I-20, EXIT 198",Lower Allen,PA,245,4.209
4553,DUMMY TRUCK STOP #3553,"I-95, EXIT 125",Vermont,IL,745,4.025
4554,DUMMY TRUCK STOP #3554,"I-80, EXIT 141",Los Veteranos I,TX,655,3.504
4555,DUMMY TRUCK STOP #3555,"I-95, EXIT 114",Columbiana,AL,372,3.295
4556,DUMMY TRUCK STOP #3556,"I-94, EXIT 205",Westover,PA,645,4.049
4557,DUMMY TRUCK STOP #3557,"I-10, EXIT 224",Gilbert,AZ,240,3.807
4558,DUMMY TRUCK STOP #3558,"I-55, EXIT 203",Latimer,KS,591,3.128
4559,DUMMY TRUCK STOP #3559,"I-90, EXIT 228",Summer Set,MO,716,3.510
4560,DUMMY TRUCK STOP #3560,"I-95, EXIT 35",Mallard Bay,OK,535,3.584
4561,DUMMY TRUCK STOP #3561,"I-15, EXIT 154",Greenville,PA,175,4.387
4562,DUMMY TRUCK STOP #3562,"I-40, EXIT 58",White Rock,NM,700,3.497
4563,DUMMY TRUCK STOP #3563,"I-44, EXIT 184",Doddsville,MS,777,3.659
4564,DUMMY TRUCK STOP #3564,"I-35, EXIT 105",Crestview,NM,831,3.099
4565,DUMMY TRUCK STOP #3565,"I-85, EXIT 209",Hardwood Acres,MI,100,3.591
4566,DUMMY TRUCK STOP #3566,"I-65, EXIT 96",Jericho,VT,354,3.672
4567,DUMMY TRUCK STOP #3567,"I-94, EXIT 262",Cambridge City,IN,196,3.883
4568,DUMMY TRUCK STOP #3568,"I-75, EXIT 171",Pleasantville,IN,898,3.787
4569,DUMMY TRUCK STOP #3569,"I-35, EXIT 185",St. Clair,MO,385,3.218
4570,DUMMY TRUCK STOP #3570,"I-64, EXIT 254",Winslow,ME,248,3.567
4571,DUMMY TRUCK STOP #3571,"I-80, EXIT 163",Bellville,GA,765,3.331
4572,DUMMY TRUCK STOP #3572,"I-10, EXIT 99",Murray,IA,813,3.598
4573,DUMMY TRUCK STOP #3573,"I-95, EXIT 214",Centralia,IL,511,3.790
4574,DUMMY TRUCK STOP #3574,"I-15, EXIT 241",Lakemont,PA,873,4.092
4575,DUMMY TRUCK STOP #3575,"I-15, EXIT 265",Greenwood,SC,229,3.277
4576,DUMMY TRUCK STOP #3576,"I-55, EXIT 305",Sedalia,CO,651,3.167
4577,DUMMY TRUCK STOP #3577,"I-10, EXIT 280",York,AZ,654,3.647
4578,DUMMY TRUCK STOP #3578,"I-5, EXIT 206",Bluetown,TX,572,3.049
4579,DUMMY TRUCK STOP #3579,"I-55, EXIT 41",Barber,OK,553,3.200
4580,DUMMY TRUCK STOP #3580,"I-55, EXIT 212",Packwaukee,WI,629,3.363
4581,DUMMY TRUCK STOP #3581,"I-44, EXIT 168",Loma,ND,737,3.549
4582,DUMMY TRUCK STOP #3582,"I-35, EXIT 202",Hollywood,SC,741,3.231
4583,DUMMY TRUCK STOP #3583,"I-80, EXIT 316",Stapleton,AL,779,3.199
4584,DUMMY TRUCK STOP #3584,"I-94, EXIT 317",Letts,IN,354,3.849
4585,DUMMY TRUCK STOP #3585,"I-94, EXIT 226",Manhattan,IL,419,3.725
4586,DUMMY TRUCK STOP #3586,"I-90, EXIT 196",Fort Jones,CA,680,4.524
4587,DUMMY TRUCK STOP #3587,"I-15, EXIT 168",Aguilar,CO,448,3.405
4588,DUMMY TRUCK STOP #3588,"I-95, EXIT 134",Hays,NC,421,3.801
4589,DUMMY TRUCK STOP #3589,"I-20, EXIT 315",Beaver,AR,238,3.269
4590,DUMMY TRUCK STOP #3590,"I-35, EXIT 30",Green Castle,MO,803,3.146
4591,DUMMY TRUCK STOP #3591,"I-44, EXIT 196",Maury,NC,811,3.563
4592,DUMMY TRUCK STOP #3592,"I-10, EXIT 180",Langston,OK,216,2.579
4593,DUMMY TRUCK STOP #3593,"I-10, EXIT 117",Brave,PA,710,4.116
4594,DUMMY TRUCK STOP #3594,"I-94, EXIT 285",Springtown,AR,504,3.281
4595,DUMMY TRUCK STOP #3595,"I-80, EXIT 332",New Lisbon,IN,228,3.792
4596,DUMMY TRUCK STOP #3596,"I-20, EXIT 264",Pocono Woodland Lakes,PA,693,4.201
4597,DUMMY TRUCK STOP #3597,"I-10, EXIT 195",Monticello,AR,597,3.239
4598,DUMMY TRUCK STOP #3598,"I-5, EXIT 26",Garden City,MN,125,3.673
4599,DUMMY TRUCK STOP #3599,"I-64, EXIT 70",Carl Junction,MO,405,2.983
4600,DUMMY TRUCK STOP #3600,"I-90, EXIT 298",Fish Lake,IN,356,3.604
4601,DUMMY TRUCK STOP #3601,"I-75, EXIT 193",Pueblo,NM,798,3.515
4602,DUMMY TRUCK STOP #3602,"I-55, EXIT 286",Milladore,WI,728,3.585
4603,DUMMY TRUCK STOP #3603,"I-10, EXIT 168",Warminster Heights,PA,546,3.856
4604,DUMMY TRUCK STOP #3604,"I-55, EXIT 83",Brentwood Colony,SD,114,3.484
4605,DUMMY TRUCK STOP #3605,"I-65, EXIT 217",Brookdale,CA,472,4.928
4606,DUMMY TRUCK STOP #3606,"I-85, EXIT 227",Mayo,FL,448,3.123
4607,DUMMY TRUCK STOP #3607,"I-81, EXIT 158",Ursine,NV,886,4.007
4608,DUMMY TRUCK STOP #3608,"I-65, EXIT 114",Bison,KS,296,3.240
4609,DUMMY TRUCK STOP #3609,"I-5, EXIT 218",Farmland,IN,233,3.814
4610,DUMMY TRUCK STOP #3610,"I-44, EXIT 190",Crockett,TX,364,2.831
4611,DUMMY TRUCK STOP #3611,"I-25, EXIT 325",Mill Run,PA,288,4.161
4612,DUMMY TRUCK STOP #3612,"I-80, EXIT 173",Scottsburg,NY,817,3.800
4613,DUMMY TRUCK STOP #3613,"I-65, EXIT 310",Lovelaceville,KY,722,3.429
4614,DUMMY TRUCK STOP #3614,"I-70, EXIT 118",South Cairo,NY,154,4.234
4615,DUMMY TRUCK STOP #3615,"I-80, EXIT 83",Mebane,NC,291,3.867
4616,DUMMY TRUCK STOP #3616,"I-20, EXIT 90",Berwind,WV,255,3.624
4617,DUMMY TRUCK STOP #3617,"I-81, EXIT 220",Portage,UT,589,3.473
4618,DUMMY TRUCK STOP #3618,"I-85, EXIT 160",Castle Valley,UT,510,4.045
4619,DUMMY TRUCK STOP #3619,"I-15, EXIT 200",Murray Hill,KY,128,3.554
4620,DUMMY TRUCK STOP #3620,"I-20, EXIT 41",Hatfield,IN,281,3.867
4621,DUMMY TRUCK STOP #3621,"I-15, EXIT 191",Ness City,KS,615,3.150
4622,DUMMY TRUCK STOP #3622,"I-55, EXIT 274",Williamsburg,VA,629,4.056
4623,DUMMY TRUCK STOP #3623,"I-5, EXIT 275",Cavalero,WA,115,4.085
4624,DUMMY TRUCK STOP #3624,"I-20, EXIT 243",Oxford,NJ,702,3.412
4625,DUMMY TRUCK STOP #3625,"I-85, EXIT 287",Taylorville,IL,230,3.620
4626,DUMMY TRUCK STOP #3626,"I-40, EXIT 41",Prior Lake,MN,277,3.482
4627,DUMMY TRUCK STOP #3627,"I-70, EXIT 228",Mentor,KS,113,2.921
4628,DUMMY TRUCK STOP #3628,"I-55, EXIT 229",Mooar,IA,238,3.175
4629,DUMMY TRUCK STOP #3629,"I-55, EXIT 85",Potter Lake,WI,753,3.634
4630,DUMMY TRUCK STOP #3630,"I-80, EXIT 39",Friendship,NY,250,4.143
4631,DUMMY TRUCK STOP #3631,"I-10, EXIT 105",Fayetteville,NC,641,3.400
4632,DUMMY TRUCK STOP #3632,"I-55, EXIT 118",New Market,PA,853,3.649
4633,DUMMY TRUCK STOP #3633,"I-44, EXIT 221",Butte City,ID,454,3.713
4634,DUMMY TRUCK STOP #3634,"I-95, EXIT 198",Castalia,OH,870,3.495
4635,DUMMY TRUCK STOP #3635,"I-70, EXIT 326",Roff,OK,272,2.954
4636,DUMMY TRUCK STOP #3636,"I-70, EXIT 136",Learned,MS,626,3.160
4637,DUMMY TRUCK STOP #3637,"I-94, EXIT 120",Fishkill,NY,615,4.193
4638,DUMMY TRUCK STOP #3638,"I-65, EXIT 130",Preston,NE,470,3.434
4639,DUMMY TRUCK STOP #3639,"I-55, EXIT 25",Poyen,AR,132,3.396
4640,DUMMY TRUCK STOP #3640,"I-80, EXIT 131",Mechanic Falls,ME,412,3.118
4641,DUMMY TRUCK STOP #3641,"I-81, EXIT 174",Coulee Dam,WA,857,4.365
4642,DUMMY TRUCK STOP #3642,"I-25, EXIT 101",Ketchum,OK,178,3.029
4643,DUMMY TRUCK STOP #3643,"I-25, EXIT 230",Kent City,MI,392,4.031
4644,DUMMY TRUCK STOP #3644,"I-94, EXIT 315",Rosholt,SD,883,3.679
4645,DUMMY TRUCK STOP #3645,"I-15, EXIT 231",Secaucus,NJ,548,3.808
4646,DUMMY TRUCK STOP #3646,"I-75, EXIT 106",London,KY,348,2.957
4647,DUMMY TRUCK STOP #3647,"I-35, EXIT 251",Tillamook,OR,273,4.067
4648,DUMMY TRUCK STOP #3648,"I-5, EXIT 99",Shelly,MN,668,3.277
4649,DUMMY TRUCK STOP #3649,"I-15, EXIT 244",Lowry,MN,462,3.235
4650,DUMMY TRUCK STOP #3650,"I-5, EXIT 336",Steinhatchee,FL,655,3.434
4651,DUMMY TRUCK STOP #3651,"I-75, EXIT 127",Madison,KS,142,3.574
4652,DUMMY TRUCK STOP #3652,"I-55, EXIT 169",Eastpointe,MI,831,3.830
4653,DUMMY TRUCK STOP #3653,"I-44, EXIT 167",Bartonville,IL,836,3.769
4654,DUMMY TRUCK STOP #3654,"I-94, EXIT 258",Warren,PA,248,4.015
4655,DUMMY TRUCK STOP #3655,"I-65, EXIT 118",Nadine,NM,412,3.410
4656,DUMMY TRUCK STOP #3656,"I-5, EXIT 19",Hobson,MT,816,3.979
4657,DUMMY TRUCK STOP #3657,"I-90, EXIT 36",Linn Grove,IN,832,3.820
4658,DUMMY TRUCK STOP #3658,"I-75, EXIT 226",St. Jo,TX,585,2.863
4659,DUMMY TRUCK STOP #3659,"I-15, EXIT 218",Winfield,IL,453,3.584
4660,DUMMY TRUCK STOP #3660,"I-35, EXIT 143",Minneapolis,KS,360,3.243
4661,DUMMY TRUCK STOP #3661,"I-70, EXIT 134",Coalport,PA,368,4.043
4662,DUMMY TRUCK STOP #3662,"I-80, EXIT 28",Pasadena Hills,FL,644,3.768
4663,DUMMY TRUCK STOP #3663,"I-70, EXIT 34",Amarillo,TX,586,3.205
4664,DUMMY TRUCK STOP #3664,"I-40, EXIT 231",Summersville,MO,821,3.416
4665,DUMMY TRUCK STOP #3665,"I-65, EXIT 124",Cameron Park,CA,759,4.768
4666,DUMMY TRUCK STOP #3666,"I-20, EXIT 76",Lake Erie Beach,NY,649,4.066
4667,DUMMY TRUCK STOP #3667,"I-55, EXIT 276",Park Rapids,MN,852,3.295
4668,DUMMY TRUCK STOP #3668,"I-75, EXIT 319",Silver Creek,MN,681,3.557
4669,DUMMY TRUCK STOP #3669,"I-90, EXIT 264",Ghent,NY,895,3.679
4670,DUMMY TRUCK STOP #3670,"I-25, EXIT 307",Bluewater,NM,162,3.194
4671,DUMMY TRUCK STOP #3671,"I-85, EXIT 297",Harbor Bluffs,FL,819,3.320
4672,DUMMY TRUCK STOP #3672,"I-25, EXIT 246",Rogers City,MI,207,4.191
4673,DUMMY TRUCK STOP #3673,"I-25, EXIT 130",Van,WV,485,3.570
4674,DUMMY TRUCK STOP #3674,"I-44, EXIT 19",Whiting,IN,191,3.944
4675,DUMMY TRUCK STOP #3675,"I-94, EXIT 196",Lake Zurich,IL,827,4.141
4676,DUMMY TRUCK STOP #3676,"I-55, EXIT 90",Dixie Inn,LA,374,2.847
4677,DUMMY TRUCK STOP #3677,"I-94, EXIT 333",Ottawa,OH,331,3.782
4678,DUMMY TRUCK STOP #3678,"I-95, EXIT 231",Meadow Vista,CA,266,4.840
4679,DUMMY TRUCK STOP #3679,"I-20, EXIT 78",Kimmswick,MO,215,3.068
4680,DUMMY TRUCK STOP #3680,"I-94, EXIT 256",Reno,TX,130,3.132
4681,DUMMY TRUCK STOP #3681,"I-95, EXIT 108",Athens,MI,276,3.442
4682,DUMMY TRUCK STOP #3682,"I-90, EXIT 264",Sierra Madre,CA,150,4.958
4683,DUMMY TRUCK STOP #3683,"I-40, EXIT 86",La Mesilla,NM,249,3.395
4684,DUMMY TRUCK STOP #3684,"I-20, EXIT 23",Mason,WV,219,3.377
4685,DUMMY TRUCK STOP #3685,"I-5, EXIT 9",Newcastle,WY,164,3.580
4686,DUMMY TRUCK STOP #3686,"I-90, EXIT 198",Crab Orchard,IL,572,3.812
4687,DUMMY TRUCK STOP #3687,"I-5, EXIT 261",Acton,CA,746,4.669
4688,DUMMY TRUCK STOP #3688,"I-94, EXIT 347",Hazleton,IA,592,3.386
4689,DUMMY TRUCK STOP #3689,"I-94, EXIT 43",Fairgrove,MI,402,3.680
4690,DUMMY TRUCK STOP #3690,"I-40, EXIT 191",Mannsville,OK,492,3.061
4691,DUMMY TRUCK STOP #3691,"I-44, EXIT 284",Summerfield,NC,396,3.493
4692,DUMMY TRUCK STOP #3692,"I-65, EXIT 333",Salvo,NC,349,3.308
4693,DUMMY TRUCK STOP #3693,"I-90, EXIT 25",Greenway,AR,594,3.202
4694,DUMMY TRUCK STOP #3694,"I-55, EXIT 216",Keeler,CA,869,4.691
4695,DUMMY TRUCK STOP #3695,"I-25, EXIT 100",Carrollton,IL,422,3.823
4696,DUMMY TRUCK STOP #3696,"I-64, EXIT 210",Packwood,WA,702,4.224
4697,DUMMY TRUCK STOP #3697,"I-20, EXIT 18",Camp Croft,SC,103,3.190
4698,DUMMY TRUCK STOP #3698,"I-40, EXIT 9",Orient,WA,568,4.697
4699,DUMMY TRUCK STOP #3699,"I-35, EXIT 2",Kiskimere,PA,478,4.144
4700,DUMMY TRUCK STOP #3700,"I-55, EXIT 169",Kildare,OK,860,2.992
4701,DUMMY TRUCK STOP #3701,"I-15, EXIT 170",Hamilton College,NY,120,3.986
4702,DUMMY TRUCK STOP #3702,"I-10, EXIT 224",Russellville,IL,543,3.698
4703,DUMMY TRUCK STOP #3703,"I-80, EXIT 138",Sleeping Buffalo,MT,194,3.863
4704,DUMMY TRUCK STOP #3704,"I-15, EXIT 7",Mount Olive,IL,762,3.754
4705,DUMMY TRUCK STOP #3705,"I-15, EXIT 47",Hester,LA,820,3.114
4706,DUMMY TRUCK STOP #3706,"I-44, EXIT 145",Palco,KS,101,3.358
4707,DUMMY TRUCK STOP #3707,"I-20, EXIT 205",Soap Lake,WA,728,4.530
4708,DUMMY TRUCK STOP #3708,"I-95, EXIT 138",Valders,WI,890,3.240
4709,DUMMY TRUCK STOP #3709,"I-5, EXIT 189",Como,IL,891,3.761
4710,DUMMY TRUCK STOP #3710,"I-94, EXIT 100",Pymatuning Central,PA,540,4.014
4711,DUMMY TRUCK STOP #3711,"I-94, EXIT 73",Fenwick,CT,486,3.994
4712,DUMMY TRUCK STOP #3712,"I-94, EXIT 291",Shiloh,PA,678,4.109
4713,DUMMY TRUCK STOP #3713,"I-81, EXIT 8",Wanamie,PA,640,3.974
4714,DUMMY TRUCK STOP #3714,"I-44, EXIT 277",Sapphire Ridge,MT,543,3.527
4715,DUMMY TRUCK STOP #3715,"I-95, EXIT 61",Metz,IN,583,3.546
4716,DUMMY TRUCK STOP #3716,"I-90, EXIT 350",Sprague River,OR,776,4.122
4717,DUMMY TRUCK STOP #3717,"I-15, EXIT 187",Spring Lake,NC,131,3.251
4718,DUMMY TRUCK STOP #3718,"I-70, EXIT 303",Tira,TX,539,2.907
4719,DUMMY TRUCK STOP #3719,"I-15, EXIT 292",Literberry,IL,565,3.884
4720,DUMMY TRUCK STOP #3720,"I-75, EXIT 12",Caledonia,MN,809,3.679
4721,DUMMY TRUCK STOP #3721,"I-15, EXIT 68",Laconia,IN,541,3.672
4722,DUMMY TRUCK STOP #3722,"I-70, EXIT 233",Country Knolls,NY,746,4.098
4723,DUMMY TRUCK STOP #3723,"I-35, EXIT 195",Pathfork,KY,115,3.222
4724,DUMMY TRUCK STOP #3724,"I-64, EXIT 41",Big Stone City,SD,666,3.368
4725,DUMMY TRUCK STOP #3725,"I-95, EXIT 189",Stout,IA,242,3.536
4726,DUMMY TRUCK STOP #3726,"I-15, EXIT 237",Ionia,MI,469,3.459
4727,DUMMY TRUCK STOP #3727,"I-20, EXIT 236",Whiting,MO,598,3.120
4728,DUMMY TRUCK STOP #3728,"I-81, EXIT 149",Gallup,NM,823,3.584
4729,DUMMY TRUCK STOP #3729,"I-85, EXIT 152",Proctorville,OH,494,3.952
4730,DUMMY TRUCK STOP #3730,"I-35, EXIT 39",Rawlings,MD,198,3.760
4731,DUMMY TRUCK STOP #3731,"I-94, EXIT 75",Surry,VA,387,3.239
4732,DUMMY TRUCK STOP #3732,"I-15, EXIT 312",Van Vleck,TX,829,3.066
4733,DUMMY TRUCK STOP #3733,"I-80, EXIT 137",Rock Hall,MD,281,3.243
4734,DUMMY TRUCK STOP #3734,"I-35, EXIT 73",Fair Haven,NJ,717,3.616
4735,DUMMY TRUCK STOP #3735,"I-95, EXIT 39",Spalding,NE,560,3.502
4736,DUMMY TRUCK STOP #3736,"I-10, EXIT 136",Wheatland,MO,838,3.143
4737,DUMMY TRUCK STOP #3737,"I-25, EXIT 54",Weldon,CA,666,4.733
4738,DUMMY TRUCK STOP #3738,"I-70, EXIT 349",Surgoinsville,TN,400,3.159
4739,DUMMY TRUCK STOP #3739,"I-10, EXIT 164",Indiana,PA,545,3.812
4740,DUMMY TRUCK STOP #3740,"I-90, EXIT 65",Silver Firs,WA,102,4.694
4741,DUMMY TRUCK STOP #3741,"I-70, EXIT 255",Camden,SC,100,3.356
4742,DUMMY TRUCK STOP #3742,"I-95, EXIT 10",Newark,TX,851,3.068
4743,DUMMY TRUCK STOP #3743,"I-44, EXIT 176",Monticello,KY,519,3.692
4744,DUMMY TRUCK STOP #3744,"I-55, EXIT 28",Lake Petersburg,IL,570,3.878
4745,DUMMY TRUCK STOP #3745,"I-55, EXIT 241",Allen Park,MI,281,3.859
4746,DUMMY TRUCK STOP #3746,"I-90, EXIT 84",Cloverport,KY,673,3.747
4747,DUMMY TRUCK STOP #3747,"I-55, EXIT 3",Red Wing,MN,159,3.212
4748,DUMMY TRUCK STOP #3748,"I-15, EXIT 249",Ozan,AR,632,3.008
4749,DUMMY TRUCK STOP #3749,"I-90, EXIT 94",Lake Katrine,NY,264,3.920
4750,DUMMY TRUCK STOP #3750,"I-55, EXIT 232",Third Lake,IL,346,3.476
4751,DUMMY TRUCK STOP #3751,"I-15, EXIT 200",Prospect,PA,655,4.534
4752,DUMMY TRUCK STOP #3752,"I-70, EXIT 4",Pretty Bayou,FL,593,3.807
4753,DUMMY TRUCK STOP #3753,"I-94, EXIT 329",Theodore,AL,814,3.589
4754,DUMMY TRUCK STOP #3754,"I-10, EXIT 47",Volente,TX,218,3.277
4755,DUMMY TRUCK STOP #3755,"I-35, EXIT 238",Dresden,NY,211,3.714
4756,DUMMY TRUCK STOP #3756,"I-15, EXIT 162",Wyoming,NY,290,3.930
4757,DUMMY TRUCK STOP #3757,"I-10, EXIT 186",Theresa,NY,332,3.882
4758,DUMMY TRUCK STOP #3758,"I-81, EXIT 28",Hasson Heights,PA,683,4.182
4759,DUMMY TRUCK STOP #3759,"I-81, EXIT 37",Swanville,MN,540,3.535
4760,DUMMY TRUCK STOP #3760,"I-95, EXIT 161",Greenleaf,KS,796,3.291
4761,DUMMY TRUCK STOP #3761,"I-55, EXIT 335",West Perrine,FL,188,3.950
4762,DUMMY TRUCK STOP #3762,"I-90, EXIT 294",Gardner,IL,419,3.842
4763,DUMMY TRUCK STOP #3763,"I-64, EXIT 117",Cullen,LA,761,3.102
4764,DUMMY TRUCK STOP #3764,"I-25, EXIT 291",Carthage,IN,634,3.689
4765,DUMMY TRUCK STOP #3765,"I-95, EXIT 110",Hickory Corners,MI,522,3.463
4766,DUMMY TRUCK STOP #3766,"I-70, EXIT 68",Oak Beach,NY,709,4.198
4767,DUMMY TRUCK STOP #3767,"I-20, EXIT 212",South Hill,VA,850,3.530
4768,DUMMY TRUCK STOP #3768,"I-15, EXIT 320",Oaktown,IN,838,4.200
4769,DUMMY TRUCK STOP #3769,"I-85, EXIT 104",Waterloo,NE,418,3.251
4770,DUMMY TRUCK STOP #3770,"I-94, EXIT 43",Chester,NY,318,4.141
4771,DUMMY TRUCK STOP #3771,"I-15, EXIT 19",Tontogany,OH,364,3.936
4772,DUMMY TRUCK STOP #3772,"I-65, EXIT 24",Adrian,OR,257,4.032
4773,DUMMY TRUCK STOP #3773,"I-75, EXIT 114",Pitkin,LA,801,3.112
4774,DUMMY TRUCK STOP #3774,"I-35, EXIT 36",Atalissa,IA,579,3.535
4775,DUMMY TRUCK STOP #3775,"I-70, EXIT 225",Denmark,SC,362,3.397
4776,DUMMY TRUCK STOP #3776,"I-90, EXIT 124",Fowlerton,TX,445,3.072
4777,DUMMY TRUCK STOP #3777,"I-90, EXIT 31",Genoa,NE,515,3.421
4778,DUMMY TRUCK STOP #3778,"I-55, EXIT 280",Johnsonburg,PA,545,3.975
4779,DUMMY TRUCK STOP #3779,"I-40, EXIT 302",Friday Harbor,WA,661,4.635
4780,DUMMY TRUCK STOP #3780,"I-44, EXIT 129",Pikes Creek,PA,406,4.096
4781,DUMMY TRUCK STOP #3781,"I-94, EXIT 156",Indianola,NE,281,3.543
4782,DUMMY TRUCK STOP #3782,"I-65, EXIT 117",St. James,MO,491,3.110
4783,DUMMY TRUCK STOP #3783,"I-64, EXIT 208",Pinehurst,GA,241,3.633
4784,DUMMY TRUCK STOP #3784,"I-94, EXIT 25",Moscow,PA,438,3.897
4785,DUMMY TRUCK STOP #3785,"I-81, EXIT 142",Gray,TN,821,3.202
4786,DUMMY TRUCK STOP #3786,"I-10, EXIT 202",Fishing Creek,MD,468,3.769
4787,DUMMY TRUCK STOP #3787,"I-15, EXIT 187",Richmond Hill,GA,506,3.196
4788,DUMMY TRUCK STOP #3788,"I-35, EXIT 106",Mary Esther,FL,678,3.551
4789,DUMMY TRUCK STOP #3789,"I-10, EXIT 277",Hazen,PA,441,4.188
4790,DUMMY TRUCK STOP #3790,"I-65, EXIT 55",Bard College,NY,143,4.456
4791,DUMMY TRUCK STOP #3791,"I-5, EXIT 342",Foster,NE,714,3.071
4792,DUMMY TRUCK STOP #3792,"I-20, EXIT 120",Baylis,IL,202,3.812
4793,DUMMY TRUCK STOP #3793,"I-81, EXIT 260",Seton Village,NM,497,4.031
4794,DUMMY TRUCK STOP #3794,"I-20, EXIT 308",Milledgeville,OH,803,3.515
4795,DUMMY TRUCK STOP #3795,"I-64, EXIT 228",Castro Valley,CA,798,4.909
4796,DUMMY TRUCK STOP #3796,"I-75, EXIT 28",Ross Corner,NJ,803,3.869
4797,DUMMY TRUCK STOP #3797,"I-5, EXIT 208",Ben Lomond,AR,834,3.218
4798,DUMMY TRUCK STOP #3798,"I-70, EXIT 120",Murillo,TX,422,3.046
4799,DUMMY TRUCK STOP #3799,"I-15, EXIT 350",Lake Hughes,CA,281,4.922
4800,DUMMY TRUCK STOP #3800,"I-5, EXIT 43",Dumas,TX,782,2.770
4801,DUMMY TRUCK STOP #3801,"I-65, EXIT 290",Covington,VA,465,3.678
4802,DUMMY TRUCK STOP #3802,"I-10, EXIT 6",Smithville,AR,261,3.395
4803,DUMMY TRUCK STOP #3803,"I-10, EXIT 41",Fairview Crossroads,SC,427,3.494
4804,DUMMY TRUCK STOP #3804,"I-20, EXIT 173",Geraldine,AL,319,3.066
4805,DUMMY TRUCK STOP #3805,"I-70, EXIT 336",Osakis,MN,802,3.771
4806,DUMMY TRUCK STOP #3806,"I-95, EXIT 133",Lake Hamilton,FL,550,3.184
4807,DUMMY TRUCK STOP #3807,"I-10, EXIT 225",Bellows Falls,VT,389,3.433
4808,DUMMY TRUCK STOP #3808,"I-10, EXIT 253",Euclid,OH,202,3.514
4809,DUMMY TRUCK STOP #3809,"I-25, EXIT 238",Converse,IN,709,3.776
4810,DUMMY TRUCK STOP #3810,"I-94, EXIT 26",Galt,CA,462,4.470
4811,DUMMY TRUCK STOP #3811,"I-70, EXIT 330",Clearfield,PA,128,3.988
4812,DUMMY TRUCK STOP #3812,"I-44, EXIT 342",Vero Beach South,FL,869,3.268
4813,DUMMY TRUCK STOP #3813,"I-75, EXIT 148",Lake View,AL,793,3.327
4814,DUMMY TRUCK STOP #3814,"I-40, EXIT 156",Shumway,IL,891,3.750
4815,DUMMY TRUCK STOP #3815,"I-95, EXIT 61",Klondike Corner,NH,103,3.578
4816,DUMMY TRUCK STOP #3816,"I-55, EXIT 179",Novinger,MO,229,3.081
4817,DUMMY TRUCK STOP #3817,"I-80, EXIT 24",Buckley,MI,618,4.041
4818,DUMMY TRUCK STOP #3818,"I-64, EXIT 33",Cold Springs,CA,173,4.609
4819,DUMMY TRUCK STOP #3819,"I-20, EXIT 114",Upperville,VA,769,3.306
4820,DUMMY TRUCK STOP #3820,"I-65, EXIT 316",Lancaster,OH,731,3.633
4821,DUMMY TRUCK STOP #3821,"I-70, EXIT 178",Erick,OK,878,3.505
4822,DUMMY TRUCK STOP #3822,"I-44, EXIT 192",Niagara,ND,802,3.213
4823,DUMMY TRUCK STOP #3823,"I-70, EXIT 199",Oak Harbor,WA,172,4.358
4824,DUMMY TRUCK STOP #3824,"I-10, EXIT 31",Albion,OK,517,3.109
4825,DUMMY TRUCK STOP #3825,"I-95, EXIT 7",Ericson,NE,759,3.578
4826,DUMMY TRUCK STOP #3826,"I-5, EXIT 204",Stevenson,AL,684,3.247
4827,DUMMY TRUCK STOP #3827,"I-94, EXIT 31",Goodwater,AL,175,2.941
4828,DUMMY TRUCK STOP #3828,"I-94, EXIT 199",Cuyamungue,NM,834,3.623
4829,DUMMY TRUCK STOP #3829,"I-44, EXIT 246",Marshfield,VT,612,3.470
4830,DUMMY TRUCK STOP #3830,"I-55, EXIT 349",New Richland,MN,228,3.552
4831,DUMMY TRUCK STOP #3831,"I-40, EXIT 292",New Market,AL,395,3.206
4832,DUMMY TRUCK STOP #3832,"I-64, EXIT 298",Twin,AL,815,2.859
4833,DUMMY TRUCK STOP #3833,"I-44, EXIT 11",Arroyo Hondo,NM,102,3.620
4834,DUMMY TRUCK STOP #3834,"I-75, EXIT 252",Hyde Park,PA,569,4.010
4835,DUMMY TRUCK STOP #3835,"I-35, EXIT 172",Missouri Valley,IA,435,3.100
4836,DUMMY TRUCK STOP #3836,"I-5, EXIT 112",Las Campanas,NM,264,3.694
4837,DUMMY TRUCK STOP #3837,"I-15, EXIT 253",Winfield,IA,317,3.123
4838,DUMMY TRUCK STOP #3838,"I-75, EXIT 161",Vestavia Hills,AL,361,3.049
4839,DUMMY TRUCK STOP #3839,"I-64, EXIT 55",Logan Creek,NV,570,4.173
4840,DUMMY TRUCK STOP #3840,"I-94, EXIT 131",Chandler,TX,288,3.281
4841,DUMMY TRUCK STOP #3841,"I-95, EXIT 77",Abbottstown,PA,324,3.830
4842,DUMMY TRUCK STOP #3842,"I-44, EXIT 158",Mazie,OK,438,3.025
4843,DUMMY TRUCK STOP #3843,"I-10, EXIT 293",Red Banks,MS,140,3.242
4844,DUMMY TRUCK STOP #3844,"I-80, EXIT 347",Annetta North,TX,147,3.096
4845,DUMMY TRUCK STOP #3845,"I-94, EXIT 285",Paris,ID,523,3.688
4846,DUMMY TRUCK STOP #3846,"I-90, EXIT 130",Hartsel,CO,348,3.565
4847,DUMMY TRUCK STOP #3847,"I-20, EXIT 46",Trinity Village,CA,493,5.124
4848,DUMMY TRUCK STOP #3848,"I-75, EXIT 228",Seaside Park,NJ,325,3.883
4849,DUMMY TRUCK STOP #3849,"I-5, EXIT 145",South Sarasota,FL,794,3.569
4850,DUMMY TRUCK STOP #3850,"I-65, EXIT 234",San Leon,TX,442,2.911
4851,DUMMY TRUCK STOP #3851,"I-94, EXIT 279",Diamond,IL,561,3.816
4852,DUMMY TRUCK STOP #3852,"I-65, EXIT 290",Watford City,ND,290,2.902
4853,DUMMY TRUCK STOP #3853,"I-95, EXIT 217",Towaco,NJ,419,4.056
4854,DUMMY TRUCK STOP #3854,"I-35, EXIT 203",Teegarden,IN,147,3.876
4855,DUMMY TRUCK STOP #3855,"I-80, EXIT 344",Corpus Christi,TX,283,3.191
4856,DUMMY TRUCK STOP #3856,"I-5, EXIT 73",Indian Head,MD,568,3.944
4857,DUMMY TRUCK STOP #3857,"I-15, EXIT 131",Greeley,IA,573,3.201
4858,DUMMY TRUCK STOP #3858,"I-81, EXIT 13",Grand Junction,TN,811,3.459
4859,DUMMY TRUCK STOP #3859,"I-81, EXIT 59",Carlton,MN,193,3.493
4860,DUMMY TRUCK STOP #3860,"I-70, EXIT 83",Bountiful,UT,331,3.595
4861,DUMMY TRUCK STOP #3861,"I-35, EXIT 97",Brown City,MI,541,3.649
4862,DUMMY TRUCK STOP #3862,"I-35, EXIT 51",Keewatin,MN,762,3.278
4863,DUMMY TRUCK STOP #3863,"I-35, EXIT 35",Qulin,MO,461,3.281
4864,DUMMY TRUCK STOP #3864,"I-90, EXIT 64",Mariaville Lake,NY,634,3.872
4865,DUMMY TRUCK STOP #3865,"I-5, EXIT 188",Milton,IN,679,3.563
4866,DUMMY TRUCK STOP #3866,"I-20, EXIT 223",West Linn,OR,208,4.108
4867,DUMMY TRUCK STOP #3867,"I-40, EXIT 275",Worth,IL,480,3.830
4868,DUMMY TRUCK STOP #3868,"I-65, EXIT 282",Manchester,KS,663,3.039
4869,DUMMY TRUCK STOP #3869,"I-65, EXIT 292",White Eagle,OK,867,3.359
4870,DUMMY TRUCK STOP #3870,"I-81, EXIT 241",Jacksboro,TX,271,3.268
4871,DUMMY TRUCK STOP #3871,"I-94, EXIT 265",Monterey Park,CA,145,4.727
4872,DUMMY TRUCK STOP #3872,"I-10, EXIT 174",Sugarcreek,OH,342,3.623
4873,DUMMY TRUCK STOP #3873,"I-40, EXIT 35",Trego,WI,660,3.146
4874,DUMMY TRUCK STOP #3874,"I-75, EXIT 312",Pascoag,RI,258,3.641
4875,DUMMY TRUCK STOP #3875,"I-35, EXIT 261",Wickenburg,AZ,382,3.613
4876,DUMMY TRUCK STOP #3876,"I-65, EXIT 160",South San Francisco,CA,154,4.737
4877,DUMMY TRUCK STOP #3877,"I-25, EXIT 87",Humboldt,MN,839,3.175
4878,DUMMY TRUCK STOP #3878,"I-85, EXIT 84",Harbor Springs,MI,101,3.206
4879,DUMMY TRUCK STOP #3879,"I-64, EXIT 275",Salado,TX,230,3.365
4880,DUMMY TRUCK STOP #3880,"I-44, EXIT 70",Dansville,NY,778,4.226
4881,DUMMY TRUCK STOP #3881,"I-15, EXIT 143",Montana City,MT,385,3.659
4882,DUMMY TRUCK STOP #3882,"I-85, EXIT 143",Quincy,WA,770,4.429
4883,DUMMY TRUCK STOP #3883,"I-90, EXIT 57",Kidron,OH,167,3.723
4884,DUMMY TRUCK STOP #3884,"I-80, EXIT 185",Libertyville,AL,691,3.393
4885,DUMMY TRUCK STOP #3885,"I-5, EXIT 345",Leesylvania,VA,229,3.455
4886,DUMMY TRUCK STOP #3886,"I-5, EXIT 66",Sunnyside,GA,136,3.279
4887,DUMMY TRUCK STOP #3887,"I-55, EXIT 77",Norwalk,CA,324,4.418
4888,DUMMY TRUCK STOP #3888,"I-25, EXIT 67",Winnetoon,NE,834,2.977
4889,DUMMY TRUCK STOP #3889,"I-25, EXIT 53",Woodland,MS,349,3.043
4890,DUMMY TRUCK STOP #3890,"I-70, EXIT 100",Newtown,OH,142,3.764
4891,DUMMY TRUCK STOP #3891,"I-90, EXIT 48",Haymarket,VA,527,3.794
4892,DUMMY TRUCK STOP #3892,"I-65, EXIT 25",Fifth Ward,LA,516,3.069
4893,DUMMY TRUCK STOP #3893,"I-10, EXIT 177",Middleport,NY,832,4.147
4894,DUMMY TRUCK STOP #3894,"I-44, EXIT 226",Temescal Valley,CA,567,4.869
4895,DUMMY TRUCK STOP #3895,"I-95, EXIT 50",Whittingham,NJ,725,3.675
4896,DUMMY TRUCK STOP #3896,"I-94, EXIT 115",Letona,AR,235,3.296
4897,DUMMY TRUCK STOP #3897,"I-35, EXIT 307",Canaan,IN,191,3.781
4898,DUMMY TRUCK STOP #3898,"I-80, EXIT 350",O'Fallon,IL,802,3.529
4899,DUMMY TRUCK STOP #3899,"I-64, EXIT 194",Monroe,OR,722,4.270
4900,DUMMY TRUCK STOP #3900,"I-10, EXIT 82",Morristown,NY,696,4.140
4901,DUMMY TRUCK STOP #3901,"I-20, EXIT 15",Marion,MT,369,3.599
4902,DUMMY TRUCK STOP #3902,"I-44, EXIT 278",Larrabee,IA,382,3.129
4903,DUMMY TRUCK STOP #3903,"I-35, EXIT 78",Pleasant Grove,AR,681,3.413
4904,DUMMY TRUCK STOP #3904,"I-15, EXIT 104",Lake Isabella,CA,221,4.823
4905,DUMMY TRUCK STOP #3905,"I-10, EXIT 188",Woodlawn Park,OK,515,3.124
4906,DUMMY TRUCK STOP #3906,"I-94, EXIT 189",Rolfe,IA,527,3.365
4907,DUMMY TRUCK STOP #3907,"I-81, EXIT 21",Buckhall,VA,492,3.763
4908,DUMMY TRUCK STOP #3908,"I-44, EXIT 202",Lisle,NY,256,3.820
4909,DUMMY TRUCK STOP #3909,"I-75, EXIT 186",Wilson,OH,470,3.886
4910,DUMMY TRUCK STOP #3910,"I-10, EXIT 156",Aplin,AR,695,3.359
4911,DUMMY TRUCK STOP #3911,"I-55, EXIT 154",Lake Sherwood,WI,771,3.380
4912,DUMMY TRUCK STOP #3912,"I-10, EXIT 226",Elkton,KY,541,3.747
4913,DUMMY TRUCK STOP #3913,"I-64, EXIT 310",Steele,AL,888,3.208
4914,DUMMY TRUCK STOP #3914,"I-40, EXIT 116",Felida,WA,681,4.525
4915,DUMMY TRUCK STOP #3915,"I-75, EXIT 86",Brogden,NC,564,3.430
4916,DUMMY TRUCK STOP #3916,"I-40, EXIT 67",Panacea,FL,272,3.512
4917,DUMMY TRUCK STOP #3917,"I-20, EXIT 46",Trexlertown,PA,402,3.906
4918,DUMMY TRUCK STOP #3918,"I-25, EXIT 131",Farwell,TX,321,3.277
4919,DUMMY TRUCK STOP #3919,"I-65, EXIT 336",Edgewood,PA,668,4.109
4920,DUMMY TRUCK STOP #3920,"I-65, EXIT 137",Flatonia,TX,789,2.890
4921,DUMMY TRUCK STOP #3921,"I-90, EXIT 326",Corcoran,MN,140,3.658
4922,DUMMY TRUCK STOP #3922,"I-94, EXIT 253",Long Barn,CA,708,4.971
4923,DUMMY TRUCK STOP #3923,"I-80, EXIT 76",Long Island,KS,754,3.488
4924,DUMMY TRUCK STOP #3924,"I-44, EXIT 160",Hartwell,GA,828,3.273
4925,DUMMY TRUCK STOP #3925,"I-75, EXIT 135",Lorenz Park,NY,325,4.360
4926,DUMMY TRUCK STOP #3926,"I-40, EXIT 287",Leavenworth,IN,446,3.874
4927,DUMMY TRUCK STOP #3927,"I-64, EXIT 236",Moriches,NY,291,4.277
4928,DUMMY TRUCK STOP #3928,"I-70, EXIT 342",Los Huisaches,TX,158,2.796
4929,DUMMY TRUCK STOP #3929,"I-44, EXIT 134",Sandusky,MI,307,3.613
4930,DUMMY TRUCK STOP #3930,"I-10, EXIT 124",Pershing,OK,179,3.249
4931,DUMMY TRUCK STOP #3931,"I-90, EXIT 256",Rome,WI,515,3.751
4932,DUMMY TRUCK STOP #3932,"I-5, EXIT 192",Gardere,LA,836,3.412
4933,DUMMY TRUCK STOP #3933,"I-75, EXIT 289",Melvin,MI,791,3.662
4934,DUMMY TRUCK STOP #3934,"I-55, EXIT 256",West Hamburg,PA,438,4.407
4935,DUMMY TRUCK STOP #3935,"I-55, EXIT 326",Pine Grove,PA,443,4.102
4936,DUMMY TRUCK STOP #3936,"I-40, EXIT 185",Marion Oaks,FL,345,3.325
4937,DUMMY TRUCK STOP #3937,"I-55, EXIT 202",Bluff City,TN,495,3.086
4938,DUMMY TRUCK STOP #3938,"I-90, EXIT 196",Grass Valley,OR,165,4.290
4939,DUMMY TRUCK STOP #3939,"I-25, EXIT 41",Loyal,WI,281,3.095
4940,DUMMY TRUCK STOP #3940,"I-65, EXIT 147",Manila,CA,478,4.915
4941,DUMMY TRUCK STOP #3941,"I-5, EXIT 294",Cold Springs,NV,440,4.326
4942,DUMMY TRUCK STOP #3942,"I-64, EXIT 261",Scalp Level,PA,189,4.089
4943,DUMMY TRUCK STOP #3943,"I-75, EXIT 306",Van Buren,ME,246,3.646
4944,DUMMY TRUCK STOP #3944,"I-65, EXIT 191",Azusa,CA,689,4.644
4945,DUMMY TRUCK STOP #3945,"I-81, EXIT 94",Villa Park,CA,215,4.638
4946,DUMMY TRUCK STOP #3946,"I-44, EXIT 7",Blue Summit,MO,564,3.304
4947,DUMMY TRUCK STOP #3947,"I-44, EXIT 189",Cynthiana,IN,895,3.849
4948,DUMMY TRUCK STOP #3948,"I-95, EXIT 61",Moulton,TX,372,3.045
4949,DUMMY TRUCK STOP #3949,"I-64, EXIT 27",War,WV,783,3.638
4950,DUMMY TRUCK STOP #3950,"I-55, EXIT 334",Urania,LA,657,3.334
4951,DUMMY TRUCK STOP #3951,"I-35, EXIT 213",Swepsonville,NC,219,3.332
4952,DUMMY TRUCK STOP #3952,"I-64, EXIT 163",Newport,SC,416,3.232
4953,DUMMY TRUCK STOP #3953,"I-81, EXIT 291",Jamestown,ND,522,3.575
4954,DUMMY TRUCK STOP #3954,"I-44, EXIT 337",Kings Mountain,NC,888,3.769
4955,DUMMY TRUCK STOP #3955,"I-5, EXIT 16",Cambridge,MN,646,3.418
4956,DUMMY TRUCK STOP #3956,"I-20, EXIT 254",Ware Place,SC,643,3.322
4957,DUMMY TRUCK STOP #3957,"I-25, EXIT 62",Windy Hills,KY,181,3.627
4958,DUMMY TRUCK STOP #3958,"I-70, EXIT 282",Sunwest,AZ,557,3.486
4959,DUMMY TRUCK STOP #3959,"I-55, EXIT 163",Harbor View,OH,260,4.050
4960,DUMMY TRUCK STOP #3960,"I-40, EXIT 186",Mapleton,IA,773,3.579
4961,DUMMY TRUCK STOP #3961,"I-80, EXIT 259",New Underwood,SD,571,3.330
4962,DUMMY TRUCK STOP #3962,"I-55, EXIT 137",Lake Ozark,MO,796,3.577
4963,DUMMY TRUCK STOP #3963,"I-10, EXIT 58",Inglewood,NE,609,3.191
4964,DUMMY TRUCK STOP #3964,"I-40, EXIT 330",Bloomfield,IN,267,3.530
4965,DUMMY TRUCK STOP #3965,"I-5, EXIT 271",Loch Lynn Heights,MD,520,3.887
4966,DUMMY TRUCK STOP #3966,"I-65, EXIT 76",Dering Harbor,NY,327,3.844
4967,DUMMY TRUCK STOP #3967,"I-25, EXIT 296",Crystal Mountain,MI,540,3.866
4968,DUMMY TRUCK STOP #3968,"I-75, EXIT 350",Sledge,MS,431,3.087
4969,DUMMY TRUCK STOP #3969,"I-5, EXIT 58",Bowen,IL,385,3.701
4970,DUMMY TRUCK STOP #3970,"I-10, EXIT 331",Shamrock,OK,147,3.216
4971,DUMMY TRUCK STOP #3971,"I-70, EXIT 79",Belville,NC,549,3.676
4972,DUMMY TRUCK STOP #3972,"I-94, EXIT 33",Bethel Acres,OK,125,3.035
4973,DUMMY TRUCK STOP #3973,"I-90, EXIT 338",Honor,MI,146,3.855
4974,DUMMY TRUCK STOP #3974,"I-10, EXIT 13",Pine Mountain Club,CA,255,4.674
4975,DUMMY TRUCK STOP #3975,"I-25, EXIT 34",Southern Shops,SC,416,3.029
4976,DUMMY TRUCK STOP #3976,"I-35, EXIT 164",Souris,ND,574,3.528
4977,DUMMY TRUCK STOP #3977,"I-20, EXIT 218",Gypsum,KS,127,3.023
4978,DUMMY TRUCK STOP #3978,"I-64, EXIT 117",Mayland,TN,687,2.930
4979,DUMMY TRUCK STOP #3979,"I-40, EXIT 204",Painted Hills,IN,641,3.717
4980,DUMMY TRUCK STOP #3980,"I-15, EXIT 254",Elderton,PA,268,3.964
4981,DUMMY TRUCK STOP #3981,"I-40, EXIT 194",College Place,WA,737,4.550
4982,DUMMY TRUCK STOP #3982,"I-70, EXIT 180",Nicasio,CA,826,4.685
4983,DUMMY TRUCK STOP #3983,"I-35, EXIT 14",Hardy,IA,715,3.526
4984,DUMMY TRUCK STOP #3984,"I-35, EXIT 295",Ambrose,GA,843,3.606
4985,DUMMY TRUCK STOP #3985,"I-44, EXIT 177",Holly,MI,230,3.559
4986,DUMMY TRUCK STOP #3986,"I-70, EXIT 316",East Berwick,PA,460,3.898
4987,DUMMY TRUCK STOP #3987,"I-40, EXIT 121",Oahe Acres,SD,251,3.566
4988,DUMMY TRUCK STOP #3988,"I-35, EXIT 78",Hamilton,OH,755,3.384
4989,DUMMY TRUCK STOP #3989,"I-44, EXIT 316",Andersonville,GA,294,3.235
4990,DUMMY TRUCK STOP #3990,"I-90, EXIT 309",Pinecroft,PA,722,3.740
4991,DUMMY TRUCK STOP #3991,"I-85, EXIT 114",Shorewood-Tower Hills-Harbert,MI,900,3.768
4992,DUMMY TRUCK STOP #3992,"I-70, EXIT 116",Sammamish,WA,232,4.582
4993,DUMMY TRUCK STOP #3993,"I-90, EXIT 180",South Kensington,MD,135,3.628
4994,DUMMY TRUCK STOP #3994,"I-85, EXIT 204",Gold Hill,CO,193,3.738
4995,DUMMY TRUCK STOP #3995,"I-81, EXIT 24",Saratoga,CA,623,4.940
4996,DUMMY TRUCK STOP #3996,"I-35, EXIT 200",Evergreen,AL,721,3.175
4997,DUMMY TRUCK STOP #3997,"I-90, EXIT 82",Luxemburg,WI,304,2.994
4998,DUMMY TRUCK STOP #3998,"I-75, EXIT 20",Fredericktown,MO,201,3.206
4999,DUMMY TRUCK STOP #3999,"I-75, EXIT 52",Sabillasville,MD,462,3.693
5000,DUMMY TRUCK STOP #4000,"I-94, EXIT 114",Brookdale,SC,671,3.308
5001,DUMMY TRUCK STOP #4001,"I-35, EXIT 46",Joice,IA,604,3.238
5002,DUMMY TRUCK STOP #4002,"I-80, EXIT 135",Ralston,WY,646,3.221
5003,DUMMY TRUCK STOP #4003,"I-85, EXIT 103",Four Corners,FL,432,3.699
5004,DUMMY TRUCK STOP #4004,"I-81, EXIT 135",Rancho Cordova,CA,234,4.508
5005,DUMMY TRUCK STOP #4005,"I-40, EXIT 79",Camargo,IL,245,4.108
5006,DUMMY TRUCK STOP #4006,"I-35, EXIT 261",Roxie,MS,117,3.597
5007,DUMMY TRUCK STOP #4007,"I-64, EXIT 130",Indian Lake,MO,257,3.000
5008,DUMMY TRUCK STOP #4008,"I-70, EXIT 287",Garden City Park,NY,786,3.924
5009,DUMMY TRUCK STOP #4009,"I-35, EXIT 92",Eggertsville,NY,851,4.296
5010,DUMMY TRUCK STOP #4010,"I-70, EXIT 208",Elmer,NJ,158,3.669
5011,DUMMY TRUCK STOP #4011,"I-65, EXIT 109",Long Beach,MN,480,3.261
5012,DUMMY TRUCK STOP #4012,"I-10, EXIT 200",Cherry Hills Village,CO,348,3.783
5013,DUMMY TRUCK STOP #4013,"I-85, EXIT 126",Yorktown,VA,168,3.678
5014,DUMMY TRUCK STOP #4014,"I-20, EXIT 273",Salinas,CA,156,4.528
5015,DUMMY TRUCK STOP #4015,"I-85, EXIT 142",Havre de Grace,MD,207,3.563
5016,DUMMY TRUCK STOP #4016,"I-44, EXIT 4",Mukilteo,WA,597,4.721
5017,DUMMY TRUCK STOP #4017,"I-94, EXIT 157",Oakvale,WV,890,3.537
5018,DUMMY TRUCK STOP #4018,"I-20, EXIT 335",Lowesville,NC,675,3.337
5019,DUMMY TRUCK STOP #4019,"I-15, EXIT 113",Corinne,WV,893,3.587
5020,DUMMY TRUCK STOP #4020,"I-75, EXIT 90",Parmelee,SD,510,3.427
5021,DUMMY TRUCK STOP #4021,"I-64, EXIT 340",Spring Valley,KY,508,3.336
5022,DUMMY TRUCK STOP #4022,"I-44, EXIT 293",New Buffalo,MI,837,3.518
5023,DUMMY TRUCK STOP #4023,"I-15, EXIT 161",Onycha,AL,848,3.131
5024,DUMMY TRUCK STOP #4024,"I-55, EXIT 244",Whidbey Island Station,WA,146,4.478
5025,DUMMY TRUCK STOP #4025,"I-15, EXIT 90",Camano,WA,741,4.362
5026,DUMMY TRUCK STOP #4026,"I-15, EXIT 189",Ramsay,MI,188,3.805
5027,DUMMY TRUCK STOP #4027,"I-15, EXIT 40",Fort Thompson,SD,679,3.141
5028,DUMMY TRUCK STOP #4028,"I-65, EXIT 169",Parkway,CA,538,4.875
5029,DUMMY TRUCK STOP #4029,"I-15, EXIT 296",Laflin,PA,838,4.018
5030,DUMMY TRUCK STOP #4030,"I-75, EXIT 304",Hawthorne,NY,316,4.382
5031,DUMMY TRUCK STOP #4031,"I-85, EXIT 184",Michigantown,IN,289,3.584
5032,DUMMY TRUCK STOP #4032,"I-10, EXIT 245",Pittsford,NY,100,4.043
5033,DUMMY TRUCK STOP #4033,"I-35, EXIT 223",Old Tappan,NJ,262,3.863
5034,DUMMY TRUCK STOP #4034,"I-5, EXIT 37",Rock Spring,GA,737,3.318
5035,DUMMY TRUCK STOP #4035,"I-25, EXIT 339",Baker City,OR,191,4.341
5036,DUMMY TRUCK STOP #4036,"I-25, EXIT 158",Iron River,MI,175,3.544
5037,DUMMY TRUCK STOP #4037,"I-80, EXIT 318",Rockingham,GA,513,3.568
5038,DUMMY TRUCK STOP #4038,"I-81, EXIT 273",Lemon Grove,FL,680,3.415
5039,DUMMY TRUCK STOP #4039,"I-95, EXIT 268",Hospers,IA,585,3.239
5040,DUMMY TRUCK STOP #4040,"I-40, EXIT 38",Morrowville,KS,268,3.103
5041,DUMMY TRUCK STOP #4041,"I-44, EXIT 41",Hayfield,IA,716,3.009
5042,DUMMY TRUCK STOP #4042,"I-35, EXIT 68",Minatare,NE,548,3.520
5043,DUMMY TRUCK STOP #4043,"I-5, EXIT 236",Richwood,TX,447,2.994
5044,DUMMY TRUCK STOP #4044,"I-95, EXIT 272",Dixon Lane-MeadowCreek,CA,647,4.530
5045,DUMMY TRUCK STOP #4045,"I-80, EXIT 181",Norristown,GA,342,3.162
5046,DUMMY TRUCK STOP #4046,"I-40, EXIT 324",Anniston,MO,801,3.020
5047,DUMMY TRUCK STOP #4047,"I-64, EXIT 104",New Hampton,IA,218,2.989
5048,DUMMY TRUCK STOP #4048,"I-15, EXIT 323",Alcorn State University,MS,888,3.026
5049,DUMMY TRUCK STOP #4049,"I-5, EXIT 263",McFarland,KS,788,3.136
5050,DUMMY TRUCK STOP #4050,"I-95, EXIT 327",Uintah,UT,442,3.704
5051,DUMMY TRUCK STOP #4051,"I-10, EXIT 82",Meckling,SD,223,3.439
5052,DUMMY TRUCK STOP #4052,"I-95, EXIT 36",Lone Pine,CA,460,4.834
5053,DUMMY TRUCK STOP #4053,"I-85, EXIT 194",Takoma Park,MD,378,3.770
5054,DUMMY TRUCK STOP #4054,"I-64, EXIT 289",Staunton,IN,755,3.490
5055,DUMMY TRUCK STOP #4055,"I-85, EXIT 4",Paris Crossing,IN,828,3.359
5056,DUMMY TRUCK STOP #4056,"I-10, EXIT 1",Highland Park,PA,243,4.161
5057,DUMMY TRUCK STOP #4057,"I-75, EXIT 157",Eskdale,WV,416,3.397
5058,DUMMY TRUCK STOP #4058,"I-94, EXIT 341",Ralston,NE,880,3.460
5059,DUMMY TRUCK STOP #4059,"I-95, EXIT 230",Hassell,NC,707,3.283
5060,DUMMY TRUCK STOP #4060,"I-81, EXIT 159",Oakes,ND,191,3.572
5061,DUMMY TRUCK STOP #4061,"I-70, EXIT 219",Fox Lake,IL,807,3.694
5062,DUMMY TRUCK STOP #4062,"I-10, EXIT 132",Piedmont,MO,438,3.258
5063,DUMMY TRUCK STOP #4063,"I-70, EXIT 162",Hartman,CO,815,3.730
5064,DUMMY TRUCK STOP #4064,"I-44, EXIT 241",Hutchinson Island South,FL,303,3.538
5065,DUMMY TRUCK STOP #4065,"I-55, EXIT 290",Raymond,KS,536,3.537
5066,DUMMY TRUCK STOP #4066,"I-35, EXIT 238",Graham,AL,551,3.369
5067,DUMMY TRUCK STOP #4067,"I-95, EXIT 333",Bowlus,MN,466,3.828
5068,DUMMY TRUCK STOP #4068,"I-25, EXIT 292",Grand Cane,LA,812,3.428
5069,DUMMY TRUCK STOP #4069,"I-10, EXIT 190",Woodworth,ND,707,3.384
5070,DUMMY TRUCK STOP #4070,"I-81, EXIT 5",Hillman,MI,283,3.808
5071,DUMMY TRUCK STOP #4071,"I-90, EXIT 83",Westpoint,TN,573,3.241
5072,DUMMY TRUCK STOP #4072,"I-80, EXIT 346",Collinston,LA,311,3.314
5073,DUMMY TRUCK STOP #4073,"I-15, EXIT 161",Clever,MO,728,3.082
5074,DUMMY TRUCK STOP #4074,"I-64, EXIT 269",Lockport Heights,LA,735,3.309
5075,DUMMY TRUCK STOP #4075,"I-65, EXIT 314",Big Rock,VA,502,3.753
5076,DUMMY TRUCK STOP #4076,"I-70, EXIT 145",Covington,TX,523,2.871
5077,DUMMY TRUCK STOP #4077,"I-65, EXIT 135",Grandfalls,TX,399,3.075
5078,DUMMY TRUCK STOP #4078,"I-44, EXIT 158",Salem Heights,OH,826,3.586
5079,DUMMY TRUCK STOP #4079,"I-64, EXIT 314",Hobucken,NC,224,3.447
5080,DUMMY TRUCK STOP #4080,"I-75, EXIT 292",Istachatta,FL,717,3.570
5081,DUMMY TRUCK STOP #4081,"I-44, EXIT 133",Melvern,KS,382,2.995
5082,DUMMY TRUCK STOP #4082,"I-95, EXIT 231",Mallow,VA,391,3.390
5083,DUMMY TRUCK STOP #4083,"I-80, EXIT 136",Sea Breeze,NC,117,3.505
5084,DUMMY TRUCK STOP #4084,"I-90, EXIT 347",Shaniko,OR,773,4.567
5085,DUMMY TRUCK STOP #4085,"I-44, EXIT 25",Irvington,IL,707,3.766
5086,DUMMY TRUCK STOP #4086,"I-65, EXIT 257",Sedan,MT,530,3.495
5087,DUMMY TRUCK STOP #4087,"I-40, EXIT 295",Onalaska,WI,785,3.650
5088,DUMMY TRUCK STOP #4088,"I-94, EXIT 329",Juliaetta,ID,889,3.908
5089,DUMMY TRUCK STOP #4089,"I-55, EXIT 52",Buena Vista,VA,355,3.726
5090,DUMMY TRUCK STOP #4090,"I-35, EXIT 54",McDowell,KY,108,3.290
5091,DUMMY TRUCK STOP #4091,"I-81, EXIT 67",Coolidge,KS,162,3.554
5092,DUMMY TRUCK STOP #4092,"I-35, EXIT 59",New Florence,PA,590,4.046
5093,DUMMY TRUCK STOP #4093,"I-64, EXIT 266",San Marine,OR,456,4.215
5094,DUMMY TRUCK STOP #4094,"I-40, EXIT 147",Gnadenhutten,OH,745,3.495
5095,DUMMY TRUCK STOP #4095,"I-65, EXIT 242",Keystone,NE,699,3.304
5096,DUMMY TRUCK STOP #4096,"I-25, EXIT 65",Schoharie,NY,138,3.970
5097,DUMMY TRUCK STOP #4097,"I-55, EXIT 291",Lesterville,SD,543,3.402
5098,DUMMY TRUCK STOP #4098,"I-64, EXIT 196",Mentone,IN,165,3.803
5099,DUMMY TRUCK STOP #4099,"I-95, EXIT 28",Westwood,KY,128,3.597
5100,DUMMY TRUCK STOP #4100,"I-25, EXIT 183",Douglas,MI,209,3.899
5101,DUMMY TRUCK STOP #4101,"I-81, EXIT 171",Rodman,IA,502,3.408
5102,DUMMY TRUCK STOP #4102,"I-70, EXIT 271",Danbury,TX,823,3.217
5103,DUMMY TRUCK STOP #4103,"I-95, EXIT 173",Roswell,SD,743,3.303
5104,DUMMY TRUCK STOP #4104,"I-85, EXIT 2",Ypsilanti,MI,668,3.634
5105,DUMMY TRUCK STOP #4105,"I-15, EXIT 294",Groton,MA,724,4.045
5106,DUMMY TRUCK STOP #4106,"I-40, EXIT 36",Sugar City,CO,367,3.374
5107,DUMMY TRUCK STOP #4107,"I-40, EXIT 133",Lodi,NY,812,4.087
5108,DUMMY TRUCK STOP #4108,"I-65, EXIT 204",Holiday Hills,IL,497,3.580
5109,DUMMY TRUCK STOP #4109,"I-94, EXIT 282",Fruitland,NC,479,3.463
5110,DUMMY TRUCK STOP #4110,"I-10, EXIT 105",Andover,NY,403,4.219
5111,DUMMY TRUCK STOP #4111,"I-80, EXIT 81",Richfield,ID,786,3.790
5112,DUMMY TRUCK STOP #4112,"I-25, EXIT 18",Alta,WY,354,3.376
5113,DUMMY TRUCK STOP #4113,"I-35, EXIT 136",Little Mountain,SC,516,3.368
5114,DUMMY TRUCK STOP #4114,"I-40, EXIT 336",Blacksville,WV,210,3.787
5115,DUMMY TRUCK STOP #4115,"I-81, EXIT 297",Pinetop-Lakeside,AZ,525,3.980
5116,DUMMY TRUCK STOP #4116,"I-90, EXIT 346",Linglestown,PA,773,4.065
5117,DUMMY TRUCK STOP #4117,"I-5, EXIT 17",Shawneetown,MO,665,2.934
5118,DUMMY TRUCK STOP #4118,"I-65, EXIT 73",Conway,PA,682,4.253
5119,DUMMY TRUCK STOP #4119,"I-95, EXIT 26",Neponset,IL,256,3.913
5120,DUMMY TRUCK STOP #4120,"I-15, EXIT 332",Cainsville,MO,778,3.064
5121,DUMMY TRUCK STOP #4121,"I-64, EXIT 33",McDonald,TN,576,3.490
5122,DUMMY TRUCK STOP #4122,"I-55, EXIT 97",Columbus,KS,138,3.217
5123,DUMMY TRUCK STOP #4123,"I-10, EXIT 80",Lake Worth,TX,333,3.039
5124,DUMMY TRUCK STOP #4124,"I-94, EXIT 188",New Hope,OR,148,4.527
5125,DUMMY TRUCK STOP #4125,"I-55, EXIT 217",Green Acres,CA,500,4.921
5126,DUMMY TRUCK STOP #4126,"I-65, EXIT 93",Raven,VA,559,3.833
5127,DUMMY TRUCK STOP #4127,"I-35, EXIT 102",Henry,TN,305,3.303
5128,DUMMY TRUCK STOP #4128,"I-25, EXIT 267",Greenbrier,TN,256,3.009
5129,DUMMY TRUCK STOP #4129,"I-25, EXIT 9",Marble,MN,237,3.406
5130,DUMMY TRUCK STOP #4130,"I-65, EXIT 206",Lookeba,OK,687,3.058
5131,DUMMY TRUCK STOP #4131,"I-5, EXIT 118",Reid Hope King,TX,122,3.275
5132,DUMMY TRUCK STOP #4132,"I-44, EXIT 102",Longwood,FL,359,3.493
5133,DUMMY TRUCK STOP #4133,"I-20, EXIT 344",Graysville,OH,538,3.537
5134,DUMMY TRUCK STOP #4134,"I-81, EXIT 187",Osage City,KS,110,3.356
5135,DUMMY TRUCK STOP #4135,"I-85, EXIT 313",Marshfield,IN,724,3.575
5136,DUMMY TRUCK STOP #4136,"I-70, EXIT 162",Tipton,IN,355,3.823
5137,DUMMY TRUCK STOP #4137,"I-55, EXIT 329",Xenia,OH,479,3.749
5138,DUMMY TRUCK STOP #4138,"I-40, EXIT 29",Alpharetta,GA,180,3.313
5139,DUMMY TRUCK STOP #4139,"I-44, EXIT 298",Fernville,PA,669,4.154
5140,DUMMY TRUCK STOP #4140,"I-55, EXIT 250",White Lake,WI,274,3.410
5141,DUMMY TRUCK STOP #4141,"I-25, EXIT 24",Wonderland Homes,SD,230,3.412
5142,DUMMY TRUCK STOP #4142,"I-94, EXIT 152",Escanaba,MI,569,3.825
5143,DUMMY TRUCK STOP #4143,"I-95, EXIT 9",La Honda,CA,193,5.188
5144,DUMMY TRUCK STOP #4144,"I-81, EXIT 84",Irwin,MO,267,3.400
5145,DUMMY TRUCK STOP #4145,"I-10, EXIT 192",Mesic,NC,159,3.400
5146,DUMMY TRUCK STOP #4146,"I-81, EXIT 212",Sidney,MT,365,3.518
5147,DUMMY TRUCK STOP #4147,"I-20, EXIT 244",West End,NY,757,4.029
5148,DUMMY TRUCK STOP #4148,"I-85, EXIT 165",Emily,MN,366,3.308
5149,DUMMY TRUCK STOP #4149,"I-35, EXIT 136",Holloman AFB,NM,151,3.235
5150,DUMMY TRUCK STOP #4150,"I-75, EXIT 185",Pinardville,NH,755,3.729
5151,DUMMY TRUCK STOP #4151,"I-81, EXIT 79",Marlene Village,OR,793,3.984
5152,DUMMY TRUCK STOP #4152,"I-85, EXIT 323",Two Harbors,MN,251,3.442
5153,DUMMY TRUCK STOP #4153,"I-15, EXIT 93",Tularosa,NM,259,3.255
5154,DUMMY TRUCK STOP #4154,"I-65, EXIT 307",Delaplaine,AR,141,3.559
5155,DUMMY TRUCK STOP #4155,"I-65, EXIT 198",Hedgesville,WV,503,3.678
5156,DUMMY TRUCK STOP #4156,"I-94, EXIT 145",Vanderbilt,TX,829,2.924
5157,DUMMY TRUCK STOP #4157,"I-25, EXIT 127",Bethany,PA,597,4.044
5158,DUMMY TRUCK STOP #4158,"I-44, EXIT 322",Cape Royale,TX,292,3.364
5159,DUMMY TRUCK STOP #4159,"I-15, EXIT 96",Madrid,NM,202,3.156
5160,DUMMY TRUCK STOP #4160,"I-25, EXIT 44",Friendly,WV,188,3.693
5161,DUMMY TRUCK STOP #4161,"I-81, EXIT 263",Lewisburg,OH,142,3.790
5162,DUMMY TRUCK STOP #4162,"I-44, EXIT 178",Paxton,CA,804,4.738
5163,DUMMY TRUCK STOP #4163,"I-10, EXIT 343",McClave,CO,175,3.241
5164,DUMMY TRUCK STOP #4164,"I-81, EXIT 26",Sudan,TX,596,3.044
5165,DUMMY TRUCK STOP #4165,"I-44, EXIT 307",Redkey,IN,254,3.737
5166,DUMMY TRUCK STOP #4166,"I-70, EXIT 54",Wickliffe,OH,701,3.747
5167,DUMMY TRUCK STOP #4167,"I-70, EXIT 92",Covington,OK,712,3.396
5168,DUMMY TRUCK STOP #4168,"I-65, EXIT 57",Kitzmiller,MD,605,3.556
5169,DUMMY TRUCK STOP #4169,"I-85, EXIT 199",Monticello,GA,866,3.440
5170,DUMMY TRUCK STOP #4170,"I-55, EXIT 128",Pandora,OH,325,3.767
5171,DUMMY TRUCK STOP #4171,"I-5, EXIT 185",Grace City,ND,396,3.393
5172,DUMMY TRUCK STOP #4172,"I-25, EXIT 74",Moorefield,AR,215,3.210
5173,DUMMY TRUCK STOP #4173,"I-65, EXIT 134",Lewiston,NY,705,4.026
5174,DUMMY TRUCK STOP #4174,"I-75, EXIT 99",New Weston,OH,299,3.823
5175,DUMMY TRUCK STOP #4175,"I-94, EXIT 101",Pond Creek,OK,307,3.149
5176,DUMMY TRUCK STOP #4176,"I-64, EXIT 151",Ottawa Hills,OH,409,3.690
5177,DUMMY TRUCK STOP #4177,"I-5, EXIT 157",Doran,MN,614,3.135
5178,DUMMY TRUCK STOP #4178,"I-90, EXIT 256",Twin Rocks,PA,620,4.187
5179,DUMMY TRUCK STOP #4179,"I-5, EXIT 139",Franklin,LA,575,2.920
5180,DUMMY TRUCK STOP #4180,"I-5, EXIT 86",Thurmond,WV,110,3.362
5181,DUMMY TRUCK STOP #4181,"I-75, EXIT 260",Raleigh,MS,800,3.358
5182,DUMMY TRUCK STOP #4182,"I-70, EXIT 37",Fraser,CO,726,3.359
5183,DUMMY TRUCK STOP #4183,"I-81, EXIT 255",Memphis,AL,363,3.316
5184,DUMMY TRUCK STOP #4184,"I-35, EXIT 204",Robert Lee,TX,537,2.995
5185,DUMMY TRUCK STOP #4185,"I-65, EXIT 213",Blakesburg,IA,338,3.268
5186,DUMMY TRUCK STOP #4186,"I-55, EXIT 95",Trivoli,IL,563,3.708
5187,DUMMY TRUCK STOP #4187,"I-35, EXIT 82",Clementon,NJ,467,4.030
5188,DUMMY TRUCK STOP #4188,"I-95, EXIT 79",Shillington,PA,117,3.953
5189,DUMMY TRUCK STOP #4189,"I-70, EXIT 278",Middlesex,NJ,185,3.523
5190,DUMMY TRUCK STOP #4190,"I-25, EXIT 310",Great Neck,NY,237,4.334
5191,DUMMY TRUCK STOP #4191,"I-35, EXIT 78",Vernon,NY,706,4.320
5192,DUMMY TRUCK STOP #4192,"I-64, EXIT 60",Depoe Bay,OR,173,4.230
5193,DUMMY TRUCK STOP #4193,"I-80, EXIT 112",Salem,NY,143,3.991
5194,DUMMY TRUCK STOP #4194,"I-25, EXIT 303",Taylor Springs,IL,425,4.123
5195,DUMMY TRUCK STOP #4195,"I-95, EXIT 206",Golden City,MO,338,3.093
5196,DUMMY TRUCK STOP #4196,"I-80, EXIT 126",Cedar Springs,MI,574,3.944
5197,DUMMY TRUCK STOP #4197,"I-80, EXIT 89",Turner,MI,737,3.538
5198,DUMMY TRUCK STOP #4198,"I-64, EXIT 341",Sumner,MO,882,2.913
5199,DUMMY TRUCK STOP #4199,"I-75, EXIT 39",Springfield,SC,443,3.351
5200,DUMMY TRUCK STOP #4200,"I-55, EXIT 320",Sequoyah,OK,626,3.135
5201,DUMMY TRUCK STOP #4201,"I-65, EXIT 50",Clarkton,NC,299,3.714
5202,DUMMY TRUCK STOP #4202,"I-40, EXIT 55",Johnson City,OR,328,4.245
5203,DUMMY TRUCK STOP #4203,"I-10, EXIT 23",Craigsville,WV,379,3.429
5204,DUMMY TRUCK STOP #4204,"I-95, EXIT 274",Upper Grand Lagoon,FL,329,3.249
5205,DUMMY TRUCK STOP #4205,"I-15, EXIT 91",Old Orchard Beach,ME,255,3.570
5206,DUMMY TRUCK STOP #4206,"I-20, EXIT 89",Leupp,AZ,900,3.749
5207,DUMMY TRUCK STOP #4207,"I-90, EXIT 340",Arlington,NE,215,3.616
5208,DUMMY TRUCK STOP #4208,"I-70, EXIT 276",Dolores,CO,257,3.688
5209,DUMMY TRUCK STOP #4209,"I-94, EXIT 256",Hallowell,KS,511,3.404
5210,DUMMY TRUCK STOP #4210,"I-64, EXIT 5",Sartell,MN,206,3.335
5211,DUMMY TRUCK STOP #4211,"I-65, EXIT 135",Pioneer,CA,669,4.757
5212,DUMMY TRUCK STOP #4212,"I-94, EXIT 30",Brooklyn,CT,498,4.014
5213,DUMMY TRUCK STOP #4213,"I-25, EXIT 345",La Loma de Falcon,TX,100,3.094
5214,DUMMY TRUCK STOP #4214,"I-10, EXIT 199",Maxatawny,PA,281,4.193
5215,DUMMY TRUCK STOP #4215,"I-85, EXIT 227",Newberry,FL,753,3.308
5216,DUMMY TRUCK STOP #4216,"I-90, EXIT 246",Brown Station,MD,350,3.509
5217,DUMMY TRUCK STOP #4217,"I-75, EXIT 327",Burlington,KY,511,3.557
5218,DUMMY TRUCK STOP #4218,"I-64, EXIT 205",Falmouth,ME,866,3.410
5219,DUMMY TRUCK STOP #4219,"I-80, EXIT 67",Tenino,WA,322,4.339
5220,DUMMY TRUCK STOP #4220,"I-64, EXIT 338",Oral,SD,284,3.676
5221,DUMMY TRUCK STOP #4221,"I-80, EXIT 75",Mason City,IL,283,3.876
5222,DUMMY TRUCK STOP #4222,"I-15, EXIT 99",Mullin,TX,287,3.214
5223,DUMMY TRUCK STOP #4223,"I-10, EXIT 146",Aten,NE,267,3.624
5224,DUMMY TRUCK STOP #4224,"I-55, EXIT 273",Broomes Island,MD,322,3.630
5225,DUMMY TRUCK STOP #4225,"I-85, EXIT 262",Musselshell,MT,681,3.625
5226,DUMMY TRUCK STOP #4226,"I-20, EXIT 47",Victorville,CA,582,4.666
5227,DUMMY TRUCK STOP #4227,"I-80, EXIT 302",Bull Creek,MO,724,3.327
5228,DUMMY TRUCK STOP #4228,"I-55, EXIT 295",Hummels Wharf,PA,807,3.901
5229,DUMMY TRUCK STOP #4229,"I-90, EXIT 102",Unity,OR,213,3.942
5230,DUMMY TRUCK STOP #4230,"I-94, EXIT 11",Lupus,MO,158,3.156
5231,DUMMY TRUCK STOP #4231,"I-80, EXIT 11",Lowes,KY,855,3.487
5232,DUMMY TRUCK STOP #4232,"I-35, EXIT 2",Fort Dick,CA,163,4.938
5233,DUMMY TRUCK STOP #4233,"I-35, EXIT 277",Matfield Green,KS,444,3.672
5234,DUMMY TRUCK STOP #4234,"I-40, EXIT 279",Mount Pleasant,AR,505,3.264
5235,DUMMY TRUCK STOP #4235,"I-65, EXIT 324",Bremond,TX,147,3.181
5236,DUMMY TRUCK STOP #4236,"I-65, EXIT 92",Driftwood,PA,376,4.125
5237,DUMMY TRUCK STOP #4237,"I-44, EXIT 282",Weston,CO,826,3.558
5238,DUMMY TRUCK STOP #4238,"I-5, EXIT 182",Ganado,AZ,666,4.071
5239,DUMMY TRUCK STOP #4239,"I-35, EXIT 338",Lipscomb,TX,897,2.997
5240,DUMMY TRUCK STOP #4240,"I-95, EXIT 314",Plainville,OH,163,3.320
5241,DUMMY TRUCK STOP #4241,"I-80, EXIT 84",Eastville,VA,568,3.719
5242,DUMMY TRUCK STOP #4242,"I-80, EXIT 125",Pickett,OK,332,3.216
5243,DUMMY TRUCK STOP #4243,"I-40, EXIT 257",Parker's Crossroads,TN,724,3.401
5244,DUMMY TRUCK STOP #4244,"I-75, EXIT 345",Lawrenceville,GA,308,3.556
5245,DUMMY TRUCK STOP #4245,"I-15, EXIT 259",Pocono Ranch Lands,PA,444,4.096
5246,DUMMY TRUCK STOP #4246,"I-20, EXIT 324",Morristown,IN,655,3.952
5247,DUMMY TRUCK STOP #4247,"I-75, EXIT 91",Jobstown,NJ,507,4.106
5248,DUMMY TRUCK STOP #4248,"I-81, EXIT 54",Ammon,ID,353,3.544
5249,DUMMY TRUCK STOP #4249,"I-20, EXIT 1",Corfu,NY,176,4.010
5250,DUMMY TRUCK STOP #4250,"I-40, EXIT 80",Ellerslie,GA,779,3.412
5251,DUMMY TRUCK STOP #4251,"I-44, EXIT 312",Erath,LA,256,3.145
5252,DUMMY TRUCK STOP #4252,"I-20, EXIT 345",Hewlett,NY,653,4.146
5253,DUMMY TRUCK STOP #4253,"I-44, EXIT 179",Hurley,MS,291,3.370
5254,DUMMY TRUCK STOP #4254,"I-81, EXIT 308",Smithton,MO,845,2.963
5255,DUMMY TRUCK STOP #4255,"I-65, EXIT 11",Cree Lake,IN,515,3.886
5256,DUMMY TRUCK STOP #4256,"I-85, EXIT 253",McKenzie,TN,494,3.127
5257,DUMMY TRUCK STOP #4257,"I-70, EXIT 298",Schuyler,VA,271,3.594
5258,DUMMY TRUCK STOP #4258,"I-5, EXIT 326",Dunkirk,OH,651,3.730
5259,DUMMY TRUCK STOP #4259,"I-55, EXIT 127",Belleville,IL,888,3.449
5260,DUMMY TRUCK STOP #4260,"I-15, EXIT 319",Brussels,IL,230,3.750
5261,DUMMY TRUCK STOP #4261,"I-80, EXIT 60",Marne,OH,571,3.509
5262,DUMMY TRUCK STOP #4262,"I-90, EXIT 57",West Salem,OH,460,3.740
5263,DUMMY TRUCK STOP #4263,"I-94, EXIT 330",Stonewall,MS,352,3.384
5264,DUMMY TRUCK STOP #4264,"I-94, EXIT 154",Bluffton,MN,458,3.465
5265,DUMMY TRUCK STOP #4265,"I-5, EXIT 78",Spring Valley,AZ,818,3.790
5266,DUMMY TRUCK STOP #4266,"I-75, EXIT 193",Oley,PA,477,3.955
5267,DUMMY TRUCK STOP #4267,"I-94, EXIT 197",Killdeer,ND,882,3.389
5268,DUMMY TRUCK STOP #4268,"I-35, EXIT 314",Gorham,IL,462,3.485
5269,DUMMY TRUCK STOP #4269,"I-65, EXIT 230",Kansas City,MO,309,3.129
5270,DUMMY TRUCK STOP #4270,"I-64, EXIT 316",Frisco,NC,619,3.414
5271,DUMMY TRUCK STOP #4271,"I-35, EXIT 176",Pace,MS,433,2.884
5272,DUMMY TRUCK STOP #4272,"I-44, EXIT 309",St. Clair Shores,MI,379,3.491
5273,DUMMY TRUCK STOP #4273,"I-5, EXIT 228",Dozier,AL,855,3.180
5274,DUMMY TRUCK STOP #4274,"I-64, EXIT 70",Calumet,PA,693,3.827
5275,DUMMY TRUCK STOP #4275,"I-55, EXIT 322",Raleigh,IL,586,3.825
5276,DUMMY TRUCK STOP #4276,"I-25, EXIT 317",Macon,IL,521,3.771
5277,DUMMY TRUCK STOP #4277,"I-64, EXIT 33",Plainview,IA,882,2.874
5278,DUMMY TRUCK STOP #4278,"I-81, EXIT 294",Troxelville,PA,733,4.300
5279,DUMMY TRUCK STOP #4279,"I-5, EXIT 284",Brodheadsville,PA,900,4.020
5280,DUMMY TRUCK STOP #4280,"I-81, EXIT 158",Beverly Hills,TX,802,3.173
5281,DUMMY TRUCK STOP #4281,"I-70, EXIT 317",Humboldt,TN,684,3.241
5282,DUMMY TRUCK STOP #4282,"I-64, EXIT 208",Del Mar,CA,382,4.625
5283,DUMMY TRUCK STOP #4283,"I-90, EXIT 155",Midwest,WY,215,3.641
5284,DUMMY TRUCK STOP #4284,"I-80, EXIT 237",Bennett,CO,348,3.648
5285,DUMMY TRUCK STOP #4285,"I-65, EXIT 106",Oak Grove,TN,508,3.252
5286,DUMMY TRUCK STOP #4286,"I-95, EXIT 275",McIntosh,NM,646,3.643
5287,DUMMY TRUCK STOP #4287,"I-95, EXIT 274",Burton,IL,128,3.938
5288,DUMMY TRUCK STOP #4288,"I-55, EXIT 149",Longmeadow,MA,423,3.710
5289,DUMMY TRUCK STOP #4289,"I-90, EXIT 202",Wheelwright,KY,110,3.695
5290,DUMMY TRUCK STOP #4290,"I-65, EXIT 88",Golden,IL,221,3.815
5291,DUMMY TRUCK STOP #4291,"I-35, EXIT 205",Pendleton,MO,242,3.471
5292,DUMMY TRUCK STOP #4292,"I-81, EXIT 21",Superior,CO,506,3.096
5293,DUMMY TRUCK STOP #4293,"I-10, EXIT 10",Crescent,IA,657,3.165
5294,DUMMY TRUCK STOP #4294,"I-35, EXIT 139",IXL,OK,647,3.284
5295,DUMMY TRUCK STOP #4295,"I-20, EXIT 114",Harrisburg,NE,100,3.435
5296,DUMMY TRUCK STOP #4296,"I-94, EXIT 277",West Long Branch,NJ,686,3.703
5297,DUMMY TRUCK STOP #4297,"I-10, EXIT 169",Lowellville,OH,594,3.355
5298,DUMMY TRUCK STOP #4298,"I-64, EXIT 342",Creekside,KY,653,3.324
5299,DUMMY TRUCK STOP #4299,"I-85, EXIT 135",Lowgap,NC,861,3.213
5300,DUMMY TRUCK STOP #4300,"I-20, EXIT 284",Roseville,MI,455,3.621
5301,DUMMY TRUCK STOP #4301,"I-5, EXIT 77",Elgin,ND,557,3.189
5302,DUMMY TRUCK STOP #4302,"I-70, EXIT 7",Whittemore,MI,148,3.882
5303,DUMMY TRUCK STOP #4303,"I-70, EXIT 200",Broadway,NC,878,3.505
5304,DUMMY TRUCK STOP #4304,"I-75, EXIT 53",Towaoc,CO,706,3.550
5305,DUMMY TRUCK STOP #4305,"I-70, EXIT 331",Bowie,MD,308,3.839
5306,DUMMY TRUCK STOP #4306,"I-5, EXIT 184",Fairplay,MD,496,3.399
5307,DUMMY TRUCK STOP #4307,"I-95, EXIT 99",Mobile City,TX,548,3.089
5308,DUMMY TRUCK STOP #4308,"I-94, EXIT 341",Portal,ND,401,3.722
5309,DUMMY TRUCK STOP #4309,"I-90, EXIT 246",Ty Ty,GA,838,3.137
5310,DUMMY TRUCK STOP #4310,"I-5, EXIT 335",Chula Vista,TX,221,3.247
5311,DUMMY TRUCK STOP #4311,"I-10, EXIT 16",Manitou,OK,215,3.045
5312,DUMMY TRUCK STOP #4312,"I-40, EXIT 219",Chalkhill,PA,481,4.029
5313,DUMMY TRUCK STOP #4313,"I-44, EXIT 139",Portland,TN,402,3.370
5314,DUMMY TRUCK STOP #4314,"I-64, EXIT 130",Wanship,UT,234,3.541
5315,DUMMY TRUCK STOP #4315,"I-75, EXIT 248",Larson,ND,380,3.159
5316,DUMMY TRUCK STOP #4316,"I-65, EXIT 217",Dudley,NC,672,3.197
5317,DUMMY TRUCK STOP #4317,"I-70, EXIT 85",Parlier,CA,408,4.899
5318,DUMMY TRUCK STOP #4318,"I-10, EXIT 194",Lawrence Creek,OK,245,3.045
5319,DUMMY TRUCK STOP #4319,"I-65, EXIT 177",Gun Club Estates,FL,725,3.522
5320,DUMMY TRUCK STOP #4320,"I-80, EXIT 245",Corbin,KY,240,3.359
5321,DUMMY TRUCK STOP #4321,"I-35, EXIT 95",Jewett City,CT,285,4.024
5322,DUMMY TRUCK STOP #4322,"I-20, EXIT 312",Johnson,IN,108,3.924
5323,DUMMY TRUCK STOP #4323,"I-64, EXIT 226",Green Spring,WV,130,3.538
5324,DUMMY TRUCK STOP #4324,"I-55, EXIT 256",Deep River Center,CT,414,4.209
5325,DUMMY TRUCK STOP #4325,"I-94, EXIT 148",Ashland,IL,801,3.623
5326,DUMMY TRUCK STOP #4326,"I-65, EXIT 191",Clifton Forge,VA,711,3.572
5327,DUMMY TRUCK STOP #4327,"I-35, EXIT 50",Pacific City,OR,337,4.233
5328,DUMMY TRUCK STOP #4328,"I-94, EXIT 116",Munson,FL,420,3.690
5329,DUMMY TRUCK STOP #4329,"I-25, EXIT 148",Closter,NJ,441,4.189
5330,DUMMY TRUCK STOP #4330,"I-70, EXIT 112",Romulus,MI,204,3.713
5331,DUMMY TRUCK STOP #4331,"I-10, EXIT 2",Twin Lakes,MN,858,3.670
5332,DUMMY TRUCK STOP #4332,"I-44, EXIT 202",Beulah,WY,230,3.742
5333,DUMMY TRUCK STOP #4333,"I-15, EXIT 242",Lake Mary,FL,342,3.263
5334,DUMMY TRUCK STOP #4334,"I-25, EXIT 325",Northport,WA,574,4.085
5335,DUMMY TRUCK STOP #4335,"I-55, EXIT 275",Maybee,MI,757,3.511
5336,DUMMY TRUCK STOP #4336,"I-94, EXIT 127",Clara,MS,732,3.206
5337,DUMMY TRUCK STOP #4337,"I-65, EXIT 284",Oakhurst,TX,432,3.060
5338,DUMMY TRUCK STOP #4338,"I-35, EXIT 93",Prescott,WI,698,3.580
5339,DUMMY TRUCK STOP #4339,"I-70, EXIT 72",Howland Center,OH,829,3.646
5340,DUMMY TRUCK STOP #4340,"I-65, EXIT 52",Mesquite,NM,515,3.354
5341,DUMMY TRUCK STOP #4341,"I-85, EXIT 189",La Coma,TX,729,3.309
5342,DUMMY TRUCK STOP #4342,"I-15, EXIT 230",North College Hill,OH,168,3.841
5343,DUMMY TRUCK STOP #4343,"I-90, EXIT 327",Warthen,GA,148,3.727
5344,DUMMY TRUCK STOP #4344,"I-70, EXIT 158",Ellicottville,NY,713,4.285
5345,DUMMY TRUCK STOP #4345,"I-64, EXIT 138",Nashville,GA,582,3.514
5346,DUMMY TRUCK STOP #4346,"I-44, EXIT 188",Tracyton,WA,753,4.558
5347,DUMMY TRUCK STOP #4347,"I-64, EXIT 225",Belle Plaine,KS,641,3.318
5348,DUMMY TRUCK STOP #4348,"I-64, EXIT 58",Melbourne Beach,FL,572,3.802
5349,DUMMY TRUCK STOP #4349,"I-95, EXIT 236",Butler,IL,304,3.974
5350,DUMMY TRUCK STOP #4350,"I-55, EXIT 149",Emlyn,KY,717,3.611
5351,DUMMY TRUCK STOP #4351,"I-85, EXIT 262",Lanagan,MO,647,3.247
5352,DUMMY TRUCK STOP #4352,"I-5, EXIT 114",Upham,ND,299,3.655
5353,DUMMY TRUCK STOP #4353,"I-15, EXIT 36",Hometown,WV,804,3.689
5354,DUMMY TRUCK STOP #4354,"I-40, EXIT 123",Princess Anne,MD,759,3.689
5355,DUMMY TRUCK STOP #4355,"I-35, EXIT 219",Lipscomb,AL,138,3.058
5356,DUMMY TRUCK STOP #4356,"I-90, EXIT 243",Chippewa Falls,WI,618,3.418
5357,DUMMY TRUCK STOP #4357,"I-94, EXIT 35",Walla Walla,WA,461,4.341
5358,DUMMY TRUCK STOP #4358,"I-35, EXIT 246",Flora,IL,656,3.776
5359,DUMMY TRUCK STOP #4359,"I-94, EXIT 223",Point,TX,288,3.125
5360,DUMMY TRUCK STOP #4360,"I-65, EXIT 33",Menominee,MI,420,3.704
5361,DUMMY TRUCK STOP #4361,"I-64, EXIT 210",Jefferson Valley-Yorktown,NY,434,4.231
5362,DUMMY TRUCK STOP #4362,"I-40, EXIT 168",Rockville,UT,846,3.778
5363,DUMMY TRUCK STOP #4363,"I-90, EXIT 26",Springdale,OH,203,3.749
5364,DUMMY TRUCK STOP #4364,"I-90, EXIT 290",Pawnee City,NE,209,3.676
5365,DUMMY TRUCK STOP #4365,"I-40, EXIT 150",Rock Springs,WI,385,3.280
5366,DUMMY TRUCK STOP #4366,"I-75, EXIT 255",Zeb,OK,189,3.365
5367,DUMMY TRUCK STOP #4367,"I-75, EXIT 84",Brush Fork,WV,706,3.582
5368,DUMMY TRUCK STOP #4368,"I-75, EXIT 302",Port Gamble Tribal Community,WA,166,4.256
5369,DUMMY TRUCK STOP #4369,"I-75, EXIT 70",DeSales University,PA,701,4.178
5370,DUMMY TRUCK STOP #4370,"I-95, EXIT 132",Farmington,MO,485,3.189
5371,DUMMY TRUCK STOP #4371,"I-65, EXIT 27",Gibbon,NE,724,3.219
5372,DUMMY TRUCK STOP #4372,"I-95, EXIT 295",North Decatur,GA,699,3.212
5373,DUMMY TRUCK STOP #4373,"I-20, EXIT 25",North Tustin,CA,645,4.819
5374,DUMMY TRUCK STOP #4374,"I-94, EXIT 175",Mayfield,NY,591,3.883
5375,DUMMY TRUCK STOP #4375,"I-44, EXIT 175",Vaiva Vo,AZ,267,3.855
5376,DUMMY TRUCK STOP #4376,"I-20, EXIT 44",Hollow Rock,TN,653,3.333
5377,DUMMY TRUCK STOP #4377,"I-64, EXIT 148",Blythewood,SC,274,3.080
5378,DUMMY TRUCK STOP #4378,"I-64, EXIT 200",Bloomington,WI,383,3.301
5379,DUMMY TRUCK STOP #4379,"I-90, EXIT 153",Denton,KS,734,3.231
5380,DUMMY TRUCK STOP #4380,"I-81, EXIT 299",Alpine,AR,479,3.034
5381,DUMMY TRUCK STOP #4381,"I-70, EXIT 252",Mona,IA,436,3.136
5382,DUMMY TRUCK STOP #4382,"I-95, EXIT 179",Williamsfield,IL,872,3.888
5383,DUMMY TRUCK STOP #4383,"I-20, EXIT 304",Monument,NM,152,3.019
5384,DUMMY TRUCK STOP #4384,"I-35, EXIT 74",Bazine,KS,173,3.196
5385,DUMMY TRUCK STOP #4385,"I-94, EXIT 312",Phillipsburg,GA,776,3.128
5386,DUMMY TRUCK STOP #4386,"I-15, EXIT 71",Hurley,SD,406,3.486
5387,DUMMY TRUCK STOP #4387,"I-81, EXIT 42",Pasadena Hills,MO,573,3.086
5388,DUMMY TRUCK STOP #4388,"I-5, EXIT 169",Meridian,NY,868,4.129
5389,DUMMY TRUCK STOP #4389,"I-55, EXIT 169",Republic,PA,201,3.917
5390,DUMMY TRUCK STOP #4390,"I-55, EXIT 106",Seminole,TX,535,3.076
5391,DUMMY TRUCK STOP #4391,"I-90, EXIT 201",Hilda,SC,635,2.934
5392,DUMMY TRUCK STOP #4392,"I-20, EXIT 43",Stanwood,WA,286,4.458
5393,DUMMY TRUCK STOP #4393,"I-40, EXIT 271",Castorland,NY,614,4.112
5394,DUMMY TRUCK STOP #4394,"I-65, EXIT 223",La Chuparosa,TX,649,2.896
5395,DUMMY TRUCK STOP #4395,"I-44, EXIT 313",Silver Cliff,CO,603,3.606
5396,DUMMY TRUCK STOP #4396,"I-94, EXIT 41",Tierra Bonita,TX,381,3.199
5397,DUMMY TRUCK STOP #4397,"I-5, EXIT 12",Todd Creek,CO,855,3.704
5398,DUMMY TRUCK STOP #4398,"I-95, EXIT 323",Hansell,IA,270,3.295
5399,DUMMY TRUCK STOP #4399,"I-95, EXIT 25",Ashton,SD,479,3.498
5400,DUMMY TRUCK STOP #4400,"I-65, EXIT 76",Thoreau,NM,673,3.281
5401,DUMMY TRUCK STOP #4401,"I-95, EXIT 107",Goodlow,TX,326,3.414
5402,DUMMY TRUCK STOP #4402,"I-70, EXIT 46",North Adams,MA,743,3.287
5403,DUMMY TRUCK STOP #4403,"I-90, EXIT 276",Seboyeta,NM,868,3.524
5404,DUMMY TRUCK STOP #4404,"I-5, EXIT 238",Gary City,TX,866,3.013
5405,DUMMY TRUCK STOP #4405,"I-65, EXIT 100",Wickerham Manor-Fisher,PA,229,4.391
5406,DUMMY TRUCK STOP #4406,"I-75, EXIT 11",Joiner,AR,864,3.276
5407,DUMMY TRUCK STOP #4407,"I-44, EXIT 300",Auburn,WV,181,3.597
5408,DUMMY TRUCK STOP #4408,"I-5, EXIT 128",Greensboro,PA,645,3.958
5409,DUMMY TRUCK STOP #4409,"I-85, EXIT 158",Crystal Lake Park,MO,237,3.365
5410,DUMMY TRUCK STOP #4410,"I-65, EXIT 179",Babylon,NY,224,4.317
5411,DUMMY TRUCK STOP #4411,"I-95, EXIT 31",Sherman,IL,806,3.808
5412,DUMMY TRUCK STOP #4412,"I-90, EXIT 168",Diamond Bluff,WI,647,3.640
5413,DUMMY TRUCK STOP #4413,"I-20, EXIT 22",Briggsdale,CO,390,3.654
5414,DUMMY TRUCK STOP #4414,"I-65, EXIT 32",Noblestown,PA,238,3.712
5415,DUMMY TRUCK STOP #4415,"I-40, EXIT 206",Van Horn,TX,171,3.063
5416,DUMMY TRUCK STOP #4416,"I-65, EXIT 272",Thompson,PA,608,4.321
5417,DUMMY TRUCK STOP #4417,"I-25, EXIT 226",Plymouth,IN,180,3.833
5418,DUMMY TRUCK STOP #4418,"I-40, EXIT 179",Kincaid,KS,621,3.541
5419,DUMMY TRUCK STOP #4419,"I-44, EXIT 108",Young,AZ,461,3.817
5420,DUMMY TRUCK STOP #4420,"I-44, EXIT 317",Nathalie,VA,161,3.371
5421,DUMMY TRUCK STOP #4421,"I-94, EXIT 165",Davenport,IA,869,3.278
5422,DUMMY TRUCK STOP #4422,"I-80, EXIT 47",Burtonsville,MD,475,3.358
5423,DUMMY TRUCK STOP #4423,"I-44, EXIT 45",DeCordova,TX,766,3.050
5424,DUMMY TRUCK STOP #4424,"I-65, EXIT 198",Prunedale,CA,484,4.639
5425,DUMMY TRUCK STOP #4425,"I-35, EXIT 183",Caruthersville,MO,455,3.214
5426,DUMMY TRUCK STOP #4426,"I-20, EXIT 52",Gaylordsville,CT,488,4.308
5427,DUMMY TRUCK STOP #4427,"I-10, EXIT 338",Blackhawk,SD,237,3.355
5428,DUMMY TRUCK STOP #4428,"I-90, EXIT 123",Cameron,TX,582,3.324
5429,DUMMY TRUCK STOP #4429,"I-35, EXIT 279",Hayden,IN,708,3.552
5430,DUMMY TRUCK STOP #4430,"I-80, EXIT 333",New Canton,IL,487,3.817
5431,DUMMY TRUCK STOP #4431,"I-44, EXIT 152",Brownsville,TX,281,3.011
5432,DUMMY TRUCK STOP #4432,"I-90, EXIT 43",Ore Hill,PA,486,4.139
5433,DUMMY TRUCK STOP #4433,"I-80, EXIT 40",Cashiers,NC,135,3.499
5434,DUMMY TRUCK STOP #4434,"I-20, EXIT 320",Gold Hill,OR,813,4.070
5435,DUMMY TRUCK STOP #4435,"I-40, EXIT 172",Danville,MD,648,3.174
5436,DUMMY TRUCK STOP #4436,"I-64, EXIT 210",Drifting,PA,371,4.154
5437,DUMMY TRUCK STOP #4437,"I-20, EXIT 20",Colfax,ND,293,3.668
5438,DUMMY TRUCK STOP #4438,"I-94, EXIT 280",Glenmoor,OH,101,3.746
5439,DUMMY TRUCK STOP #4439,"I-5, EXIT 136",Mendenhall,MS,246,3.532
5440,DUMMY TRUCK STOP #4440,"I-85, EXIT 215",Milledgeville,GA,313,3.729
5441,DUMMY TRUCK STOP #4441,"I-90, EXIT 53",Munich,ND,369,3.130
5442,DUMMY TRUCK STOP #4442,"I-55, EXIT 347",Lower Grand Lagoon,FL,377,3.697
5443,DUMMY TRUCK STOP #4443,"I-95, EXIT 118",Plankinton,SD,706,3.189
5444,DUMMY TRUCK STOP #4444,"I-65, EXIT 109",Marquette Heights,IL,122,3.864
5445,DUMMY TRUCK STOP #4445,"I-10, EXIT 215",Charles City,VA,607,3.340
5446,DUMMY TRUCK STOP #4446,"I-75, EXIT 134",Mattoon,IL,811,3.693
5447,DUMMY TRUCK STOP #4447,"I-5, EXIT 292",Allison,TX,277,3.166
5448,DUMMY TRUCK STOP #4448,"I-35, EXIT 259",Cherryland,CA,649,4.348
5449,DUMMY TRUCK STOP #4449,"I-90, EXIT 233",Old Field,NY,883,4.162
5450,DUMMY TRUCK STOP #4450,"I-55, EXIT 164",Deal Island,MD,872,3.455
5451,DUMMY TRUCK STOP #4451,"I-44, EXIT 169",Datil,NM,650,3.535
5452,DUMMY TRUCK STOP #4452,"I-81, EXIT 70",St. Lucas,IA,602,3.329
5453,DUMMY TRUCK STOP #4453,"I-40, EXIT 11",Louisburg,NC,757,3.551
5454,DUMMY TRUCK STOP #4454,"I-80, EXIT 284",Paa-Ko,NM,673,3.549
5455,DUMMY TRUCK STOP #4455,"I-75, EXIT 139",Pitts,GA,894,3.666
5456,DUMMY TRUCK STOP #4456,"I-10, EXIT 104",Sedalia,KY,412,3.420
5457,DUMMY TRUCK STOP #4457,"I-90, EXIT 34",Bruin,PA,619,4.277
5458,DUMMY TRUCK STOP #4458,"I-85, EXIT 106",Eastshore,KS,661,3.172
5459,DUMMY TRUCK STOP #4459,"I-70, EXIT 263",Blue Rapids,KS,327,2.993
5460,DUMMY TRUCK STOP #4460,"I-44, EXIT 110",Portlandville,NY,514,4.199
5461,DUMMY TRUCK STOP #4461,"I-5, EXIT 129",Greene,IA,196,3.307
5462,DUMMY TRUCK STOP #4462,"I-44, EXIT 5",Grenloch,NJ,719,4.050
5463,DUMMY TRUCK STOP #4463,"I-70, EXIT 99",Sawyer,OK,624,3.547
5464,DUMMY TRUCK STOP #4464,"I-80, EXIT 12",Corinth,TX,290,3.181
5465,DUMMY TRUCK STOP #4465,"I-70, EXIT 136",Tehachapi,CA,270,4.576
5466,DUMMY TRUCK STOP #4466,"I-10, EXIT 135",Indialantic,FL,169,3.450
5467,DUMMY TRUCK STOP #4467,"I-44, EXIT 44",Strodes Mills,PA,725,3.988
5468,DUMMY TRUCK STOP #4468,"I-10, EXIT 335",Rolland Colony,SD,464,3.309
5469,DUMMY TRUCK STOP #4469,"I-55, EXIT 144",North Branch,MN,167,3.408
5470,DUMMY TRUCK STOP #4470,"I-5, EXIT 29",Charter Oak,CA,824,4.780
5471,DUMMY TRUCK STOP #4471,"I-55, EXIT 52",Osterdock,IA,678,3.249
5472,DUMMY TRUCK STOP #4472,"I-40, EXIT 82",Wadsworth,OH,377,3.444
5473,DUMMY TRUCK STOP #4473,"I-94, EXIT 330",Bowling Green,FL,177,3.284
5474,DUMMY TRUCK STOP #4474,"I-10, EXIT 319",Benton,PA,594,4.277
5475,DUMMY TRUCK STOP #4475,"I-25, EXIT 74",Fuller Heights,FL,868,3.466
5476,DUMMY TRUCK STOP #4476,"I-55, EXIT 279",Salem,IN,576,3.599
5477,DUMMY TRUCK STOP #4477,"I-94, EXIT 244",Raleigh,FL,254,3.787
5478,DUMMY TRUCK STOP #4478,"I-75, EXIT 131",Eagle Creek,PA,688,4.101
5479,DUMMY TRUCK STOP #4479,"I-70, EXIT 41",Clyde Hill,WA,607,4.354
5480,DUMMY TRUCK STOP #4480,"I-64, EXIT 74",Hutchins,TX,289,3.213
5481,DUMMY TRUCK STOP #4481,"I-40, EXIT 89",Buffalo,SC,529,3.265
5482,DUMMY TRUCK STOP #4482,"I-20, EXIT 56",Okmulgee,OK,646,3.287
5483,DUMMY TRUCK STOP #4483,"I-40, EXIT 157",Wolverine Lake,MI,491,3.728
5484,DUMMY TRUCK STOP #4484,"I-90, EXIT 221",Hardy,NE,201,3.298
5485,DUMMY TRUCK STOP #4485,"I-85, EXIT 7",North Merritt Island,FL,252,3.452
5486,DUMMY TRUCK STOP #4486,"I-94, EXIT 205",South Blooming Grove,NY,559,4.034
5487,DUMMY TRUCK STOP #4487,"I-25, EXIT 18",Genoa,OH,132,3.662
5488,DUMMY TRUCK STOP #4488,"I-65, EXIT 122",Holland,IA,500,3.247
5489,DUMMY TRUCK STOP #4489,"I-25, EXIT 36",Conneaut,OH,684,3.846
5490,DUMMY TRUCK STOP #4490,"I-70, EXIT 101",Richmond,MN,519,3.384
5491,DUMMY TRUCK STOP #4491,"I-5, EXIT 174",Copper Harbor,MI,576,3.930
5492,DUMMY TRUCK STOP #4492,"I-85, EXIT 310",Linneus,MO,420,3.138
5493,DUMMY TRUCK STOP #4493,"I-44, EXIT 70",Lawndale,CA,441,4.829
5494,DUMMY TRUCK STOP #4494,"I-95, EXIT 7",Greenwich,OH,126,3.715
5495,DUMMY TRUCK STOP #4495,"I-81, EXIT 46",Garland,TN,294,3.338
5496,DUMMY TRUCK STOP #4496,"I-10, EXIT 336",Myrtle Beach,SC,562,3.180
5497,DUMMY TRUCK STOP #4497,"I-40, EXIT 277",Somis,CA,489,4.788
5498,DUMMY TRUCK STOP #4498,"I-95, EXIT 22",Gonvick,MN,861,3.570
5499,DUMMY TRUCK STOP #4499,"I-75, EXIT 254",Holiday City-Berkeley,NJ,245,3.477
5500,DUMMY TRUCK STOP #4500,"I-35, EXIT 62",Stonybrook,PA,125,4.028
5501,DUMMY TRUCK STOP #4501,"I-55, EXIT 209",Pierson,IA,214,3.396
5502,DUMMY TRUCK STOP #4502,"I-85, EXIT 57",Rowena,OR,683,4.070
5503,DUMMY TRUCK STOP #4503,"I-15, EXIT 243",Teaticket,MA,106,3.763
5504,DUMMY TRUCK STOP #4504,"I-81, EXIT 132",Babcock,WI,413,3.734
5505,DUMMY TRUCK STOP #4505,"I-25, EXIT 116",Fairmont,NE,877,3.352
5506,DUMMY TRUCK STOP #4506,"I-64, EXIT 151",Baldwin,LA,234,3.310
5507,DUMMY TRUCK STOP #4507,"I-75, EXIT 8",Wellsville,NY,247,4.191
5508,DUMMY TRUCK STOP #4508,"I-65, EXIT 93",Carlton,AL,319,3.392
5509,DUMMY TRUCK STOP #4509,"I-15, EXIT 73",Williston,SC,850,3.421
5510,DUMMY TRUCK STOP #4510,"I-5, EXIT 299",Morrisville,PA,378,3.975
5511,DUMMY TRUCK STOP #4511,"I-85, EXIT 93",Sonoma State University,CA,484,4.636
5512,DUMMY TRUCK STOP #4512,"I-5, EXIT 107",Midway,PA,790,4.365
5513,DUMMY TRUCK STOP #4513,"I-70, EXIT 162",Pomona,MO,196,3.306
5514,DUMMY TRUCK STOP #4514,"I-44, EXIT 67",Highland Heights,OH,581,3.935
5515,DUMMY TRUCK STOP #4515,"I-64, EXIT 286",Coalgate,OK,124,2.930
5516,DUMMY TRUCK STOP #4516,"I-25, EXIT 139",Weston,OR,453,4.341
5517,DUMMY TRUCK STOP #4517,"I-94, EXIT 180",Eatonville,WA,214,4.529
5518,DUMMY TRUCK STOP #4518,"I-75, EXIT 19",Dogtown,CA,234,4.600
5519,DUMMY TRUCK STOP #4519,"I-20, EXIT 164",Manvel,TX,649,3.335
5520,DUMMY TRUCK STOP #4520,"I-95, EXIT 47",Homestead,NM,274,3.595
5521,DUMMY TRUCK STOP #4521,"I-75, EXIT 147",Climax,MN,850,3.577
5522,DUMMY TRUCK STOP #4522,"I-94, EXIT 212",Savoy,IL,361,3.589
5523,DUMMY TRUCK STOP #4523,"I-90, EXIT 346",Panther Burn,MS,531,3.011
5524,DUMMY TRUCK STOP #4524,"I-25, EXIT 110",Omaha,IL,574,3.825
5525,DUMMY TRUCK STOP #4525,"I-5, EXIT 257",Overton,NE,638,3.304
5526,DUMMY TRUCK STOP #4526,"I-55, EXIT 160",Hiawatha,IA,567,3.393
5527,DUMMY TRUCK STOP #4527,"I-44, EXIT 225",Rockholds,KY,773,3.438
5528,DUMMY TRUCK STOP #4528,"I-94, EXIT 46",Templeton,IA,678,3.565
5529,DUMMY TRUCK STOP #4529,"I-64, EXIT 318",Pointe a la Hache,LA,680,3.286
5530,DUMMY TRUCK STOP #4530,"I-25, EXIT 44",Bellport,NY,547,4.179
5531,DUMMY TRUCK STOP #4531,"I-95, EXIT 271",Bangor Base,WA,886,4.432
5532,DUMMY TRUCK STOP #4532,"I-40, EXIT 202",Dundee,FL,722,3.555
5533,DUMMY TRUCK STOP #4533,"I-40, EXIT 167",Milton,NY,335,4.395
5534,DUMMY TRUCK STOP #4534,"I-55, EXIT 277",Central City,NE,375,3.290
5535,DUMMY TRUCK STOP #4535,"I-10, EXIT 259",Watertown,SD,261,3.257
5536,DUMMY TRUCK STOP #4536,"I-20, EXIT 115",Kennebunk,ME,687,3.591
5537,DUMMY TRUCK STOP #4537,"I-55, EXIT 222",Utica,OK,291,3.331
5538,DUMMY TRUCK STOP #4538,"I-25, EXIT 5",Cherryvale,SC,272,3.260
5539,DUMMY TRUCK STOP #4539,"I-85, EXIT 76",Sidney,AR,114,3.349
5540,DUMMY TRUCK STOP #4540,"I-70, EXIT 169",Paris,AR,101,3.294
5541,DUMMY TRUCK STOP #4541,"I-5, EXIT 32",Wilkerson,CA,121,4.970
5542,DUMMY TRUCK STOP #4542,"I-5, EXIT 281",Celina,OH,631,3.490
5543,DUMMY TRUCK STOP #4543,"I-75, EXIT 233",Nocona,TX,345,2.921
5544,DUMMY TRUCK STOP #4544,"I-95, EXIT 57",Pasco,WA,726,4.673
5545,DUMMY TRUCK STOP #4545,"I-95, EXIT 291",Thomasville,AL,192,3.517
5546,DUMMY TRUCK STOP #4546,"I-20, EXIT 130",Smyrna,DE,221,3.607
5547,DUMMY TRUCK STOP #4547,"I-95, EXIT 48",Othello,WA,493,4.439
5548,DUMMY TRUCK STOP #4548,"I-95, EXIT 322",Cross Timbers,MO,255,3.207
5549,DUMMY TRUCK STOP #4549,"I-85, EXIT 104",Olympian Village,MO,567,3.242
5550,DUMMY TRUCK STOP #4550,"I-95, EXIT 345",Ashville,AL,644,3.211
5551,DUMMY TRUCK STOP #4551,"I-81, EXIT 317",Macon,MS,145,3.422
5552,DUMMY TRUCK STOP #4552,"I-75, EXIT 5",Kingston,IL,654,3.720
5553,DUMMY TRUCK STOP #4553,"I-94, EXIT 43",Forest Grove,OR,660,4.246
5554,DUMMY TRUCK STOP #4554,"I-80, EXIT 246",Florida Gulf Coast University,FL,364,3.343
5555,DUMMY TRUCK STOP #4555,"I-5, EXIT 306",Rock Creek,OH,703,3.660
5556,DUMMY TRUCK STOP #4556,"I-90, EXIT 142",Newbury,KS,800,3.283
5557,DUMMY TRUCK STOP #4557,"I-20, EXIT 126",Deenwood,GA,556,3.387
5558,DUMMY TRUCK STOP #4558,"I-15, EXIT 50",Mediapolis,IA,635,3.539
5559,DUMMY TRUCK STOP #4559,"I-94, EXIT 331",South Gate,CA,478,4.866
5560,DUMMY TRUCK STOP #4560,"I-55, EXIT 169",Toledo,OH,613,3.594
5561,DUMMY TRUCK STOP #4561,"I-64, EXIT 77",Sharpsburg,MD,118,3.748
5562,DUMMY TRUCK STOP #4562,"I-40, EXIT 326",Clendenin,WV,366,3.782
5563,DUMMY TRUCK STOP #4563,"I-15, EXIT 186",North Fair Oaks,CA,308,4.840
5564,DUMMY TRUCK STOP #4564,"I-65, EXIT 123",Bear Lake,MI,384,3.450
5565,DUMMY TRUCK STOP #4565,"I-65, EXIT 193",Copan,OK,688,3.112
5566,DUMMY TRUCK STOP #4566,"I-55, EXIT 146",Racine,OH,695,3.723
5567,DUMMY TRUCK STOP #4567,"I-75, EXIT 222",Marshallville,GA,552,3.461
5568,DUMMY TRUCK STOP #4568,"I-25, EXIT 28",Alameda,CA,197,4.659
5569,DUMMY TRUCK STOP #4569,"I-5, EXIT 72",Bruno,MN,823,3.592
5570,DUMMY TRUCK STOP #4570,"I-94, EXIT 47",Canal Fulton,OH,805,3.735
5571,DUMMY TRUCK STOP #4571,"I-44, EXIT 263",St. George,KS,557,2.845
5572,DUMMY TRUCK STOP #4572,"I-64, EXIT 1",Lawrence,PA,252,4.032
5573,DUMMY TRUCK STOP #4573,"I-10, EXIT 272",Ashville,PA,454,4.224
5574,DUMMY TRUCK STOP #4574,"I-90, EXIT 36",Wesleyville,PA,608,4.006
5575,DUMMY TRUCK STOP #4575,"I-25, EXIT 240",Farmersburg,IN,332,3.738
5576,DUMMY TRUCK STOP #4576,"I-70, EXIT 327",Dahlgren Center,VA,297,3.709
5577,DUMMY TRUCK STOP #4577,"I-44, EXIT 177",Valleyview,OH,565,3.610
5578,DUMMY TRUCK STOP #4578,"I-5, EXIT 5",Santa Monica,CA,401,4.806
5579,DUMMY TRUCK STOP #4579,"I-94, EXIT 72",Brockton,PA,664,4.264
5580,DUMMY TRUCK STOP #4580,"I-65, EXIT 55",Taylorsville,CA,662,4.880
5581,DUMMY TRUCK STOP #4581,"I-15, EXIT 322",Bay Minette,AL,280,3.440
5582,DUMMY TRUCK STOP #4582,"I-65, EXIT 178",Peru,IL,678,3.925
5583,DUMMY TRUCK STOP #4583,"I-75, EXIT 59",Peerless,MT,132,3.865
5584,DUMMY TRUCK STOP #4584,"I-10, EXIT 238",McGee Creek,CA,716,4.780
5585,DUMMY TRUCK STOP #4585,"I-80, EXIT 210",Heidelberg,TX,124,3.178
5586,DUMMY TRUCK STOP #4586,"I-10, EXIT 44",Darrington,WA,230,4.504
5587,DUMMY TRUCK STOP #4587,"I-81, EXIT 45",Adams,IN,130,3.547
5588,DUMMY TRUCK STOP #4588,"I-15, EXIT 90",Mountainside,NJ,305,3.767
5589,DUMMY TRUCK STOP #4589,"I-80, EXIT 36",Skiatook,OK,459,3.243
5590,DUMMY TRUCK STOP #4590,"I-15, EXIT 65",Fulton,MO,130,3.190
5591,DUMMY TRUCK STOP #4591,"I-94, EXIT 192",Leighton,AL,111,3.221
5592,DUMMY TRUCK STOP #4592,"I-85, EXIT 220",Hokes Bluff,AL,545,3.183
5593,DUMMY TRUCK STOP #4593,"I-55, EXIT 160",Sportsmans Park,OR,490,4.201
5594,DUMMY TRUCK STOP #4594,"I-10, EXIT 157",Hartland,ME,770,3.472
5595,DUMMY TRUCK STOP #4595,"I-81, EXIT 215",Denver City,TX,324,3.194
5596,DUMMY TRUCK STOP #4596,"I-64, EXIT 197",Sherwood Manor,CT,125,4.190
5597,DUMMY TRUCK STOP #4597,"I-44, EXIT 4",Booneville,MS,474,3.260
5598,DUMMY TRUCK STOP #4598,"I-85, EXIT 321",Pronghorn,OR,309,4.248
5599,DUMMY TRUCK STOP #4599,"I-25, EXIT 133",Fort Meade,FL,340,3.651
5600,DUMMY TRUCK STOP #4600,"I-70, EXIT 286",Raynesford,MT,531,3.565
5601,DUMMY TRUCK STOP #4601,"I-94, EXIT 87",Hilmar-Irwin,CA,267,5.338
5602,DUMMY TRUCK STOP #4602,"I-65, EXIT 52",Brookston,IN,867,4.088
5603,DUMMY TRUCK STOP #4603,"I-35, EXIT 202",Manchester,MI,563,3.555
5604,DUMMY TRUCK STOP #4604,"I-5, EXIT 261",Rowland Heights,CA,501,4.446
5605,DUMMY TRUCK STOP #4605,"I-75, EXIT 180",Middleburg,PA,815,4.211
5606,DUMMY TRUCK STOP #4606,"I-75, EXIT 79",Anahuac,TX,233,2.920
5607,DUMMY TRUCK STOP #4607,"I-81, EXIT 210",Brighton,CO,658,3.538
5608,DUMMY TRUCK STOP #4608,"I-81, EXIT 262",Chacra,CO,376,3.621
5609,DUMMY TRUCK STOP #4609,"I-81, EXIT 42",Crab Orchard,KY,778,3.487
5610,DUMMY TRUCK STOP #4610,"I-35, EXIT 297",Amboy,WA,161,4.305
5611,DUMMY TRUCK STOP #4611,"I-10, EXIT 212",Lewiston,UT,211,3.491
5612,DUMMY TRUCK STOP #4612,"I-90, EXIT 156",LaBelle,FL,612,3.369
5613,DUMMY TRUCK STOP #4613,"I-25, EXIT 65",Ludington,MI,340,3.177
5614,DUMMY TRUCK STOP #4614,"I-65, EXIT 140",Wallace,SC,314,3.071
5615,DUMMY TRUCK STOP #4615,"I-80, EXIT 194",Chico,TX,660,3.095
5616,DUMMY TRUCK STOP #4616,"I-25, EXIT 57",University of Pittsburgh Bradford,PA,254,4.194
5617,DUMMY TRUCK STOP #4617,"I-80, EXIT 130",Glenvar Heights,FL,719,3.772
5618,DUMMY TRUCK STOP #4618,"I-70, EXIT 84",Midvale,OH,465,3.865
5619,DUMMY TRUCK STOP #4619,"I-5, EXIT 205",League City,TX,775,3.137
5620,DUMMY TRUCK STOP #4620,"I-55, EXIT 145",Dixon,WY,758,3.766
5621,DUMMY TRUCK STOP #4621,"I-20, EXIT 344",Glencoe,CA,827,4.878
5622,DUMMY TRUCK STOP #4622,"I-85, EXIT 101",Cañones,NM,659,3.171
5623,DUMMY TRUCK STOP #4623,"I-81, EXIT 128",Lido Beach,NY,102,3.939
5624,DUMMY TRUCK STOP #4624,"I-80, EXIT 120",Hurtsboro,AL,414,3.231
5625,DUMMY TRUCK STOP #4625,"I-64, EXIT 257",Columbus,ND,614,3.542
5626,DUMMY TRUCK STOP #4626,"I-35, EXIT 34",Glenn Heights,TX,640,3.417
5627,DUMMY TRUCK STOP #4627,"I-80, EXIT 275",LaFayette,GA,123,3.112
5628,DUMMY TRUCK STOP #4628,"I-75, EXIT 208",Claycomo,MO,365,3.175
5629,DUMMY TRUCK STOP #4629,"I-20, EXIT 52",Eakles Mill,MD,144,3.623
5630,DUMMY TRUCK STOP #4630,"I-35, EXIT 47",Roanoke,TX,264,3.124
5631,DUMMY TRUCK STOP #4631,"I-40, EXIT 337",Paxton,IL,867,3.869
5632,DUMMY TRUCK STOP #4632,"I-55, EXIT 43",Coshocton,OH,843,3.541
5633,DUMMY TRUCK STOP #4633,"I-20, EXIT 206",South Coatesville,PA,152,4.189
5634,DUMMY TRUCK STOP #4634,"I-64, EXIT 313",Wahneta,FL,861,3.831
5635,DUMMY TRUCK STOP #4635,"I-44, EXIT 255",North Oaks,MN,245,3.680
5636,DUMMY TRUCK STOP #4636,"I-20, EXIT 329",Mooreton,ND,617,3.443
5637,DUMMY TRUCK STOP #4637,"I-40, EXIT 84",Cascadia,OR,163,3.800
5638,DUMMY TRUCK STOP #4638,"I-40, EXIT 54",Dover,MO,708,3.552
5639,DUMMY TRUCK STOP #4639,"I-10, EXIT 42",St. David,IL,191,3.481
5640,DUMMY TRUCK STOP #4640,"I-55, EXIT 17",Posey,CA,113,4.861
5641,DUMMY TRUCK STOP #4641,"I-85, EXIT 60",Yettem,CA,346,4.851
5642,DUMMY TRUCK STOP #4642,"I-20, EXIT 255",Masaryktown,FL,865,3.891
5643,DUMMY TRUCK STOP #4643,"I-94, EXIT 213",Tullytown,PA,146,4.322
5644,DUMMY TRUCK STOP #4644,"I-20, EXIT 323",Hartly,DE,875,3.795
5645,DUMMY TRUCK STOP #4645,"I-70, EXIT 316",Martinsburg,WV,869,3.286
5646,DUMMY TRUCK STOP #4646,"I-10, EXIT 260",Masontown,PA,364,4.317
5647,DUMMY TRUCK STOP #4647,"I-81, EXIT 269",Mesick,MI,436,3.912
5648,DUMMY TRUCK STOP #4648,"I-70, EXIT 5",Baskerville,VA,743,3.701
5649,DUMMY TRUCK STOP #4649,"I-81, EXIT 175",Okolona,MS,328,3.289
5650,DUMMY TRUCK STOP #4650,"I-65, EXIT 272",Panhandle,TX,269,3.234
5651,DUMMY TRUCK STOP #4651,"I-35, EXIT 286",Butler,TN,641,3.290
5652,DUMMY TRUCK STOP #4652,"I-81, EXIT 268",Marco Shores-Hammock Bay,FL,862,3.463
5653,DUMMY TRUCK STOP #4653,"I-81, EXIT 307",Pottawattamie Park,IN,878,3.848
5654,DUMMY TRUCK STOP #4654,"I-10, EXIT 117",Olin,IA,579,3.352
5655,DUMMY TRUCK STOP #4655,"I-80, EXIT 15",New Paris,OH,665,3.842
5656,DUMMY TRUCK STOP #4656,"I-90, EXIT 57",Palmdale,CA,897,4.871
5657,DUMMY TRUCK STOP #4657,"I-25, EXIT 67",La Farge,WI,307,3.083
5658,DUMMY TRUCK STOP #4658,"I-95, EXIT 325",Duanesburg,NY,493,3.824
5659,DUMMY TRUCK STOP #4659,"I-20, EXIT 275",Porters Neck,NC,302,3.448
5660,DUMMY TRUCK STOP #4660,"I-85, EXIT 174",Old Hundred,NC,332,3.659
5661,DUMMY TRUCK STOP #4661,"I-94, EXIT 55",Hideout,UT,107,3.958
5662,DUMMY TRUCK STOP #4662,"I-35, EXIT 147",Winston-Salem,NC,660,3.543
5663,DUMMY TRUCK STOP #4663,"I-94, EXIT 188",Hiwassee,VA,460,3.837
5664,DUMMY TRUCK STOP #4664,"I-81, EXIT 257",Ferney,SD,132,3.427
5665,DUMMY TRUCK STOP #4665,"I-64, EXIT 100",Jordan Valley,OR,886,4.460
5666,DUMMY TRUCK STOP #4666,"I-25, EXIT 110",Pinedale,AZ,504,3.874
5667,DUMMY TRUCK STOP #4667,"I-20, EXIT 201",Woodsfield,OH,699,3.804
5668,DUMMY TRUCK STOP #4668,"I-10, EXIT 197",Neal,KS,716,3.226
5669,DUMMY TRUCK STOP #4669,"I-70, EXIT 234",McClure,IL,365,3.714
5670,DUMMY TRUCK STOP #4670,"I-75, EXIT 342",Troy,VT,583,3.446
5671,DUMMY TRUCK STOP #4671,"I-70, EXIT 34",Wentworth,NC,547,3.771
5672,DUMMY TRUCK STOP #4672,"I-20, EXIT 126",Casper,WY,691,3.490
5673,DUMMY TRUCK STOP #4673,"I-70, EXIT 73",Tanglewilde,WA,191,4.684
5674,DUMMY TRUCK STOP #4674,"I-65, EXIT 29",Smicksburg,PA,853,3.727
5675,DUMMY TRUCK STOP #4675,"I-64, EXIT 75",Waldron,MI,497,3.838
5676,DUMMY TRUCK STOP #4676,"I-15, EXIT 3",Hanover,KS,591,3.372
5677,DUMMY TRUCK STOP #4677,"I-70, EXIT 24",Oberlin,OH,764,3.813
5678,DUMMY TRUCK STOP #4678,"I-90, EXIT 133",Belvedere,CA,900,4.695
5679,DUMMY TRUCK STOP #4679,"I-20, EXIT 318",Hillsville,VA,651,3.744
5680,DUMMY TRUCK STOP #4680,"I-44, EXIT 296",Etowah,TN,240,3.591
5681,DUMMY TRUCK STOP #4681,"I-90, EXIT 34",Roman Forest,TX,325,3.065
5682,DUMMY TRUCK STOP #4682,"I-5, EXIT 6",Randlett,UT,408,3.944
5683,DUMMY TRUCK STOP #4683,"I-15, EXIT 8",Okemos,MI,423,3.952
5684,DUMMY TRUCK STOP #4684,"I-44, EXIT 24",San Luis,CO,250,3.397
5685,DUMMY TRUCK STOP #4685,"I-75, EXIT 244",Little York,IN,836,4.069
5686,DUMMY TRUCK STOP #4686,"I-70, EXIT 282",Weston,NE,497,3.585
5687,DUMMY TRUCK STOP #4687,"I-44, EXIT 119",Leesville,OH,783,3.642
5688,DUMMY TRUCK STOP #4688,"I-65, EXIT 120",Hayesville,NC,417,3.276
5689,DUMMY TRUCK STOP #4689,"I-65, EXIT 9",Suring,WI,221,3.374
5690,DUMMY TRUCK STOP #4690,"I-55, EXIT 256",Williamstown,NJ,530,3.825
5691,DUMMY TRUCK STOP #4691,"I-85, EXIT 259",North Johns,AL,699,3.266
5692,DUMMY TRUCK STOP #4692,"I-80, EXIT 63",Sykesville,MD,427,4.171
5693,DUMMY TRUCK STOP #4693,"I-65, EXIT 57",Hardinsburg,KY,240,3.225
5694,DUMMY TRUCK STOP #4694,"I-94, EXIT 40",Floridatown,FL,559,3.539
5695,DUMMY TRUCK STOP #4695,"I-20, EXIT 69",Pellston,MI,339,3.835
5696,DUMMY TRUCK STOP #4696,"I-95, EXIT 191",Nichols,NY,883,4.062
5697,DUMMY TRUCK STOP #4697,"I-65, EXIT 186",Zemple,MN,365,3.302
5698,DUMMY TRUCK STOP #4698,"I-25, EXIT 193",Housatonic,MA,754,3.518
5699,DUMMY TRUCK STOP #4699,"I-81, EXIT 83",Bainbridge,NY,332,4.408
5700,DUMMY TRUCK STOP #4700,"I-75, EXIT 10",Wagoner,OK,257,3.226
5701,DUMMY TRUCK STOP #4701,"I-70, EXIT 144",Vernonburg,GA,532,3.308
5702,DUMMY TRUCK STOP #4702,"I-81, EXIT 240",Glen White,WV,244,3.744
5703,DUMMY TRUCK STOP #4703,"I-20, EXIT 14",Evaro,MT,571,3.664
5704,DUMMY TRUCK STOP #4704,"I-40, EXIT 32",Powdersville,SC,612,3.315
5705,DUMMY TRUCK STOP #4705,"I-55, EXIT 334",Wales,UT,592,3.434
5706,DUMMY TRUCK STOP #4706,"I-94, EXIT 329",Tuscumbia,AL,870,3.338
5707,DUMMY TRUCK STOP #4707,"I-10, EXIT 111",Butters,NC,200,3.484
5708,DUMMY TRUCK STOP #4708,"I-85, EXIT 163",Frazier Park,CA,414,5.014
5709,DUMMY TRUCK STOP #4709,"I-35, EXIT 227",Ray,AL,403,3.519
5710,DUMMY TRUCK STOP #4710,"I-15, EXIT 155",Cotter,IA,615,3.320
5711,DUMMY TRUCK STOP #4711,"I-35, EXIT 197",River Grove,IL,151,3.961
5712,DUMMY TRUCK STOP #4712,"I-35, EXIT 289",Hackett,AR,276,3.019
5713,DUMMY TRUCK STOP #4713,"I-75, EXIT 271",Cold Springs,CA,512,4.597
5714,DUMMY TRUCK STOP #4714,"I-25, EXIT 231",Adams,TN,290,3.568
5715,DUMMY TRUCK STOP #4715,"I-10, EXIT 230",Cokato,MN,526,3.179
5716,DUMMY TRUCK STOP #4716,"I-80, EXIT 129",Mabank,TX,239,3.034
5717,DUMMY TRUCK STOP #4717,"I-75, EXIT 350",Whitten,IA,311,3.611
5718,DUMMY TRUCK STOP #4718,"I-25, EXIT 245",Cynthiana,OH,169,3.717
5719,DUMMY TRUCK STOP #4719,"I-65, EXIT 107",Eddystone,PA,844,4.229
5720,DUMMY TRUCK STOP #4720,"I-94, EXIT 206",Elko,NV,587,3.832
5721,DUMMY TRUCK STOP #4721,"I-25, EXIT 112",Lake Secession,SC,641,3.215
5722,DUMMY TRUCK STOP #4722,"I-80, EXIT 259",Temple,TX,586,3.199
5723,DUMMY TRUCK STOP #4723,"I-5, EXIT 135",Merrill,WI,629,3.306
5724,DUMMY TRUCK STOP #4724,"I-90, EXIT 202",Big Bass Lake,PA,705,3.935
5725,DUMMY TRUCK STOP #4725,"I-65, EXIT 190",Sherman,TX,896,3.102
5726,DUMMY TRUCK STOP #4726,"I-44, EXIT 133",George West,TX,106,3.049
5727,DUMMY TRUCK STOP #4727,"I-90, EXIT 310",Marshallville,OH,890,3.677
5728,DUMMY TRUCK STOP #4728,"I-25, EXIT 243",Langley,WA,304,4.484
5729,DUMMY TRUCK STOP #4729,"I-65, EXIT 306",North Fond du Lac,WI,560,3.188
5730,DUMMY TRUCK STOP #4730,"I-80, EXIT 132",Montpelier,ND,895,3.361
5731,DUMMY TRUCK STOP #4731,"I-65, EXIT 211",White Springs,FL,561,3.617
5732,DUMMY TRUCK STOP #4732,"I-10, EXIT 243",Ottumwa,IA,612,3.357
5733,DUMMY TRUCK STOP #4733,"I-65, EXIT 177",Ontario,CA,360,4.584
5734,DUMMY TRUCK STOP #4734,"I-35, EXIT 224",Allen,KY,178,3.337
5735,DUMMY TRUCK STOP #4735,"I-44, EXIT 270",Pleasanton,TX,365,2.843
5736,DUMMY TRUCK STOP #4736,"I-25, EXIT 93",Cresskill,NJ,588,3.664
5737,DUMMY TRUCK STOP #4737,"I-25, EXIT 234",Lake Villa,IL,846,3.845
5738,DUMMY TRUCK STOP #4738,"I-40, EXIT 93",Beaver Creek,TX,161,3.327
5739,DUMMY TRUCK STOP #4739,"I-25, EXIT 247",Bishop,GA,205,3.320
5740,DUMMY TRUCK STOP #4740,"I-20, EXIT 39",Los Cerrillos,NM,575,3.342
5741,DUMMY TRUCK STOP #4741,"I-85, EXIT 219",Abbeville,LA,721,3.376
5742,DUMMY TRUCK STOP #4742,"I-20, EXIT 252",Tekonsha,MI,209,3.471
5743,DUMMY TRUCK STOP #4743,"I-64, EXIT 81",Boardman,NC,731,3.395
5744,DUMMY TRUCK STOP #4744,"I-94, EXIT 191",Merrillan,WI,216,3.479
5745,DUMMY TRUCK STOP #4745,"I-75, EXIT 296",Darlington,SC,666,3.217
5746,DUMMY TRUCK STOP #4746,"I-44, EXIT 17",Selah,WA,483,4.783
5747,DUMMY TRUCK STOP #4747,"I-80, EXIT 297",Sulphur,OK,108,3.188
5748,DUMMY TRUCK STOP #4748,"I-40, EXIT 300",Mount Vernon,OH,283,3.775
5749,DUMMY TRUCK STOP #4749,"I-80, EXIT 292",Fairfield,CA,662,4.898
5750,DUMMY TRUCK STOP #4750,"I-5, EXIT 49",Ashland,KY,372,3.805
5751,DUMMY TRUCK STOP #4751,"I-85, EXIT 40",Altamont,PA,162,4.123
5752,DUMMY TRUCK STOP #4752,"I-80, EXIT 280",Fredericksburg,VA,125,3.716
5753,DUMMY TRUCK STOP #4753,"I-5, EXIT 111",Marysville,PA,182,4.183
5754,DUMMY TRUCK STOP #4754,"I-75, EXIT 100",Jonesville,IN,556,3.605
5755,DUMMY TRUCK STOP #4755,"I-65, EXIT 6",Camptonville,CA,133,4.789
5756,DUMMY TRUCK STOP #4756,"I-64, EXIT 299",Newburgh,IN,303,3.717
5757,DUMMY TRUCK STOP #4757,"I-81, EXIT 94",Lyndonville,VT,359,3.648
5758,DUMMY TRUCK STOP #4758,"I-55, EXIT 193",Amity,MO,691,3.380
5759,DUMMY TRUCK STOP #4759,"I-81, EXIT 82",Bristol,CT,676,4.114
5760,DUMMY TRUCK STOP #4760,"I-55, EXIT 228",Medill,MO,543,3.287
5761,DUMMY TRUCK STOP #4761,"I-5, EXIT 277",Galesburg,ND,327,3.897
5762,DUMMY TRUCK STOP #4762,"I-95, EXIT 17",Belcourt,ND,859,3.447
5763,DUMMY TRUCK STOP #4763,"I-55, EXIT 32",Big Bear Lake,CA,260,4.418
5764,DUMMY TRUCK STOP #4764,"I-70, EXIT 316",Lyndon,VT,846,3.849
5765,DUMMY TRUCK STOP #4765,"I-65, EXIT 56",Dwight Mission,OK,815,2.748
5766,DUMMY TRUCK STOP #4766,"I-44, EXIT 310",Railroad,PA,330,3.706
5767,DUMMY TRUCK STOP #4767,"I-85, EXIT 93",Wilmot,OH,653,3.895
5768,DUMMY TRUCK STOP #4768,"I-15, EXIT 82",Polk,PA,686,4.250
5769,DUMMY TRUCK STOP #4769,"I-70, EXIT 334",Marblemount,WA,148,4.582
5770,DUMMY TRUCK STOP #4770,"I-64, EXIT 289",Oakville,CT,539,4.220
5771,DUMMY TRUCK STOP #4771,"I-80, EXIT 232",Parrish,AL,504,3.616
5772,DUMMY TRUCK STOP #4772,"I-65, EXIT 88",Columbia,PA,564,4.174
5773,DUMMY TRUCK STOP #4773,"I-64, EXIT 183",Stonega,VA,310,3.699
5774,DUMMY TRUCK STOP #4774,"I-95, EXIT 251",Bernville,PA,371,3.877
5775,DUMMY TRUCK STOP #4775,"I-70, EXIT 12",Mount Olive,AL,563,3.120
5776,DUMMY TRUCK STOP #4776,"I-5, EXIT 259",Junction City,GA,659,3.173
5777,DUMMY TRUCK STOP #4777,"I-80, EXIT 254",Rushville,NE,472,3.046
5778,DUMMY TRUCK STOP #4778,"I-80, EXIT 12",Annapolis,MD,273,3.732
5779,DUMMY TRUCK STOP #4779,"I-20, EXIT 290",Ramapo College of New Jersey,NJ,275,3.875
5780,DUMMY TRUCK STOP #4780,"I-10, EXIT 85",Leisure Village East,NJ,290,3.857
5781,DUMMY TRUCK STOP #4781,"I-64, EXIT 122",Mission,SD,734,3.453
5782,DUMMY TRUCK STOP #4782,"I-10, EXIT 144",Herndon,PA,365,3.664
5783,DUMMY TRUCK STOP #4783,"I-95, EXIT 116",Brandon,IA,277,2.965
5784,DUMMY TRUCK STOP #4784,"I-35, EXIT 179",New England,GA,297,3.246
5785,DUMMY TRUCK STOP #4785,"I-35, EXIT 126",Bear Lake,MI,466,3.702
5786,DUMMY TRUCK STOP #4786,"I-15, EXIT 21",Bradenton,FL,257,3.611
5787,DUMMY TRUCK STOP #4787,"I-65, EXIT 177",Stonerstown,PA,160,4.193
5788,DUMMY TRUCK STOP #4788,"I-20, EXIT 317",Jefferson,SD,846,3.036
5789,DUMMY TRUCK STOP #4789,"I-65, EXIT 350",Holstein,IA,134,3.374
5790,DUMMY TRUCK STOP #4790,"I-44, EXIT 208",Mount Bethel,PA,694,4.212
5791,DUMMY TRUCK STOP #4791,"I-94, EXIT 146",Lake Pocotopaug,CT,811,3.871
5792,DUMMY TRUCK STOP #4792,"I-40, EXIT 320",Sans Souci,SC,298,3.294
5793,DUMMY TRUCK STOP #4793,"I-35, EXIT 151",Strawberry,AZ,352,3.854
5794,DUMMY TRUCK STOP #4794,"I-75, EXIT 84",McNary,LA,706,3.115
5795,DUMMY TRUCK STOP #4795,"I-94, EXIT 14",Nelson,WI,455,3.431
5796,DUMMY TRUCK STOP #4796,"I-95, EXIT 276",Oakland,MS,760,3.210
5797,DUMMY TRUCK STOP #4797,"I-55, EXIT 139",Little Cedar,IA,192,3.361
5798,DUMMY TRUCK STOP #4798,"I-35, EXIT 297",Roselle,NJ,158,3.943
5799,DUMMY TRUCK STOP #4799,"I-75, EXIT 161",Durham,CA,726,4.598
5800,DUMMY TRUCK STOP #4800,"I-25, EXIT 29",Decorah,IA,220,3.406
5801,DUMMY TRUCK STOP #4801,"I-75, EXIT 102",East Uniontown,PA,177,4.344
5802,DUMMY TRUCK STOP #4802,"I-85, EXIT 236",Shirley,NY,416,4.517
5803,DUMMY TRUCK STOP #4803,"I-15, EXIT 8",Coldwater,OH,493,3.576
5804,DUMMY TRUCK STOP #4804,"I-35, EXIT 305",Los Alamitos,CA,893,4.674
5805,DUMMY TRUCK STOP #4805,"I-95, EXIT 105",Riverton,NE,558,3.523
5806,DUMMY TRUCK STOP #4806,"I-65, EXIT 319",New Bloomfield,MO,200,3.009
5807,DUMMY TRUCK STOP #4807,"I-81, EXIT 39",Clinton,NJ,819,3.752
5808,DUMMY TRUCK STOP #4808,"I-44, EXIT 52",San Mar,MD,593,3.542
5809,DUMMY TRUCK STOP #4809,"I-25, EXIT 217",Bloomfield,CA,380,4.550
5810,DUMMY TRUCK STOP #4810,"I-85, EXIT 164",West Point,NE,254,3.557
5811,DUMMY TRUCK STOP #4811,"I-75, EXIT 129",Mountain Lodge Park,NY,492,4.044
5812,DUMMY TRUCK STOP #4812,"I-20, EXIT 73",Naylor,GA,818,3.163
5813,DUMMY TRUCK STOP #4813,"I-20, EXIT 230",Petersham,MA,884,3.847
5814,DUMMY TRUCK STOP #4814,"I-44, EXIT 14",Chauncey,GA,104,3.390
5815,DUMMY TRUCK STOP #4815,"I-94, EXIT 138",Williamsburg,IN,422,3.655
5816,DUMMY TRUCK STOP #4816,"I-25, EXIT 139",Jefferson,WI,162,3.404
5817,DUMMY TRUCK STOP #4817,"I-15, EXIT 182",Castle Pines,CO,807,3.652
5818,DUMMY TRUCK STOP #4818,"I-44, EXIT 170",Ridge,NY,463,4.412
5819,DUMMY TRUCK STOP #4819,"I-40, EXIT 72",Medicine Park,OK,202,3.230
5820,DUMMY TRUCK STOP #4820,"I-95, EXIT 328",Irwin,PA,207,4.055
5821,DUMMY TRUCK STOP #4821,"I-10, EXIT 265",Hustisford,WI,552,3.368
5822,DUMMY TRUCK STOP #4822,"I-85, EXIT 303",Boonville,IN,572,4.004
5823,DUMMY TRUCK STOP #4823,"I-25, EXIT 192",Port Carbon,PA,809,3.959
5824,DUMMY TRUCK STOP #4824,"I-55, EXIT 68",Bergenfield,NJ,257,3.743
5825,DUMMY TRUCK STOP #4825,"I-44, EXIT 131",Union Hill-Novelty Hill,WA,743,4.659
5826,DUMMY TRUCK STOP #4826,"I-65, EXIT 277",Midway,AR,212,3.211
5827,DUMMY TRUCK STOP #4827,"I-5, EXIT 155",Ohatchee,AL,890,3.053
5828,DUMMY TRUCK STOP #4828,"I-94, EXIT 248",New Castle,IN,604,3.592
5829,DUMMY TRUCK STOP #4829,"I-75, EXIT 295",Parkdale,AR,303,3.453
5830,DUMMY TRUCK STOP #4830,"I-40, EXIT 121",Fox Lake,MT,875,3.654
5831,DUMMY TRUCK STOP #4831,"I-94, EXIT 221",Cordaville,MA,462,3.716
5832,DUMMY TRUCK STOP #4832,"I-20, EXIT 184",Swede Heaven,WA,732,4.661
5833,DUMMY TRUCK STOP #4833,"I-81, EXIT 278",The Meadows,FL,781,3.601
5834,DUMMY TRUCK STOP #4834,"I-64, EXIT 222",New Meadows,ID,381,3.662
5835,DUMMY TRUCK STOP #4835,"I-90, EXIT 184",Carthage,AR,852,3.454
5836,DUMMY TRUCK STOP #4836,"I-90, EXIT 272",Delevan,NY,296,4.227
5837,DUMMY TRUCK STOP #4837,"I-65, EXIT 224",Tiptonville,TN,827,3.408
5838,DUMMY TRUCK STOP #4838,"I-85, EXIT 70",Ephrata,PA,514,3.853
5839,DUMMY TRUCK STOP #4839,"I-90, EXIT 137",Wamsutter,WY,507,3.458
5840,DUMMY TRUCK STOP #4840,"I-85, EXIT 65",Verona,OH,774,3.667
5841,DUMMY TRUCK STOP #4841,"I-64, EXIT 111",Warroad,MN,898,3.406
5842,DUMMY TRUCK STOP #4842,"I-65, EXIT 192",West Salem,IL,182,3.745
5843,DUMMY TRUCK STOP #4843,"I-94, EXIT 82",Tekoa,WA,276,4.490
5844,DUMMY TRUCK STOP #4844,"I-35, EXIT 180",Snyderville,UT,108,3.425
5845,DUMMY TRUCK STOP #4845,"I-70, EXIT 340",Sedan,MN,750,3.507
5846,DUMMY TRUCK STOP #4846,"I-75, EXIT 87",Hayti,PA,875,3.828
5847,DUMMY TRUCK STOP #4847,"I-35, EXIT 283",Melbourne,KY,521,3.563
5848,DUMMY TRUCK STOP #4848,"I-40, EXIT 302",Lawton,IA,878,3.248
5849,DUMMY TRUCK STOP #4849,"I-5, EXIT 47",McFarland,CA,273,4.749
5850,DUMMY TRUCK STOP #4850,"I-35, EXIT 126",Phelps,NY,380,4.263
5851,DUMMY TRUCK STOP #4851,"I-35, EXIT 305",Brethren,MI,111,3.900
5852,DUMMY TRUCK STOP #4852,"I-5, EXIT 311",Norwich,CT,819,4.222
5853,DUMMY TRUCK STOP #4853,"I-81, EXIT 21",Kingston,NV,237,3.949
5854,DUMMY TRUCK STOP #4854,"I-80, EXIT 205",McBride,OK,100,3.001
5855,DUMMY TRUCK STOP #4855,"I-65, EXIT 27",Anderson,CA,694,4.724
5856,DUMMY TRUCK STOP #4856,"I-70, EXIT 221",Parkline,ID,298,4.038
5857,DUMMY TRUCK STOP #4857,"I-64, EXIT 332",Walnut,IL,140,3.881
5858,DUMMY TRUCK STOP #4858,"I-5, EXIT 119",Wildwood,TN,729,3.488
5859,DUMMY TRUCK STOP #4859,"I-15, EXIT 295",Hopelawn,NJ,324,4.112
5860,DUMMY TRUCK STOP #4860,"I-44, EXIT 190",Paragould,AR,881,3.383
5861,DUMMY TRUCK STOP #4861,"I-25, EXIT 83",Erskine,MN,405,3.576
5862,DUMMY TRUCK STOP #4862,"I-81, EXIT 48",Granite Bay,CA,188,4.988
5863,DUMMY TRUCK STOP #4863,"I-5, EXIT 24",Warsaw,MO,529,3.321
5864,DUMMY TRUCK STOP #4864,"I-5, EXIT 271",Soldier,IA,247,3.310
5865,DUMMY TRUCK STOP #4865,"I-65, EXIT 205",Ward,SC,387,3.044
5866,DUMMY TRUCK STOP #4866,"I-75, EXIT 57",Beechwood Village,KY,801,3.513
5867,DUMMY TRUCK STOP #4867,"I-10, EXIT 243",Hallsville,TX,546,3.147
5868,DUMMY TRUCK STOP #4868,"I-25, EXIT 201",Point Reyes Station,CA,388,4.411
5869,DUMMY TRUCK STOP #4869,"I-70, EXIT 6",De Witt,NY,115,4.193
5870,DUMMY TRUCK STOP #4870,"I-95, EXIT 167",Osceola,MO,333,3.416
5871,DUMMY TRUCK STOP #4871,"I-80, EXIT 47",Hobson,AL,555,3.183
5872,DUMMY TRUCK STOP #4872,"I-80, EXIT 338",Milton,VT,250,3.628
5873,DUMMY TRUCK STOP #4873,"I-40, EXIT 102",Ingalls Park,IL,520,3.968
5874,DUMMY TRUCK STOP #4874,"I-20, EXIT 7",Council Grove,KS,758,3.040
5875,DUMMY TRUCK STOP #4875,"I-64, EXIT 48",Lockport,NY,545,4.380
5876,DUMMY TRUCK STOP #4876,"I-64, EXIT 71",Peever,SD,304,3.304
5877,DUMMY TRUCK STOP #4877,"I-55, EXIT 148",Plains,KS,219,3.211
5878,DUMMY TRUCK STOP #4878,"I-40, EXIT 236",Picture Rocks,PA,282,3.876
5879,DUMMY TRUCK STOP #4879,"I-75, EXIT 268",Belle Valley,OH,470,3.443
5880,DUMMY TRUCK STOP #4880,"I-85, EXIT 216",Metamora,IN,870,3.809
5881,DUMMY TRUCK STOP #4881,"I-40, EXIT 129",Troy,MO,718,3.549
5882,DUMMY TRUCK STOP #4882,"I-64, EXIT 93",Salisbury,MA,738,3.670
5883,DUMMY TRUCK STOP #4883,"I-80, EXIT 36",Fearrington Village,NC,584,3.778
5884,DUMMY TRUCK STOP #4884,"I-65, EXIT 175",Mullen,NE,202,3.297
5885,DUMMY TRUCK STOP #4885,"I-15, EXIT 254",Summit,SC,734,3.106
5886,DUMMY TRUCK STOP #4886,"I-95, EXIT 97",Bradley,SD,276,3.386
5887,DUMMY TRUCK STOP #4887,"I-35, EXIT 147",Forrest,IL,673,3.765
5888,DUMMY TRUCK STOP #4888,"I-44, EXIT 228",Moose Run,PA,415,4.159
5889,DUMMY TRUCK STOP #4889,"I-85, EXIT 87",Rancho Viejo,TX,324,3.135
5890,DUMMY TRUCK STOP #4890,"I-55, EXIT 177",Awendaw,SC,538,3.441
5891,DUMMY TRUCK STOP #4891,"I-90, EXIT 200",Hornsby,TN,686,3.362
5892,DUMMY TRUCK STOP #4892,"I-55, EXIT 230",Newtonville,IN,683,3.435
5893,DUMMY TRUCK STOP #4893,"I-70, EXIT 151",Tropical Park,FL,891,3.502
5894,DUMMY TRUCK STOP #4894,"I-94, EXIT 190",Georgiana,AL,863,3.274
5895,DUMMY TRUCK STOP #4895,"I-25, EXIT 215",Minneiska,MN,672,3.553
5896,DUMMY TRUCK STOP #4896,"I-95, EXIT 22",Kaibito,AZ,387,4.192
5897,DUMMY TRUCK STOP #4897,"I-90, EXIT 223",Fairwood,WA,851,4.408
5898,DUMMY TRUCK STOP #4898,"I-55, EXIT 33",San Pablo,NM,768,3.347
5899,DUMMY TRUCK STOP #4899,"I-65, EXIT 117",Aberdeen Proving Ground,MD,612,4.051
5900,DUMMY TRUCK STOP #4900,"I-65, EXIT 321",Ithaca,OH,420,3.734
5901,DUMMY TRUCK STOP #4901,"I-35, EXIT 47",Wyndham,VA,500,3.121
5902,DUMMY TRUCK STOP #4902,"I-55, EXIT 121",Kennedale,TX,428,3.199
5903,DUMMY TRUCK STOP #4903,"I-10, EXIT 298",Creedmoor,TX,899,3.196
5904,DUMMY TRUCK STOP #4904,"I-44, EXIT 245",Bessemer,AL,646,3.060
5905,DUMMY TRUCK STOP #4905,"I-10, EXIT 157",Bradford,RI,600,3.837
5906,DUMMY TRUCK STOP #4906,"I-80, EXIT 49",La Rosita,TX,400,3.276
5907,DUMMY TRUCK STOP #4907,"I-90, EXIT 135",Eagle Harbor,MI,382,3.737
5908,DUMMY TRUCK STOP #4908,"I-40, EXIT 235",Palmerton,PA,152,4.260
5909,DUMMY TRUCK STOP #4909,"I-94, EXIT 232",Martindale,TX,767,3.011
5910,DUMMY TRUCK STOP #4910,"I-70, EXIT 213",Wauzeka,WI,362,3.556
5911,DUMMY TRUCK STOP #4911,"I-25, EXIT 348",Craig,CO,497,3.828
5912,DUMMY TRUCK STOP #4912,"I-44, EXIT 207",Loves Park,IL,666,3.587
5913,DUMMY TRUCK STOP #4913,"I-15, EXIT 189",Bernalillo,NM,774,3.795
5914,DUMMY TRUCK STOP #4914,"I-64, EXIT 45",Independence,IN,631,3.573
5915,DUMMY TRUCK STOP #4915,"I-95, EXIT 18",Draper,VA,161,3.399
5916,DUMMY TRUCK STOP #4916,"I-25, EXIT 232",Louisville,NE,586,3.506
5917,DUMMY TRUCK STOP #4917,"I-20, EXIT 6",Clay,CA,895,4.847
5918,DUMMY TRUCK STOP #4918,"I-90, EXIT 158",North Sarasota,FL,442,3.450
5919,DUMMY TRUCK STOP #4919,"I-94, EXIT 198",East Berlin,PA,120,4.242
5920,DUMMY TRUCK STOP #4920,"I-64, EXIT 121",Rinard,IA,472,3.400
5921,DUMMY TRUCK STOP #4921,"I-10, EXIT 173",Soledad,CA,137,4.433
5922,DUMMY TRUCK STOP #4922,"I-44, EXIT 127",Mellwood,AR,554,3.446
5923,DUMMY TRUCK STOP #4923,"I-90, EXIT 126",Cordry Sweetwater Lakes,IN,316,3.730
5924,DUMMY TRUCK STOP #4924,"I-5, EXIT 203",Navesink,NJ,594,4.038
5925,DUMMY TRUCK STOP #4925,"I-5, EXIT 208",Pine Bend,MN,582,3.336
5926,DUMMY TRUCK STOP #4926,"I-20, EXIT 281",Beavertown,PA,238,3.840
5927,DUMMY TRUCK STOP #4927,"I-80, EXIT 244",Bingham Farms,MI,688,3.747
5928,DUMMY TRUCK STOP #4928,"I-55, EXIT 42",Gustine,TX,729,3.255
5929,DUMMY TRUCK STOP #4929,"I-90, EXIT 332",Smithfield,PA,619,4.264
5930,DUMMY TRUCK STOP #4930,"I-80, EXIT 169",Patterson Tract,CA,323,4.772
5931,DUMMY TRUCK STOP #4931,"I-10, EXIT 199",Virgil,NY,582,3.989
5932,DUMMY TRUCK STOP #4932,"I-40, EXIT 294",Thermal,CA,524,4.748
5933,DUMMY TRUCK STOP #4933,"I-35, EXIT 264",Milton,WI,810,3.527
5934,DUMMY TRUCK STOP #4934,"I-90, EXIT 247",Grant-Valkaria,FL,509,3.761
5935,DUMMY TRUCK STOP #4935,"I-65, EXIT 12",Lafayette,OH,786,4.043
5936,DUMMY TRUCK STOP #4936,"I-64, EXIT 293",Barnum,MN,241,3.552
5937,DUMMY TRUCK STOP #4937,"I-81, EXIT 31",Lakewood,CA,368,4.808
5938,DUMMY TRUCK STOP #4938,"I-94, EXIT 217",Bear Creek,WI,883,3.519
5939,DUMMY TRUCK STOP #4939,"I-75, EXIT 350",New City,NY,840,4.128
5940,DUMMY TRUCK STOP #4940,"I-81, EXIT 16",Ferron,UT,516,3.531
5941,DUMMY TRUCK STOP #4941,"I-10, EXIT 36",Arnold,MO,511,3.110
5942,DUMMY TRUCK STOP #4942,"I-35, EXIT 296",Calumet,OK,792,3.223
5943,DUMMY TRUCK STOP #4943,"I-40, EXIT 298",East Bronson,FL,695,3.525
5944,DUMMY TRUCK STOP #4944,"I-35, EXIT 261",Harrodsburg,IN,730,3.731
5945,DUMMY TRUCK STOP #4945,"I-94, EXIT 82",Crestline,KS,602,3.765
5946,DUMMY TRUCK STOP #4946,"I-20, EXIT 288",Clarence,IA,257,3.634
5947,DUMMY TRUCK STOP #4947,"I-40, EXIT 120",Ferguson,KY,574,3.311
5948,DUMMY TRUCK STOP #4948,"I-15, EXIT 235",Randolph,TN,855,3.378
5949,DUMMY TRUCK STOP #4949,"I-80, EXIT 158",Logan,UT,725,3.617
5950,DUMMY TRUCK STOP #4950,"I-55, EXIT 88",Beaver Falls,PA,514,4.040
5951,DUMMY TRUCK STOP #4951,"I-40, EXIT 303",New Philadelphia,PA,648,3.960
5952,DUMMY TRUCK STOP #4952,"I-44, EXIT 45",Williamstown,KY,790,3.395
5953,DUMMY TRUCK STOP #4953,"I-64, EXIT 328",Kingsley,KY,715,3.510
5954,DUMMY TRUCK STOP #4954,"I-5, EXIT 58",Malden,MO,389,2.751
5955,DUMMY TRUCK STOP #4955,"I-80, EXIT 231",Liscomb,IA,127,3.203
5956,DUMMY TRUCK STOP #4956,"I-75, EXIT 307",Ellettsville,IN,283,3.930
5957,DUMMY TRUCK STOP #4957,"I-94, EXIT 225",Lake Sherwood,CA,294,4.901
5958,DUMMY TRUCK STOP #4958,"I-5, EXIT 189",La Grange Park,IL,364,3.864
5959,DUMMY TRUCK STOP #4959,"I-55, EXIT 119",Mikes,TX,674,3.371
5960,DUMMY TRUCK STOP #4960,"I-90, EXIT 143",Groton,SD,774,3.395
5961,DUMMY TRUCK STOP #4961,"I-25, EXIT 348",Pine Ridge,SC,858,3.374
5962,DUMMY TRUCK STOP #4962,"I-15, EXIT 239",Aquadale,NC,842,3.130
5963,DUMMY TRUCK STOP #4963,"I-90, EXIT 3",Lincoln Park,CO,495,3.369
5964,DUMMY TRUCK STOP #4964,"I-75, EXIT 329",Blackshear,GA,377,3.305
5965,DUMMY TRUCK STOP #4965,"I-65, EXIT 331",Fort Collins,CO,640,3.410
5966,DUMMY TRUCK STOP #4966,"I-95, EXIT 27",Leary,GA,205,3.118
5967,DUMMY TRUCK STOP #4967,"I-95, EXIT 337",La Porte,TX,245,2.895
5968,DUMMY TRUCK STOP #4968,"I-90, EXIT 48",Wheaton,MO,436,3.441
5969,DUMMY TRUCK STOP #4969,"I-10, EXIT 59",Drakesboro,KY,587,3.876
5970,DUMMY TRUCK STOP #4970,"I-10, EXIT 307",Kinney,MN,259,3.504
5971,DUMMY TRUCK STOP #4971,"I-81, EXIT 25",South Wilton,CT,308,3.971
5972,DUMMY TRUCK STOP #4972,"I-5, EXIT 263",Las Vegas,NM,744,3.529
5973,DUMMY TRUCK STOP #4973,"I-15, EXIT 233",Pecktonville,MD,263,3.389
5974,DUMMY TRUCK STOP #4974,"I-75, EXIT 77",Port Royal,SC,641,3.247
5975,DUMMY TRUCK STOP #4975,"I-94, EXIT 90",Milan,IL,766,4.020
5976,DUMMY TRUCK STOP #4976,"I-64, EXIT 154",Norton,VA,639,3.925
5977,DUMMY TRUCK STOP #4977,"I-5, EXIT 235",Walton,KS,250,3.049
5978,DUMMY TRUCK STOP #4978,"I-90, EXIT 260",Taos,MO,775,3.587
5979,DUMMY TRUCK STOP #4979,"I-95, EXIT 95",Ely,IA,756,3.206
5980,DUMMY TRUCK STOP #4980,"I-81, EXIT 324",Portland,CT,382,4.022
5981,DUMMY TRUCK STOP #4981,"I-5, EXIT 217",San Jose,CA,706,4.909
5982,DUMMY TRUCK STOP #4982,"I-20, EXIT 308",Climax,GA,494,3.449
5983,DUMMY TRUCK STOP #4983,"I-85, EXIT 208",Barton Creek,TX,501,3.220
5984,DUMMY TRUCK STOP #4984,"I-25, EXIT 8",Brogan,OR,670,4.114
5985,DUMMY TRUCK STOP #4985,"I-5, EXIT 123",Pratt,KS,739,3.344
5986,DUMMY TRUCK STOP #4986,"I-20, EXIT 234",Caln,PA,158,4.070
5987,DUMMY TRUCK STOP #4987,"I-80, EXIT 100",Waldport,OR,788,3.986
5988,DUMMY TRUCK STOP #4988,"I-55, EXIT 144",Selma,NC,375,3.205
5989,DUMMY TRUCK STOP #4989,"I-75, EXIT 323",Hazen,AR,766,3.314
5990,DUMMY TRUCK STOP #4990,"I-35, EXIT 329",Carlsborg,WA,359,4.768
5991,DUMMY TRUCK STOP #4991,"I-85, EXIT 4",Belcher,LA,183,3.140
5992,DUMMY TRUCK STOP #4992,"I-35, EXIT 6",Grand Mound,WA,853,4.639
5993,DUMMY TRUCK STOP #4993,"I-25, EXIT 153",Garciasville,TX,266,3.143
5994,DUMMY TRUCK STOP #4994,"I-70, EXIT 111",Dunmore,PA,517,3.722
5995,DUMMY TRUCK STOP #4995,"I-25, EXIT 115",Reddington,IN,569,3.554
5996,DUMMY TRUCK STOP #4996,"I-70, EXIT 128",Lisbon,MD,109,3.464
5997,DUMMY TRUCK STOP #4997,"I-95, EXIT 232",Browns Valley,MN,514,3.662
5998,DUMMY TRUCK STOP #4998,"I-10, EXIT 128",Fort Lee,NJ,724,4.210
5999,DUMMY TRUCK STOP #4999,"I-5, EXIT 68",Success,AR,872,3.032
6000,DUMMY TRUCK STOP #5000,"I-64, EXIT 125",Piedmont,OK,484,3.363
6001,DUMMY TRUCK STOP #5001,"I-64, EXIT 22",Lewis,KS,460,3.106
6002,DUMMY TRUCK STOP #5002,"I-70, EXIT 114",Carroll,IA,815,3.666
6003,DUMMY TRUCK STOP #5003,"I-15, EXIT 273",Wilmington Island,GA,550,3.362
6004,DUMMY TRUCK STOP #5004,"I-70, EXIT 143",Vernon,AZ,795,3.712
6005,DUMMY TRUCK STOP #5005,"I-75, EXIT 140",Norton,WV,622,3.734
6006,DUMMY TRUCK STOP #5006,"I-94, EXIT 76",Loma Linda,MO,221,3.214
6007,DUMMY TRUCK STOP #5007,"I-81, EXIT 256",Floral Park,NY,354,3.979
6008,DUMMY TRUCK STOP #5008,"I-90, EXIT 190",Snydertown,PA,383,4.279
6009,DUMMY TRUCK STOP #5009,"I-25, EXIT 102",Central Bridge,NY,230,4.319
6010,DUMMY TRUCK STOP #5010,"I-44, EXIT 220",San Pierre,IN,139,3.682
6011,DUMMY TRUCK STOP #5011,"I-90, EXIT 209",Susanville,CA,390,4.510
6012,DUMMY TRUCK STOP #5012,"I-95, EXIT 38",Las Pilas,TX,232,3.372
6013,DUMMY TRUCK STOP #5013,"I-85, EXIT 342",Valley Head,WV,278,3.492
6014,DUMMY TRUCK STOP #5014,"I-25, EXIT 26",Elkview,WV,362,3.711
6015,DUMMY TRUCK STOP #5015,"I-35, EXIT 85",Eva,TN,520,3.386
6016,DUMMY TRUCK STOP #5016,"I-95, EXIT 318",Manila,UT,231,3.802
6017,DUMMY TRUCK STOP #5017,"I-15, EXIT 233",Wallingford Center,CT,682,4.287
6018,DUMMY TRUCK STOP #5018,"I-95, EXIT 209",New Union,AL,281,3.313
6019,DUMMY TRUCK STOP #5019,"I-95, EXIT 308",Crestline,CA,773,4.812
6020,DUMMY TRUCK STOP #5020,"I-25, EXIT 302",Irene,SD,854,3.554
6021,DUMMY TRUCK STOP #5021,"I-94, EXIT 127",Unity,IL,320,3.447
6022,DUMMY TRUCK STOP #5022,"I-65, EXIT 284",Buffalo Springs Lake,TX,852,2.883
6023,DUMMY TRUCK STOP #5023,"I-94, EXIT 264",Hamilton,IL,575,3.322
6024,DUMMY TRUCK STOP #5024,"I-85, EXIT 231",Orem,UT,725,3.668
6025,DUMMY TRUCK STOP #5025,"I-80, EXIT 7",Bergland,MI,408,3.854
6026,DUMMY TRUCK STOP #5026,"I-20, EXIT 127",Butteville,OR,360,4.570
6027,DUMMY TRUCK STOP #5027,"I-55, EXIT 312",Edison,OH,352,3.644
6028,DUMMY TRUCK STOP #5028,"I-20, EXIT 168",Newport,OH,304,3.691
6029,DUMMY TRUCK STOP #5029,"I-15, EXIT 80",Pacheco,CA,229,4.512
6030,DUMMY TRUCK STOP #5030,"I-75, EXIT 6",Westford,NY,130,3.970
6031,DUMMY TRUCK STOP #5031,"I-64, EXIT 26",Bethania,NC,768,3.517
6032,DUMMY TRUCK STOP #5032,"I-81, EXIT 205",Blockton,IA,250,3.352
6033,DUMMY TRUCK STOP #5033,"I-15, EXIT 157",Lancaster,CA,858,4.905
6034,DUMMY TRUCK STOP #5034,"I-44, EXIT 18",East Verde Estates,AZ,391,3.606
6035,DUMMY TRUCK STOP #5035,"I-40, EXIT 154",East Richmond Heights,CA,221,4.723
6036,DUMMY TRUCK STOP #5036,"I-5, EXIT 105",Green Oaks,IL,628,3.570
6037,DUMMY TRUCK STOP #5037,"I-25, EXIT 326",Norwood,OH,656,3.779
6038,DUMMY TRUCK STOP #5038,"I-85, EXIT 68",Evergreen,MO,133,3.005
6039,DUMMY TRUCK STOP #5039,"I-65, EXIT 344",Cleveland,FL,492,3.312
6040,DUMMY TRUCK STOP #5040,"I-64, EXIT 82",Sereno del Mar,CA,860,4.628
6041,DUMMY TRUCK STOP #5041,"I-25, EXIT 152",Fort Polk South,LA,111,3.345
6042,DUMMY TRUCK STOP #5042,"I-65, EXIT 318",Springville,UT,826,3.184
6043,DUMMY TRUCK STOP #5043,"I-35, EXIT 120",Little Rock,AR,444,3.214
6044,DUMMY TRUCK STOP #5044,"I-44, EXIT 16",St. Mary,MO,683,3.151
6045,DUMMY TRUCK STOP #5045,"I-80, EXIT 312",West Memphis,AR,204,3.769
6046,DUMMY TRUCK STOP #5046,"I-55, EXIT 287",Peachtree Corners,GA,735,3.115
6047,DUMMY TRUCK STOP #5047,"I-95, EXIT 280",Cool,TX,134,2.825
6048,DUMMY TRUCK STOP #5048,"I-70, EXIT 206",Vardaman,MS,646,3.434
6049,DUMMY TRUCK STOP #5049,"I-85, EXIT 338",Klingerstown,PA,473,4.061
6050,DUMMY TRUCK STOP #5050,"I-44, EXIT 322",Benson,MN,102,3.512
6051,DUMMY TRUCK STOP #5051,"I-20, EXIT 270",Cotulla,TX,540,2.975
6052,DUMMY TRUCK STOP #5052,"I-95, EXIT 171",Sunizona,AZ,591,3.909
6053,DUMMY TRUCK STOP #5053,"I-64, EXIT 4",Forney,TX,417,3.325
6054,DUMMY TRUCK STOP #5054,"I-44, EXIT 158",Warr Acres,OK,602,3.401
6055,DUMMY TRUCK STOP #5055,"I-65, EXIT 116",Jonestown,MS,174,3.186
6056,DUMMY TRUCK STOP #5056,"I-40, EXIT 247",Vidalia,GA,776,3.633
6057,DUMMY TRUCK STOP #5057,"I-20, EXIT 7",Hebron,MD,153,3.342
6058,DUMMY TRUCK STOP #5058,"I-85, EXIT 251",Pulaski,IL,607,3.562
6059,DUMMY TRUCK STOP #5059,"I-85, EXIT 180",Cabery,IL,163,3.836
6060,DUMMY TRUCK STOP #5060,"I-44, EXIT 215",Monroe,IA,188,3.454
6061,DUMMY TRUCK STOP #5061,"I-35, EXIT 24",Ringsted,IA,250,3.364
6062,DUMMY TRUCK STOP #5062,"I-65, EXIT 319",Grain Valley,MO,862,2.895
6063,DUMMY TRUCK STOP #5063,"I-15, EXIT 303",Southgate,FL,303,3.625
6064,DUMMY TRUCK STOP #5064,"I-90, EXIT 248",Bradley,AR,298,3.042
6065,DUMMY TRUCK STOP #5065,"I-64, EXIT 95",La Pryor,TX,400,3.163
6066,DUMMY TRUCK STOP #5066,"I-64, EXIT 141",Tolna,ND,559,3.550
6067,DUMMY TRUCK STOP #5067,"I-55, EXIT 253",Parshall,ND,541,3.444
6068,DUMMY TRUCK STOP #5068,"I-5, EXIT 228",Oakville,IN,867,3.990
6069,DUMMY TRUCK STOP #5069,"I-25, EXIT 116",Massanetta Springs,VA,422,3.730
6070,DUMMY TRUCK STOP #5070,"I-15, EXIT 3",Markham,WA,808,4.402
6071,DUMMY TRUCK STOP #5071,"I-15, EXIT 312",Venice,NE,173,3.447
6072,DUMMY TRUCK STOP #5072,"I-85, EXIT 323",Odin,MN,134,3.341
6073,DUMMY TRUCK STOP #5073,"I-70, EXIT 46",Chestertown,NY,594,4.422
6074,DUMMY TRUCK STOP #5074,"I-44, EXIT 337",Midland,TX,270,3.111
6075,DUMMY TRUCK STOP #5075,"I-15, EXIT 138",Corcoran,CA,460,4.908
6076,DUMMY TRUCK STOP #5076,"I-75, EXIT 99",Redding,CA,361,4.568
6077,DUMMY TRUCK STOP #5077,"I-94, EXIT 182",Ricketts,IA,621,3.671
6078,DUMMY TRUCK STOP #5078,"I-5, EXIT 177",Madison Heights,MI,454,3.776
6079,DUMMY TRUCK STOP #5079,"I-20, EXIT 165",Dalhart,TX,562,3.080
6080,DUMMY TRUCK STOP #5080,"I-55, EXIT 139",Smyer,TX,835,3.130
6081,DUMMY TRUCK STOP #5081,"I-70, EXIT 128",Woodcreek,TX,716,3.206
6082,DUMMY TRUCK STOP #5082,"I-20, EXIT 204",Morral,OH,148,3.529
6083,DUMMY TRUCK STOP #5083,"I-5, EXIT 26",Lewisburg,TN,391,3.098
6084,DUMMY TRUCK STOP #5084,"I-5, EXIT 301",Strathmore,NJ,351,3.584
6085,DUMMY TRUCK STOP #5085,"I-64, EXIT 164",Rossville,IN,419,4.002
6086,DUMMY TRUCK STOP #5086,"I-20, EXIT 277",Fairborn,OH,382,3.497
6087,DUMMY TRUCK STOP #5087,"I-44, EXIT 310",Smyrna,TN,828,3.878
6088,DUMMY TRUCK STOP #5088,"I-94, EXIT 77",Lyford,TX,282,3.094
6089,DUMMY TRUCK STOP #5089,"I-40, EXIT 302",Goodlettsville,TN,491,3.495
6090,DUMMY TRUCK STOP #5090,"I-75, EXIT 83",Bylas,AZ,885,3.960
6091,DUMMY TRUCK STOP #5091,"I-44, EXIT 264",Stockdale,TX,480,3.421
6092,DUMMY TRUCK STOP #5092,"I-94, EXIT 284",Lennox,SD,508,3.292
6093,DUMMY TRUCK STOP #5093,"I-5, EXIT 338",St. Albans,VT,555,3.542
6094,DUMMY TRUCK STOP #5094,"I-94, EXIT 277",Queen Anne,MD,112,3.467
6095,DUMMY TRUCK STOP #5095,"I-65, EXIT 47",Springhill,MT,491,3.692
6096,DUMMY TRUCK STOP #5096,"I-64, EXIT 224",Whites City,NM,826,3.579
6097,DUMMY TRUCK STOP #5097,"I-44, EXIT 176",La Bolt,SD,838,3.108
6098,DUMMY TRUCK STOP #5098,"I-80, EXIT 68",Brule,NE,304,3.137
6099,DUMMY TRUCK STOP #5099,"I-81, EXIT 154",Lisbon,ME,369,3.710
6100,DUMMY TRUCK STOP #5100,"I-5, EXIT 258",Jamaica Beach,TX,619,3.190
6101,DUMMY TRUCK STOP #5101,"I-80, EXIT 250",Mina,NV,143,4.297
6102,DUMMY TRUCK STOP #5102,"I-90, EXIT 310",Rollingwood,TX,671,2.971
6103,DUMMY TRUCK STOP #5103,"I-35, EXIT 22",Rockwood,MI,795,3.229
6104,DUMMY TRUCK STOP #5104,"I-20, EXIT 307",Kirkville,IA,816,3.401
6105,DUMMY TRUCK STOP #5105,"I-64, EXIT 114",Rathdrum,ID,180,3.532
6106,DUMMY TRUCK STOP #5106,"I-15, EXIT 103",Oracle,AZ,797,3.701
6107,DUMMY TRUCK STOP #5107,"I-75, EXIT 194",Louisville/Jefferson County metro government,KY,202,3.512
6108,DUMMY TRUCK STOP #5108,"I-20, EXIT 172",Macclesfield,NC,650,3.371
6109,DUMMY TRUCK STOP #5109,"I-10, EXIT 176",Montesano,WA,266,4.424
6110,DUMMY TRUCK STOP #5110,"I-75, EXIT 124",Stotonic Village,AZ,290,4.012
6111,DUMMY TRUCK STOP #5111,"I-75, EXIT 17",Emery,SD,402,3.352
6112,DUMMY TRUCK STOP #5112,"I-81, EXIT 345",St. Anthony,IA,262,3.277
6113,DUMMY TRUCK STOP #5113,"I-85, EXIT 348",Caspar,CA,107,4.844
6114,DUMMY TRUCK STOP #5114,"I-85, EXIT 245",Four Corners,MT,379,3.724
6115,DUMMY TRUCK STOP #5115,"I-85, EXIT 30",Arroyo Hondo,NM,644,3.355
6116,DUMMY TRUCK STOP #5116,"I-25, EXIT 328",New Market,MD,301,3.710
6117,DUMMY TRUCK STOP #5117,"I-64, EXIT 200",Kershaw,SC,863,3.563
6118,DUMMY TRUCK STOP #5118,"I-15, EXIT 317",Wynantskill,NY,686,4.294
6119,DUMMY TRUCK STOP #5119,"I-55, EXIT 216",Dublin,IN,597,3.679
6120,DUMMY TRUCK STOP #5120,"I-75, EXIT 209",Dunwoody,GA,235,3.464
6121,DUMMY TRUCK STOP #5121,"I-65, EXIT 296",Woodcrest,CA,484,4.829
6122,DUMMY TRUCK STOP #5122,"I-5, EXIT 187",Prairieton,IN,337,3.669
6123,DUMMY TRUCK STOP #5123,"I-75, EXIT 38",West Jefferson,OH,857,3.797
6124,DUMMY TRUCK STOP #5124,"I-94, EXIT 155",Logansport,IN,116,3.735
6125,DUMMY TRUCK STOP #5125,"I-94, EXIT 230",George,IA,106,3.492
6126,DUMMY TRUCK STOP #5126,"I-40, EXIT 199",Gamerco,NM,629,3.601
6127,DUMMY TRUCK STOP #5127,"I-10, EXIT 202",Fairlea,WV,342,3.469
6128,DUMMY TRUCK STOP #5128,"I-10, EXIT 203",Hales Corners,WI,505,3.544
6129,DUMMY TRUCK STOP #5129,"I-70, EXIT 23",Garland,WY,232,3.474
6130,DUMMY TRUCK STOP #5130,"I-90, EXIT 329",Elliott,SC,189,3.638
6131,DUMMY TRUCK STOP #5131,"I-5, EXIT 320",South Holland,IL,658,3.685
6132,DUMMY TRUCK STOP #5132,"I-95, EXIT 62",Brooklyn,WI,111,3.298
6133,DUMMY TRUCK STOP #5133,"I-95, EXIT 61",Lone Oak,TN,268,3.452
6134,DUMMY TRUCK STOP #5134,"I-10, EXIT 122",San Diego,TX,754,2.965
6135,DUMMY TRUCK STOP #5135,"I-5, EXIT 312",Prichard,WV,368,3.769
6136,DUMMY TRUCK STOP #5136,"I-65, EXIT 81",White Plains,GA,805,3.381
6137,DUMMY TRUCK STOP #5137,"I-70, EXIT 292",East Hope,ID,578,3.833
6138,DUMMY TRUCK STOP #5138,"I-70, EXIT 119",Hammond,IN,214,4.159
6139,DUMMY TRUCK STOP #5139,"I-75, EXIT 22",Germanton,NC,150,3.150
6140,DUMMY TRUCK STOP #5140,"I-94, EXIT 221",Kenvir,KY,144,3.299
6141,DUMMY TRUCK STOP #5141,"I-70, EXIT 253",Palmyra,PA,402,4.365
6142,DUMMY TRUCK STOP #5142,"I-65, EXIT 132",Winston,OR,379,4.549
6143,DUMMY TRUCK STOP #5143,"I-25, EXIT 23",Port Deposit,MD,426,3.839
6144,DUMMY TRUCK STOP #5144,"I-64, EXIT 286",Fallston,NC,719,3.422
6145,DUMMY TRUCK STOP #5145,"I-65, EXIT 116",San Luis,AZ,626,3.821
6146,DUMMY TRUCK STOP #5146,"I-15, EXIT 64",Brickerville,PA,670,4.195
6147,DUMMY TRUCK STOP #5147,"I-94, EXIT 305",Beallsville,PA,498,4.280
6148,DUMMY TRUCK STOP #5148,"I-70, EXIT 323",Ellerslie,MD,458,3.624
6149,DUMMY TRUCK STOP #5149,"I-64, EXIT 170",Newark,NY,507,4.006
6150,DUMMY TRUCK STOP #5150,"I-75, EXIT 81",Beecher Falls,VT,271,3.573
6151,DUMMY TRUCK STOP #5151,"I-25, EXIT 64",North Key Largo,FL,605,3.276
6152,DUMMY TRUCK STOP #5152,"I-85, EXIT 27",Leeds,NY,422,3.993
6153,DUMMY TRUCK STOP #5153,"I-44, EXIT 210",Mount Sidney,VA,205,3.495
6154,DUMMY TRUCK STOP #5154,"I-80, EXIT 72",McCool Junction,NE,417,3.183
6155,DUMMY TRUCK STOP #5155,"I-5, EXIT 152",Rancho Banquete,TX,559,3.107
6156,DUMMY TRUCK STOP #5156,"I-25, EXIT 216",Wichita,KS,515,3.238
6157,DUMMY TRUCK STOP #5157,"I-15, EXIT 188",Cottonwood,ID,616,3.819
6158,DUMMY TRUCK STOP #5158,"I-70, EXIT 14",Humphrey,NE,172,3.362
6159,DUMMY TRUCK STOP #5159,"I-5, EXIT 35",Evansville,AR,551,3.165
6160,DUMMY TRUCK STOP #5160,"I-44, EXIT 348",San Gabriel,CA,843,4.835
6161,DUMMY TRUCK STOP #5161,"I-85, EXIT 49",Boyceville,WI,423,3.398
6162,DUMMY TRUCK STOP #5162,"I-80, EXIT 28",Deputy,IN,455,3.691
6163,DUMMY TRUCK STOP #5163,"I-70, EXIT 67",Richfield,NC,283,3.219
6164,DUMMY TRUCK STOP #5164,"I-55, EXIT 155",Sidell,IL,176,3.761
6165,DUMMY TRUCK STOP #5165,"I-64, EXIT 227",Catalina Foothills,AZ,680,3.911
6166,DUMMY TRUCK STOP #5166,"I-55, EXIT 29",Kings Park West,VA,826,3.783
6167,DUMMY TRUCK STOP #5167,"I-70, EXIT 110",Rimini,MT,199,3.500
6168,DUMMY TRUCK STOP #5168,"I-65, EXIT 240",Goldthwaite,TX,697,3.249
6169,DUMMY TRUCK STOP #5169,"I-20, EXIT 294",Ozona,TX,852,3.422
6170,DUMMY TRUCK STOP #5170,"I-15, EXIT 330",Barrera,TX,637,3.247
6171,DUMMY TRUCK STOP #5171,"I-80, EXIT 154",Joy,IL,835,3.656
6172,DUMMY TRUCK STOP #5172,"I-75, EXIT 298",Doctor Phillips,FL,319,3.332
6173,DUMMY TRUCK STOP #5173,"I-20, EXIT 284",Vienna,LA,340,3.089
6174,DUMMY TRUCK STOP #5174,"I-40, EXIT 166",Ludlow,VT,830,3.676
6175,DUMMY TRUCK STOP #5175,"I-94, EXIT 236",Inkom,ID,505,3.590
6176,DUMMY TRUCK STOP #5176,"I-94, EXIT 4",Sparta,TN,483,3.212
6177,DUMMY TRUCK STOP #5177,"I-35, EXIT 125",Wadsworth,TX,863,3.128
6178,DUMMY TRUCK STOP #5178,"I-85, EXIT 243",Chinese Camp,CA,848,4.697
6179,DUMMY TRUCK STOP #5179,"I-5, EXIT 329",South Cle Elum,WA,202,4.570
6180,DUMMY TRUCK STOP #5180,"I-95, EXIT 96",Scottsmoor,FL,267,3.575
6181,DUMMY TRUCK STOP #5181,"I-85, EXIT 124",Bonnetsville,NC,322,3.618
6182,DUMMY TRUCK STOP #5182,"I-40, EXIT 74",Bovina,TX,806,3.177
6183,DUMMY TRUCK STOP #5183,"I-40, EXIT 350",Neptune Beach,FL,236,3.425
6184,DUMMY TRUCK STOP #5184,"I-40, EXIT 290",Marengo,WI,514,3.182
6185,DUMMY TRUCK STOP #5185,"I-94, EXIT 69",Ordway,CO,429,3.538
6186,DUMMY TRUCK STOP #5186,"I-44, EXIT 84",Three Bridges,NJ,504,3.900
6187,DUMMY TRUCK STOP #5187,"I-81, EXIT 193",Granby,MA,732,3.951
6188,DUMMY TRUCK STOP #5188,"I-95, EXIT 335",Jones Valley,CA,291,4.597
6189,DUMMY TRUCK STOP #5189,"I-44, EXIT 319",Cambria,MI,826,3.690
6190,DUMMY TRUCK STOP #5190,"I-35, EXIT 115",Cairnbrook,PA,838,4.243
6191,DUMMY TRUCK STOP #5191,"I-25, EXIT 24",Low Moor,VA,239,3.390
6192,DUMMY TRUCK STOP #5192,"I-44, EXIT 94",Laredo Ranchettes,TX,122,3.114
6193,DUMMY TRUCK STOP #5193,"I-5, EXIT 34",Bent Creek,NC,533,3.328
6194,DUMMY TRUCK STOP #5194,"I-40, EXIT 117",Alamosa East,CO,879,3.488
6195,DUMMY TRUCK STOP #5195,"I-64, EXIT 71",New Llano,LA,317,3.315
6196,DUMMY TRUCK STOP #5196,"I-64, EXIT 254",Sebastian,TX,775,2.943
6197,DUMMY TRUCK STOP #5197,"I-25, EXIT 312",Reidland,KY,109,3.667
6198,DUMMY TRUCK STOP #5198,"I-85, EXIT 170",June Park,FL,428,3.603
6199,DUMMY TRUCK STOP #5199,"I-55, EXIT 176",Peacham,VT,229,3.704
6200,DUMMY TRUCK STOP #5200,"I-75, EXIT 30",Maryhill,WA,553,4.328
6201,DUMMY TRUCK STOP #5201,"I-15, EXIT 104",Blanchard,MO,664,3.096
6202,DUMMY TRUCK STOP #5202,"I-44, EXIT 64",Clifton,TN,130,3.509
6203,DUMMY TRUCK STOP #5203,"I-64, EXIT 126",Ludlow Falls,OH,318,4.040
6204,DUMMY TRUCK STOP #5204,"I-25, EXIT 95",Du Bois,NE,892,3.358
6205,DUMMY TRUCK STOP #5205,"I-25, EXIT 66",Reminderville,OH,604,3.730
6206,DUMMY TRUCK STOP #5206,"I-81, EXIT 240",Hopkinsville,KY,578,2.885
6207,DUMMY TRUCK STOP #5207,"I-80, EXIT 260",Yatesville,GA,816,3.434
6208,DUMMY TRUCK STOP #5208,"I-10, EXIT 204",Queen City,TX,511,3.568
6209,DUMMY TRUCK STOP #5209,"I-5, EXIT 227",Kerhonkson,NY,103,4.412
6210,DUMMY TRUCK STOP #5210,"I-40, EXIT 286",Peoria,OR,470,4.074
6211,DUMMY TRUCK STOP #5211,"I-10, EXIT 172",Hope,ND,729,3.666
6212,DUMMY TRUCK STOP #5212,"I-65, EXIT 87",Stratford,SD,738,3.457
6213,DUMMY TRUCK STOP #5213,"I-64, EXIT 44",Monrovia,MD,845,3.447
6214,DUMMY TRUCK STOP #5214,"I-10, EXIT 328",Walshville,IL,584,3.797
6215,DUMMY TRUCK STOP #5215,"I-10, EXIT 68",Dill City,OK,607,3.189
6216,DUMMY TRUCK STOP #5216,"I-55, EXIT 10",Columbus,NC,791,3.304
6217,DUMMY TRUCK STOP #5217,"I-70, EXIT 260",Chubbuck,ID,271,3.585
6218,DUMMY TRUCK STOP #5218,"I-80, EXIT 233",Gibraltar,MI,530,3.546
6219,DUMMY TRUCK STOP #5219,"I-5, EXIT 221",Valle Verde,TX,263,3.301
6220,DUMMY TRUCK STOP #5220,"I-5, EXIT 21",Nazareth,PA,350,4.228
6221,DUMMY TRUCK STOP #5221,"I-90, EXIT 340",Falls City,OR,465,4.168
6222,DUMMY TRUCK STOP #5222,"I-75, EXIT 135",Gas,KS,521,3.137
6223,DUMMY TRUCK STOP #5223,"I-81, EXIT 137",Spring Branch,TX,422,3.131
6224,DUMMY TRUCK STOP #5224,"I-85, EXIT 331",Kendrick,ID,700,3.555
6225,DUMMY TRUCK STOP #5225,"I-40, EXIT 301",Madera,PA,815,4.106
6226,DUMMY TRUCK STOP #5226,"I-95, EXIT 348",Boykin,AL,596,3.512
6227,DUMMY TRUCK STOP #5227,"I-55, EXIT 307",Birdsboro,PA,179,4.047
6228,DUMMY TRUCK STOP #5228,"I-55, EXIT 307",Port Washington,NY,823,3.806
6229,DUMMY TRUCK STOP #5229,"I-65, EXIT 161",Village of Clarkston,MI,114,3.652
6230,DUMMY TRUCK STOP #5230,"I-64, EXIT 306",Ridge Spring,SC,819,3.298
6231,DUMMY TRUCK STOP #5231,"I-80, EXIT 224",Nazareth College,NY,403,4.188
6232,DUMMY TRUCK STOP #5232,"I-40, EXIT 66",Wilder,VT,234,3.483
6233,DUMMY TRUCK STOP #5233,"I-55, EXIT 196",Alma,IL,203,3.786
6234,DUMMY TRUCK STOP #5234,"I-25, EXIT 52",Prices Fork,VA,260,3.060
6235,DUMMY TRUCK STOP #5235,"I-94, EXIT 334",La Grange,KY,176,3.403
6236,DUMMY TRUCK STOP #5236,"I-20, EXIT 169",Elliott,ND,730,3.266
6237,DUMMY TRUCK STOP #5237,"I-44, EXIT 129",Tamaroa,IL,116,3.700
6238,DUMMY TRUCK STOP #5238,"I-5, EXIT 38",McGuffey,OH,286,4.106
6239,DUMMY TRUCK STOP #5239,"I-35, EXIT 71",Medina,NY,297,4.073
6240,DUMMY TRUCK STOP #5240,"I-95, EXIT 272",Crisman,CO,820,3.373
6241,DUMMY TRUCK STOP #5241,"I-64, EXIT 89",Roca,NE,752,3.717
6242,DUMMY TRUCK STOP #5242,"I-35, EXIT 175",Micanopy,FL,507,3.284
6243,DUMMY TRUCK STOP #5243,"I-85, EXIT 33",Ingram,WI,625,3.385
6244,DUMMY TRUCK STOP #5244,"I-90, EXIT 270",Saxonburg,PA,244,3.759
6245,DUMMY TRUCK STOP #5245,"I-81, EXIT 270",McClenney Tract,CA,758,4.829
6246,DUMMY TRUCK STOP #5246,"I-94, EXIT 333",Stoughton,WI,594,3.399
6247,DUMMY TRUCK STOP #5247,"I-64, EXIT 35",Arbutus,MD,497,3.846
6248,DUMMY TRUCK STOP #5248,"I-90, EXIT 26",Marion,KY,493,3.544
6249,DUMMY TRUCK STOP #5249,"I-40, EXIT 131",Patterson,GA,689,3.178
6250,DUMMY TRUCK STOP #5250,"I-70, EXIT 206",Jeffersonville,OH,413,3.196
6251,DUMMY TRUCK STOP #5251,"I-94, EXIT 139",Rodeo,CA,500,4.258
6252,DUMMY TRUCK STOP #5252,"I-5, EXIT 348",Crenshaw,PA,432,4.152
6253,DUMMY TRUCK STOP #5253,"I-55, EXIT 291",Homestead,OK,893,2.877
6254,DUMMY TRUCK STOP #5254,"I-75, EXIT 99",Lake Kiowa,TX,794,3.124
6255,DUMMY TRUCK STOP #5255,"I-81, EXIT 79",Stratford,TX,306,2.687
6256,DUMMY TRUCK STOP #5256,"I-75, EXIT 62",Midway,LA,151,3.126
6257,DUMMY TRUCK STOP #5257,"I-25, EXIT 214",Greenville,MO,185,3.234
6258,DUMMY TRUCK STOP #5258,"I-75, EXIT 206",Movico,AL,235,3.247
6259,DUMMY TRUCK STOP #5259,"I-70, EXIT 164",Niagara,WI,850,3.637
6260,DUMMY TRUCK STOP #5260,"I-81, EXIT 260",Newark,IL,516,3.809
6261,DUMMY TRUCK STOP #5261,"I-90, EXIT 205",Livingston,WI,430,3.604
6262,DUMMY TRUCK STOP #5262,"I-65, EXIT 184",Oatfield,OR,605,4.151
6263,DUMMY TRUCK STOP #5263,"I-35, EXIT 131",Fruitdale,CA,581,4.419
6264,DUMMY TRUCK STOP #5264,"I-80, EXIT 141",Crownsville,MD,105,4.044
6265,DUMMY TRUCK STOP #5265,"I-81, EXIT 173",Anamosa,IA,633,3.528
6266,DUMMY TRUCK STOP #5266,"I-80, EXIT 272",Sturgis,SD,235,3.408
6267,DUMMY TRUCK STOP #5267,"I-15, EXIT 213",Ken Caryl,CO,491,3.534
6268,DUMMY TRUCK STOP #5268,"I-70, EXIT 131",Heckscherville,PA,432,4.110
6269,DUMMY TRUCK STOP #5269,"I-55, EXIT 155",Belk,AL,366,3.388
6270,DUMMY TRUCK STOP #5270,"I-15, EXIT 263",Scott,AR,702,3.319
6271,DUMMY TRUCK STOP #5271,"I-5, EXIT 74",Omena,MI,306,3.380
6272,DUMMY TRUCK STOP #5272,"I-40, EXIT 271",Bunker,MO,516,2.930
6273,DUMMY TRUCK STOP #5273,"I-5, EXIT 263",Morgantown,PA,894,4.593
6274,DUMMY TRUCK STOP #5274,"I-44, EXIT 163",Welcome,MN,581,3.166
6275,DUMMY TRUCK STOP #5275,"I-81, EXIT 11",Lost Creek,TX,351,3.346
6276,DUMMY TRUCK STOP #5276,"I-80, EXIT 100",Remer,MN,146,3.284
6277,DUMMY TRUCK STOP #5277,"I-55, EXIT 79",Milligan,NE,317,3.462
6278,DUMMY TRUCK STOP #5278,"I-90, EXIT 330",Grand Rapids,MI,521,3.598
6279,DUMMY TRUCK STOP #5279,"I-65, EXIT 25",Easton,MD,653,3.651
6280,DUMMY TRUCK STOP #5280,"I-94, EXIT 115",Asharoken,NY,131,4.170
6281,DUMMY TRUCK STOP #5281,"I-55, EXIT 36",Crystal Downs Country Club,MI,317,4.010
6282,DUMMY TRUCK STOP #5282,"I-55, EXIT 343",Aspen,CO,692,3.517
6283,DUMMY TRUCK STOP #5283,"I-15, EXIT 311",South Browning,MT,587,3.908
6284,DUMMY TRUCK STOP #5284,"I-85, EXIT 295",White Lake,SD,598,3.423
6285,DUMMY TRUCK STOP #5285,"I-25, EXIT 285",Sparkill,NY,375,4.245
6286,DUMMY TRUCK STOP #5286,"I-20, EXIT 108",St. Marys,OH,471,3.808
6287,DUMMY TRUCK STOP #5287,"I-5, EXIT 153",Wyoming,PA,425,3.940
6288,DUMMY TRUCK STOP #5288,"I-10, EXIT 238",Corvallis,OR,309,4.292
6289,DUMMY TRUCK STOP #5289,"I-85, EXIT 154",Wood Dale,IL,621,3.612
6290,DUMMY TRUCK STOP #5290,"I-5, EXIT 294",Lakeview North,WY,429,3.695
6291,DUMMY TRUCK STOP #5291,"I-44, EXIT 294",Lawson,MO,357,2.943
6292,DUMMY TRUCK STOP #5292,"I-5, EXIT 173",La Grange,CA,698,4.753
6293,DUMMY TRUCK STOP #5293,"I-10, EXIT 72",Newport,TN,773,3.444
6294,DUMMY TRUCK STOP #5294,"I-80, EXIT 1",Bassett,AR,272,2.982
6295,DUMMY TRUCK STOP #5295,"I-25, EXIT 334",Cherry Grove,WA,145,4.422
6296,DUMMY TRUCK STOP #5296,"I-44, EXIT 47",Central,AZ,462,3.716
6297,DUMMY TRUCK STOP #5297,"I-25, EXIT 171",Livingston,KY,633,3.657
6298,DUMMY TRUCK STOP #5298,"I-55, EXIT 313",Clayton,IA,117,3.221
6299,DUMMY TRUCK STOP #5299,"I-25, EXIT 21",Eads,CO,332,3.210
6300,DUMMY TRUCK STOP #5300,"I-20, EXIT 289",Oak Hall,VA,861,3.618
6301,DUMMY TRUCK STOP #5301,"I-64, EXIT 273",Bangor,ME,547,3.414
6302,DUMMY TRUCK STOP #5302,"I-81, EXIT 186",Satilla,GA,724,3.424
6303,DUMMY TRUCK STOP #5303,"I-64, EXIT 35",Cutlerville,MI,625,3.409
6304,DUMMY TRUCK STOP #5304,"I-80, EXIT 137",Flowery Branch,GA,803,3.678
6305,DUMMY TRUCK STOP #5305,"I-5, EXIT 257",Mohrsville,PA,634,3.945
6306,DUMMY TRUCK STOP #5306,"I-25, EXIT 311",Belton,TX,427,3.135
6307,DUMMY TRUCK STOP #5307,"I-75, EXIT 264",Beaver Dam Lake,NY,383,4.200
6308,DUMMY TRUCK STOP #5308,"I-20, EXIT 293",Harker Heights,TX,530,2.938
6309,DUMMY TRUCK STOP #5309,"I-44, EXIT 87",Port Sulphur,LA,539,3.390
6310,DUMMY TRUCK STOP #5310,"I-5, EXIT 330",Hendersonville,NC,469,3.669
6311,DUMMY TRUCK STOP #5311,"I-55, EXIT 85",Hettinger,ND,570,3.470
6312,DUMMY TRUCK STOP #5312,"I-80, EXIT 247",Archer,NE,399,3.178
6313,DUMMY TRUCK STOP #5313,"I-81, EXIT 99",Byrnedale,PA,816,4.161
6314,DUMMY TRUCK STOP #5314,"I-5, EXIT 197",Valle Vista,AZ,512,3.796
6315,DUMMY TRUCK STOP #5315,"I-15, EXIT 191",Scooba,MS,194,3.300
6316,DUMMY TRUCK STOP #5316,"I-90, EXIT 47",Stryker,OH,579,3.919
6317,DUMMY TRUCK STOP #5317,"I-25, EXIT 196",Lumber City,GA,470,3.251
6318,DUMMY TRUCK STOP #5318,"I-65, EXIT 289",Whittier,NC,419,3.424
6319,DUMMY TRUCK STOP #5319,"I-5, EXIT 216",Albany,MO,256,3.005
6320,DUMMY TRUCK STOP #5320,"I-44, EXIT 69",Cedartown,GA,571,3.466
6321,DUMMY TRUCK STOP #5321,"I-85, EXIT 61",Avalon,CA,561,4.730
6322,DUMMY TRUCK STOP #5322,"I-90, EXIT 297",Arapahoe,CO,127,3.425
6323,DUMMY TRUCK STOP #5323,"I-44, EXIT 242",Estherwood,LA,795,3.621
6324,DUMMY TRUCK STOP #5324,"I-95, EXIT 29",Macedonia,IL,136,3.755
6325,DUMMY TRUCK STOP #5325,"I-80, EXIT 162",Columbus,IL,379,3.717
6326,DUMMY TRUCK STOP #5326,"I-94, EXIT 322",Martin Lake,MN,753,3.190
6327,DUMMY TRUCK STOP #5327,"I-94, EXIT 144",Valley Grove,WV,577,3.346
6328,DUMMY TRUCK STOP #5328,"I-81, EXIT 298",East Meadow,NY,430,4.236
6329,DUMMY TRUCK STOP #5329,"I-81, EXIT 216",Hunker,PA,608,4.030
6330,DUMMY TRUCK STOP #5330,"I-65, EXIT 161",Del Rio,TX,307,3.084
6331,DUMMY TRUCK STOP #5331,"I-94, EXIT 277",Ranchos de Taos,NM,739,3.390
6332,DUMMY TRUCK STOP #5332,"I-10, EXIT 232",Exline,IA,866,3.310
6333,DUMMY TRUCK STOP #5333,"I-70, EXIT 299",Bessie,OK,166,3.204
6334,DUMMY TRUCK STOP #5334,"I-65, EXIT 253",Searsboro,IA,716,3.560
6335,DUMMY TRUCK STOP #5335,"I-70, EXIT 262",Keats,KS,723,3.472
6336,DUMMY TRUCK STOP #5336,"I-75, EXIT 86",Honaker,VA,514,3.635
6337,DUMMY TRUCK STOP #5337,"I-55, EXIT 282",Tomales,CA,624,4.807
6338,DUMMY TRUCK STOP #5338,"I-81, EXIT 211",Tupelo,AR,310,3.140
6339,DUMMY TRUCK STOP #5339,"I-5, EXIT 246",Yale,MI,508,3.347
6340,DUMMY TRUCK STOP #5340,"I-15, EXIT 78",Piffard,NY,343,4.094
6341,DUMMY TRUCK STOP #5341,"I-35, EXIT 59",Castile,NY,746,3.924
6342,DUMMY TRUCK STOP #5342,"I-5, EXIT 324",Kenesaw,NE,441,3.199
6343,DUMMY TRUCK STOP #5343,"I-94, EXIT 52",Zephyrhills,FL,258,3.483
6344,DUMMY TRUCK STOP #5344,"I-95, EXIT 332",Lesage,WV,652,3.374
6345,DUMMY TRUCK STOP #5345,"I-20, EXIT 262",Spring Gap,MD,885,3.424
6346,DUMMY TRUCK STOP #5346,"I-25, EXIT 14",Cullman,AL,764,3.274
6347,DUMMY TRUCK STOP #5347,"I-75, EXIT 199",Lyman,MS,832,3.210
6348,DUMMY TRUCK STOP #5348,"I-10, EXIT 61",Red Bluff,CA,148,4.731
6349,DUMMY TRUCK STOP #5349,"I-85, EXIT 76",Gaylord,KS,703,3.158
6350,DUMMY TRUCK STOP #5350,"I-94, EXIT 74",Burbank,OK,496,3.177
6351,DUMMY TRUCK STOP #5351,"I-44, EXIT 141",Burbank,OH,823,3.340
6352,DUMMY TRUCK STOP #5352,"I-90, EXIT 340",Parkton,NC,547,3.325
6353,DUMMY TRUCK STOP #5353,"I-81, EXIT 24",Three Forks,MT,348,3.470
6354,DUMMY TRUCK STOP #5354,"I-65, EXIT 23",Hinsdale,IL,530,3.591
6355,DUMMY TRUCK STOP #5355,"I-80, EXIT 266",Upland,CA,847,4.550
6356,DUMMY TRUCK STOP #5356,"I-44, EXIT 98",Nelson,AZ,446,3.862
6357,DUMMY TRUCK STOP #5357,"I-85, EXIT 227",Holland,TX,341,3.031
6358,DUMMY TRUCK STOP #5358,"I-20, EXIT 88",South Fulton,GA,773,3.505
6359,DUMMY TRUCK STOP #5359,"I-65, EXIT 169",Lewistown,OH,448,3.802
6360,DUMMY TRUCK STOP #5360,"I-10, EXIT 349",Cunningham,KS,886,3.175
6361,DUMMY TRUCK STOP #5361,"I-10, EXIT 184",Newell,CA,230,4.638
6362,DUMMY TRUCK STOP #5362,"I-15, EXIT 269",Adell,WI,589,3.696
6363,DUMMY TRUCK STOP #5363,"I-44, EXIT 265",Yampa,CO,380,3.351
6364,DUMMY TRUCK STOP #5364,"I-55, EXIT 135",Washington,KS,145,3.068
6365,DUMMY TRUCK STOP #5365,"I-94, EXIT 108",Platte,SD,207,3.209
6366,DUMMY TRUCK STOP #5366,"I-15, EXIT 160",Sequim,WA,165,4.923
6367,DUMMY TRUCK STOP #5367,"I-10, EXIT 334",Ennis,MT,818,3.526
6368,DUMMY TRUCK STOP #5368,"I-20, EXIT 79",Gresham,NE,332,3.543
6369,DUMMY TRUCK STOP #5369,"I-10, EXIT 102",Blue,OK,510,3.466
6370,DUMMY TRUCK STOP #5370,"I-94, EXIT 228",Brazoria,TX,216,3.106
6371,DUMMY TRUCK STOP #5371,"I-94, EXIT 309",Santa Margarita,CA,176,4.615
6372,DUMMY TRUCK STOP #5372,"I-10, EXIT 299",Miller City,OH,754,3.968
6373,DUMMY TRUCK STOP #5373,"I-81, EXIT 276",Veguita,NM,154,3.112
6374,DUMMY TRUCK STOP #5374,"I-25, EXIT 119",Port Sanilac,MI,754,3.839
6375,DUMMY TRUCK STOP #5375,"I-55, EXIT 183",Berwyn,IL,536,4.121
6376,DUMMY TRUCK STOP #5376,"I-90, EXIT 150",Issaquah,WA,369,4.396
6377,DUMMY TRUCK STOP #5377,"I-64, EXIT 13",Lake Ann,MI,879,3.527
6378,DUMMY TRUCK STOP #5378,"I-44, EXIT 217",Wareham Center,MA,843,3.707
6379,DUMMY TRUCK STOP #5379,"I-5, EXIT 34",Buffalo,IL,542,4.076
6380,DUMMY TRUCK STOP #5380,"I-40, EXIT 69",Lone Star,TX,727,2.799
6381,DUMMY TRUCK STOP #5381,"I-85, EXIT 260",Mount Judea,AR,777,3.197
6382,DUMMY TRUCK STOP #5382,"I-40, EXIT 61",Denmark,IA,463,3.465
6383,DUMMY TRUCK STOP #5383,"I-81, EXIT 83",New Lisbon,WI,715,3.266
6384,DUMMY TRUCK STOP #5384,"I-25, EXIT 340",Warrenton,MO,549,3.096
6385,DUMMY TRUCK STOP #5385,"I-94, EXIT 107",De Soto,IA,827,3.372
6386,DUMMY TRUCK STOP #5386,"I-10, EXIT 70",Advance,IN,678,3.964
6387,DUMMY TRUCK STOP #5387,"I-70, EXIT 339",High Amana,IA,411,3.428
6388,DUMMY TRUCK STOP #5388,"I-35, EXIT 117",MacDonnell Heights,NY,332,4.008
6389,DUMMY TRUCK STOP #5389,"I-70, EXIT 36",Crest,CA,663,4.786
6390,DUMMY TRUCK STOP #5390,"I-70, EXIT 321",Viera West,FL,856,3.570
6391,DUMMY TRUCK STOP #5391,"I-80, EXIT 200",Palo Blanco,TX,124,3.146
6392,DUMMY TRUCK STOP #5392,"I-81, EXIT 107",Troutdale,OR,407,4.336
6393,DUMMY TRUCK STOP #5393,"I-85, EXIT 131",Flute Springs,OK,498,3.104
6394,DUMMY TRUCK STOP #5394,"I-35, EXIT 63",Murray,UT,453,3.771
6395,DUMMY TRUCK STOP #5395,"I-94, EXIT 146",North Pearsall,TX,765,3.140
6396,DUMMY TRUCK STOP #5396,"I-15, EXIT 322",Geary,OK,598,2.916
6397,DUMMY TRUCK STOP #5397,"I-20, EXIT 218",Kezar Falls,ME,165,3.554
6398,DUMMY TRUCK STOP #5398,"I-81, EXIT 2",San Mateo,NM,444,3.865
6399,DUMMY TRUCK STOP #5399,"I-35, EXIT 40",Regal,MN,625,3.606
6400,DUMMY TRUCK STOP #5400,"I-20, EXIT 208",Barrackville,WV,678,3.609
6401,DUMMY TRUCK STOP #5401,"I-64, EXIT 51",Deercroft,NC,333,3.204
6402,DUMMY TRUCK STOP #5402,"I-64, EXIT 141",Battle Ground,IN,783,3.667
6403,DUMMY TRUCK STOP #5403,"I-10, EXIT 303",East Aurora,NY,361,3.873
6404,DUMMY TRUCK STOP #5404,"I-94, EXIT 105",Balch Springs,TX,810,3.186
6405,DUMMY TRUCK STOP #5405,"I-5, EXIT 66",Pilgrim,MI,705,3.504
6406,DUMMY TRUCK STOP #5406,"I-25, EXIT 275",Harpers Ferry,WV,514,3.616
6407,DUMMY TRUCK STOP #5407,"I-44, EXIT 104",Vernon Center,MN,889,3.438
6408,DUMMY TRUCK STOP #5408,"I-5, EXIT 78",La Luz,NM,534,3.699
6409,DUMMY TRUCK STOP #5409,"I-5, EXIT 295",Coos Bay,OR,843,4.448
6410,DUMMY TRUCK STOP #5410,"I-95, EXIT 197",Libby,MT,824,3.539
6411,DUMMY TRUCK STOP #5411,"I-40, EXIT 213",Iredell,TX,486,3.188
6412,DUMMY TRUCK STOP #5412,"I-81, EXIT 236",Goshen,IN,226,3.669
6413,DUMMY TRUCK STOP #5413,"I-80, EXIT 212",New Rockport Colony,MT,545,3.458
6414,DUMMY TRUCK STOP #5414,"I-15, EXIT 1",Blue Mound,TX,242,3.047
6415,DUMMY TRUCK STOP #5415,"I-44, EXIT 143",Port Ludlow,WA,278,4.748
6416,DUMMY TRUCK STOP #5416,"I-10, EXIT 69",Bellechester,MN,231,3.495
6417,DUMMY TRUCK STOP #5417,"I-44, EXIT 138",Monterey,VA,728,3.736
6418,DUMMY TRUCK STOP #5418,"I-95, EXIT 279",Briarcliff,AR,140,3.458
6419,DUMMY TRUCK STOP #5419,"I-81, EXIT 217",Lamoille,NV,667,4.534
6420,DUMMY TRUCK STOP #5420,"I-44, EXIT 216",Pawling,NY,599,4.386
6421,DUMMY TRUCK STOP #5421,"I-20, EXIT 243",Laurel Springs,NJ,563,3.664
6422,DUMMY TRUCK STOP #5422,"I-15, EXIT 168",Perrysburg,NY,253,4.380
6423,DUMMY TRUCK STOP #5423,"I-75, EXIT 62",Porter,OK,380,3.055
6424,DUMMY TRUCK STOP #5424,"I-64, EXIT 14",Ypsilanti,ND,731,3.391
6425,DUMMY TRUCK STOP #5425,"I-70, EXIT 33",San Carlos Park,FL,568,3.569
6426,DUMMY TRUCK STOP #5426,"I-64, EXIT 203",Route 7 Gateway,CT,469,4.216
6427,DUMMY TRUCK STOP #5427,"I-75, EXIT 27",Wilmore,PA,212,3.909
6428,DUMMY TRUCK STOP #5428,"I-94, EXIT 197",Ironton,MO,352,3.262
6429,DUMMY TRUCK STOP #5429,"I-40, EXIT 35",Vienna,GA,681,3.256
6430,DUMMY TRUCK STOP #5430,"I-95, EXIT 183",Norcross,GA,852,3.356
6431,DUMMY TRUCK STOP #5431,"I-65, EXIT 183",Oneida,IL,696,3.946
6432,DUMMY TRUCK STOP #5432,"I-35, EXIT 328",East Alton,IL,287,3.700
6433,DUMMY TRUCK STOP #5433,"I-55, EXIT 48",Belleair Shore,FL,405,3.307
6434,DUMMY TRUCK STOP #5434,"I-10, EXIT 14",Little Flock,AR,321,3.267
6435,DUMMY TRUCK STOP #5435,"I-94, EXIT 166",Columbia,MS,102,3.625
6436,DUMMY TRUCK STOP #5436,"I-35, EXIT 172",Manchester,CA,451,4.541
6437,DUMMY TRUCK STOP #5437,"I-40, EXIT 139",Port Angeles,WA,898,4.715
6438,DUMMY TRUCK STOP #5438,"I-64, EXIT 350",Auxvasse,MO,361,3.312
6439,DUMMY TRUCK STOP #5439,"I-25, EXIT 93",Keithsburg,IL,646,3.929
6440,DUMMY TRUCK STOP #5440,"I-94, EXIT 118",Cornucopia,WI,686,3.321
6441,DUMMY TRUCK STOP #5441,"I-44, EXIT 120",Seminole,FL,167,3.702
6442,DUMMY TRUCK STOP #5442,"I-55, EXIT 185",Lovettsville,VA,382,3.551
6443,DUMMY TRUCK STOP #5443,"I-15, EXIT 192",Barnum,IA,803,3.138
6444,DUMMY TRUCK STOP #5444,"I-85, EXIT 150",Mays Lick,KY,694,3.655
6445,DUMMY TRUCK STOP #5445,"I-15, EXIT 59",Blacksburg,VA,366,3.599
6446,DUMMY TRUCK STOP #5446,"I-95, EXIT 235",Foresthill,CA,638,4.660
6447,DUMMY TRUCK STOP #5447,"I-65, EXIT 110",Pumpkin Center,CA,165,4.511
6448,DUMMY TRUCK STOP #5448,"I-25, EXIT 5",Riverdale,MI,396,3.674
6449,DUMMY TRUCK STOP #5449,"I-44, EXIT 226",Fort Plain,NY,607,4.308
6450,DUMMY TRUCK STOP #5450,"I-80, EXIT 218",Chokio,MN,197,3.514
6451,DUMMY TRUCK STOP #5451,"I-90, EXIT 192",North Rock Springs,WY,614,3.392
6452,DUMMY TRUCK STOP #5452,"I-10, EXIT 31",Wickliffe,KY,202,3.445
6453,DUMMY TRUCK STOP #5453,"I-44, EXIT 44",Newton,IA,419,3.312
6454,DUMMY TRUCK STOP #5454,"I-40, EXIT 299",Mystic Island,NJ,186,3.630
6455,DUMMY TRUCK STOP #5455,"I-55, EXIT 118",Platte City,MO,543,3.008
6456,DUMMY TRUCK STOP #5456,"I-85, EXIT 274",Opelika,AL,522,3.679
6457,DUMMY TRUCK STOP #5457,"I-5, EXIT 249",Soldier Creek,SD,661,3.440
6458,DUMMY TRUCK STOP #5458,"I-15, EXIT 281",Barkeyville,PA,567,4.124
6459,DUMMY TRUCK STOP #5459,"I-75, EXIT 324",Bergholz,OH,637,3.904
6460,DUMMY TRUCK STOP #5460,"I-65, EXIT 217",Rusk,TX,408,3.293
6461,DUMMY TRUCK STOP #5461,"I-10, EXIT 209",Lawrenceburg,TN,757,3.510
6462,DUMMY TRUCK STOP #5462,"I-94, EXIT 334",Lane,SD,102,3.621
6463,DUMMY TRUCK STOP #5463,"I-95, EXIT 337",Waverly,MN,302,3.619
6464,DUMMY TRUCK STOP #5464,"I-44, EXIT 37",Saguache,CO,481,3.699
6465,DUMMY TRUCK STOP #5465,"I-40, EXIT 7",Eden,WI,513,3.556
6466,DUMMY TRUCK STOP #5466,"I-10, EXIT 28",Tamarac,FL,289,3.460
6467,DUMMY TRUCK STOP #5467,"I-90, EXIT 222",Silver Springs Shores East,FL,443,3.539
6468,DUMMY TRUCK STOP #5468,"I-65, EXIT 10",Montrose,NY,791,4.258
6469,DUMMY TRUCK STOP #5469,"I-35, EXIT 148",Houston,TX,858,2.993
6470,DUMMY TRUCK STOP #5470,"I-20, EXIT 50",Westmoreland,NY,396,4.451
6471,DUMMY TRUCK STOP #5471,"I-80, EXIT 246",Yatesboro,PA,137,4.060
6472,DUMMY TRUCK STOP #5472,"I-20, EXIT 162",Zavalla,TX,177,3.109
6473,DUMMY TRUCK STOP #5473,"I-95, EXIT 73",Fort Carson,CO,119,3.539
6474,DUMMY TRUCK STOP #5474,"I-20, EXIT 206",Lake Success,NY,534,4.445
6475,DUMMY TRUCK STOP #5475,"I-90, EXIT 73",Glendale Colony,SD,231,3.496
6476,DUMMY TRUCK STOP #5476,"I-25, EXIT 70",Lost Springs,WY,384,3.374
6477,DUMMY TRUCK STOP #5477,"I-44, EXIT 301",Mount Pleasant,WI,233,3.989
6478,DUMMY TRUCK STOP #5478,"I-35, EXIT 341",West Liberty,IA,280,3.479
6479,DUMMY TRUCK STOP #5479,"I-5, EXIT 49",Sam Rayburn,TX,779,3.318
6480,DUMMY TRUCK STOP #5480,"I-10, EXIT 39",Kittery,ME,216,3.651
6481,DUMMY TRUCK STOP #5481,"I-64, EXIT 108",Naytahwaush,MN,328,3.507
6482,DUMMY TRUCK STOP #5482,"I-95, EXIT 52",Dunlap,IA,297,3.212
6483,DUMMY TRUCK STOP #5483,"I-35, EXIT 265",Cashton,WI,487,3.465
6484,DUMMY TRUCK STOP #5484,"I-20, EXIT 110",Trotwood,OH,262,3.810
6485,DUMMY TRUCK STOP #5485,"I-65, EXIT 211",Cheney,NE,795,3.360
6486,DUMMY TRUCK STOP #5486,"I-64, EXIT 171",Plandome,NY,229,4.393
6487,DUMMY TRUCK STOP #5487,"I-75, EXIT 153",Wilson,WI,891,3.474
6488,DUMMY TRUCK STOP #5488,"I-64, EXIT 313",Helena Flats,MT,553,3.713
6489,DUMMY TRUCK STOP #5489,"I-55, EXIT 299",Whitewright,TX,624,3.134
6490,DUMMY TRUCK STOP #5490,"I-80, EXIT 220",Tignall,GA,297,3.358
6491,DUMMY TRUCK STOP #5491,"I-95, EXIT 183",Moulton,IA,353,3.317
6492,DUMMY TRUCK STOP #5492,"I-80, EXIT 233",Good Thunder,MN,751,3.796
6493,DUMMY TRUCK STOP #5493,"I-44, EXIT 142",Palmer Ranch,FL,777,3.379
6494,DUMMY TRUCK STOP #5494,"I-95, EXIT 282",Sawyer,ND,752,3.279
6495,DUMMY TRUCK STOP #5495,"I-85, EXIT 119",Balta,ND,464,3.421
6496,DUMMY TRUCK STOP #5496,"I-75, EXIT 48",Stoney Point,OK,442,3.070
6497,DUMMY TRUCK STOP #5497,"I-75, EXIT 190",Pilot Rock,OR,440,3.966
6498,DUMMY TRUCK STOP #5498,"I-95, EXIT 34",Florence,MN,373,2.927
6499,DUMMY TRUCK STOP #5499,"I-35, EXIT 190",Gamaliel,AR,352,2.867
6500,DUMMY TRUCK STOP #5500,"I-90, EXIT 32",Nooksack,WA,734,4.479
6501,DUMMY TRUCK STOP #5501,"I-20, EXIT 137",Fort Jesup,LA,584,3.411
6502,DUMMY TRUCK STOP #5502,"I-70, EXIT 113",Laona,WI,355,3.356
6503,DUMMY TRUCK STOP #5503,"I-70, EXIT 82",Hoagland,IN,395,3.554
6504,DUMMY TRUCK STOP #5504,"I-81, EXIT 139",Thornton,AR,883,3.384
6505,DUMMY TRUCK STOP #5505,"I-44, EXIT 174",Schwenksville,PA,313,3.824
6506,DUMMY TRUCK STOP #5506,"I-94, EXIT 298",Lolo,MT,815,3.778
6507,DUMMY TRUCK STOP #5507,"I-25, EXIT 325","Lynchburg, Moore County metropolitan",TN,884,3.147
6508,DUMMY TRUCK STOP #5508,"I-95, EXIT 283",Big Rapids,MI,447,3.319
6509,DUMMY TRUCK STOP #5509,"I-40, EXIT 199",Chilchinbito,AZ,605,3.849
6510,DUMMY TRUCK STOP #5510,"I-95, EXIT 78",Port Allen,LA,404,3.146
6511,DUMMY TRUCK STOP #5511,"I-35, EXIT 329",Erwin,TN,568,3.463
6512,DUMMY TRUCK STOP #5512,"I-80, EXIT 101",Overbrook,KS,862,3.373
6513,DUMMY TRUCK STOP #5513,"I-65, EXIT 139",Berea,KY,317,3.156
6514,DUMMY TRUCK STOP #5514,"I-64, EXIT 211",Roland,IA,661,3.055
6515,DUMMY TRUCK STOP #5515,"I-44, EXIT 343",Lincoln,NE,691,3.208
6516,DUMMY TRUCK STOP #5516,"I-5, EXIT 212",Bear River City,UT,203,3.864
6517,DUMMY TRUCK STOP #5517,"I-64, EXIT 290",Redwood,TX,581,2.975
6518,DUMMY TRUCK STOP #5518,"I-95, EXIT 328",Warner Valley,CA,342,4.889
6519,DUMMY TRUCK STOP #5519,"I-94, EXIT 337",Billtown,IN,179,3.526
6520,DUMMY TRUCK STOP #5520,"I-80, EXIT 50",Heritage Bay,FL,462,3.300
6521,DUMMY TRUCK STOP #5521,"I-90, EXIT 43",Plainfield,WI,203,3.622
6522,DUMMY TRUCK STOP #5522,"I-75, EXIT 264",Rosebud,PA,771,3.843
6523,DUMMY TRUCK STOP #5523,"I-5, EXIT 126",Union Level,VA,123,3.616
6524,DUMMY TRUCK STOP #5524,"I-85, EXIT 107",Williams,SC,585,3.489
6525,DUMMY TRUCK STOP #5525,"I-35, EXIT 3",Norbourne Estates,KY,197,3.493
6526,DUMMY TRUCK STOP #5526,"I-55, EXIT 275",Ireton,IA,728,3.396
6527,DUMMY TRUCK STOP #5527,"I-94, EXIT 10",McVeytown,PA,669,3.867
6528,DUMMY TRUCK STOP #5528,"I-25, EXIT 198",South End,MN,849,3.595
6529,DUMMY TRUCK STOP #5529,"I-25, EXIT 63",St. Paul,TX,392,3.131
6530,DUMMY TRUCK STOP #5530,"I-75, EXIT 101",North Madison,OH,706,3.821
6531,DUMMY TRUCK STOP #5531,"I-81, EXIT 204",Round Valley,CA,288,4.786
6532,DUMMY TRUCK STOP #5532,"I-65, EXIT 329",Carlock,IL,384,3.487
6533,DUMMY TRUCK STOP #5533,"I-35, EXIT 199",Orting,WA,819,4.608
6534,DUMMY TRUCK STOP #5534,"I-64, EXIT 177",Odin,IL,868,3.546
6535,DUMMY TRUCK STOP #5535,"I-40, EXIT 307",Landfall,MN,211,3.167
6536,DUMMY TRUCK STOP #5536,"I-81, EXIT 72",Port Trevorton,PA,866,4.275
6537,DUMMY TRUCK STOP #5537,"I-95, EXIT 323",Bridgeport,NE,407,3.674
6538,DUMMY TRUCK STOP #5538,"I-5, EXIT 111",Narragansett Pier,RI,504,3.449
6539,DUMMY TRUCK STOP #5539,"I-15, EXIT 342",Lake Hopatcong,NJ,212,3.910
6540,DUMMY TRUCK STOP #5540,"I-35, EXIT 329",Whittlesey,WI,523,3.323
6541,DUMMY TRUCK STOP #5541,"I-64, EXIT 291",Bradley,CA,571,4.698
6542,DUMMY TRUCK STOP #5542,"I-15, EXIT 318",Washburn,TX,519,2.981
6543,DUMMY TRUCK STOP #5543,"I-80, EXIT 350",Arlington,VA,663,3.294
6544,DUMMY TRUCK STOP #5544,"I-44, EXIT 112",Gladewater,TX,436,3.231
6545,DUMMY TRUCK STOP #5545,"I-20, EXIT 200",El Verano,CA,210,4.766
6546,DUMMY TRUCK STOP #5546,"I-35, EXIT 180",Blaine,KY,891,3.536
6547,DUMMY TRUCK STOP #5547,"I-44, EXIT 291",Danville,PA,716,3.970
6548,DUMMY TRUCK STOP #5548,"I-55, EXIT 300",Rochester,NH,134,3.562
6549,DUMMY TRUCK STOP #5549,"I-44, EXIT 119",Greenwood,MN,378,3.505
6550,DUMMY TRUCK STOP #5550,"I-55, EXIT 111",Indian Harbour Beach,FL,587,3.426
6551,DUMMY TRUCK STOP #5551,"I-85, EXIT 337",Hitchcock,SD,310,3.563
6552,DUMMY TRUCK STOP #5552,"I-55, EXIT 274",Seabrook Farms,NJ,202,3.757
6553,DUMMY TRUCK STOP #5553,"I-94, EXIT 136",North Bay Shore,NY,190,4.084
6554,DUMMY TRUCK STOP #5554,"I-10, EXIT 37",Woodlawn,VA,544,3.880
6555,DUMMY TRUCK STOP #5555,"I-15, EXIT 129",Whitesburg,GA,657,3.224
6556,DUMMY TRUCK STOP #5556,"I-15, EXIT 54",East Brooklyn,IL,510,3.805
6557,DUMMY TRUCK STOP #5557,"I-95, EXIT 340",Iola,IL,773,3.946
6558,DUMMY TRUCK STOP #5558,"I-15, EXIT 13",San Felipe,TX,148,3.160
6559,DUMMY TRUCK STOP #5559,"I-35, EXIT 20",St. Mary of the Woods,IN,254,3.902
6560,DUMMY TRUCK STOP #5560,"I-90, EXIT 288",Ashdown,AR,527,3.036
6561,DUMMY TRUCK STOP #5561,"I-75, EXIT 279",Old Monroe,MO,133,3.448
6562,DUMMY TRUCK STOP #5562,"I-15, EXIT 318",Redmond,UT,716,3.273
6563,DUMMY TRUCK STOP #5563,"I-20, EXIT 103",Shady Side,MD,364,3.745
6564,DUMMY TRUCK STOP #5564,"I-90, EXIT 169",Callery,PA,409,4.087
6565,DUMMY TRUCK STOP #5565,"I-10, EXIT 108",Heritage Lake,IL,426,3.444
6566,DUMMY TRUCK STOP #5566,"I-40, EXIT 39",Maysville,IA,535,3.226
6567,DUMMY TRUCK STOP #5567,"I-20, EXIT 249",Kenilworth,UT,705,3.790
6568,DUMMY TRUCK STOP #5568,"I-20, EXIT 106",Unity Village,MO,656,3.277
6569,DUMMY TRUCK STOP #5569,"I-85, EXIT 51",Epping,NH,818,3.546
6570,DUMMY TRUCK STOP #5570,"I-15, EXIT 254",Cass Lake,MN,218,3.550
6571,DUMMY TRUCK STOP #5571,"I-20, EXIT 299",Hooven,OH,798,3.728
6572,DUMMY TRUCK STOP #5572,"I-64, EXIT 9",Odessa,DE,238,3.693
6573,DUMMY TRUCK STOP #5573,"I-5, EXIT 83",Sweetwater,OK,633,3.084
6574,DUMMY TRUCK STOP #5574,"I-94, EXIT 336",Tuba City,AZ,190,4.040
6575,DUMMY TRUCK STOP #5575,"I-94, EXIT 236",Dante,VA,747,3.528
6576,DUMMY TRUCK STOP #5576,"I-64, EXIT 163",Fairmount,TN,239,3.388
6577,DUMMY TRUCK STOP #5577,"I-15, EXIT 312",Glenvil,NE,318,3.702
6578,DUMMY TRUCK STOP #5578,"I-80, EXIT 244",Palmersville,TN,622,3.072
6579,DUMMY TRUCK STOP #5579,"I-80, EXIT 97",Grandin,MO,719,3.081
6580,DUMMY TRUCK STOP #5580,"I-15, EXIT 123",Jerome,ID,667,3.830
6581,DUMMY TRUCK STOP #5581,"I-85, EXIT 155",Hyrum,UT,729,3.618
6582,DUMMY TRUCK STOP #5582,"I-20, EXIT 337",Briar Chapel,NC,488,3.379
6583,DUMMY TRUCK STOP #5583,"I-64, EXIT 87",Cascade Valley,WA,355,4.620
6584,DUMMY TRUCK STOP #5584,"I-25, EXIT 61",Chillum,MD,456,3.764
6585,DUMMY TRUCK STOP #5585,"I-44, EXIT 43",Madawaska,ME,443,3.588
6586,DUMMY TRUCK STOP #5586,"I-40, EXIT 170",Jasper,GA,152,3.405
6587,DUMMY TRUCK STOP #5587,"I-35, EXIT 199",Birmingham,IA,168,3.125
6588,DUMMY TRUCK STOP #5588,"I-80, EXIT 281",Davy,WV,359,3.741
6589,DUMMY TRUCK STOP #5589,"I-65, EXIT 90",Gates,OR,875,4.264
6590,DUMMY TRUCK STOP #5590,"I-85, EXIT 160",Rochester,WA,176,4.300
6591,DUMMY TRUCK STOP #5591,"I-64, EXIT 250",Walford,IA,837,3.605
6592,DUMMY TRUCK STOP #5592,"I-15, EXIT 239",Rincon Valley,AZ,697,3.853
6593,DUMMY TRUCK STOP #5593,"I-55, EXIT 267",Mantua,VA,638,3.279
6594,DUMMY TRUCK STOP #5594,"I-70, EXIT 219",New Hope,TN,499,3.225
6595,DUMMY TRUCK STOP #5595,"I-44, EXIT 30",Hogansville,GA,131,3.181
6596,DUMMY TRUCK STOP #5596,"I-70, EXIT 55",Pleasantville,NY,705,4.019
6597,DUMMY TRUCK STOP #5597,"I-65, EXIT 222",Greenwood Colony,SD,562,3.679
6598,DUMMY TRUCK STOP #5598,"I-70, EXIT 340",Posen,IL,511,3.783
6599,DUMMY TRUCK STOP #5599,"I-90, EXIT 152",La Conner,WA,249,4.494
6600,DUMMY TRUCK STOP #5600,"I-35, EXIT 230",Peninsula,OH,753,3.865
6601,DUMMY TRUCK STOP #5601,"I-75, EXIT 207",Wilmette,IL,236,3.768
6602,DUMMY TRUCK STOP #5602,"I-70, EXIT 208",Proctor,OK,475,2.954
6603,DUMMY TRUCK STOP #5603,"I-5, EXIT 244",Martinton,IL,123,3.974
6604,DUMMY TRUCK STOP #5604,"I-10, EXIT 43",Humeston,IA,401,3.379
6605,DUMMY TRUCK STOP #5605,"I-55, EXIT 57",Seven Hills,OH,327,3.866
6606,DUMMY TRUCK STOP #5606,"I-5, EXIT 194",Medina,MN,621,3.297
6607,DUMMY TRUCK STOP #5607,"I-35, EXIT 134",Folsom,NJ,141,3.576
6608,DUMMY TRUCK STOP #5608,"I-90, EXIT 228",Pinson,TN,896,2.932
6609,DUMMY TRUCK STOP #5609,"I-5, EXIT 327",Herrick,SD,521,3.531
6610,DUMMY TRUCK STOP #5610,"I-80, EXIT 278",Lincolnville,SC,713,2.956
6611,DUMMY TRUCK STOP #5611,"I-20, EXIT 249",Tulsa,OK,238,3.284
6612,DUMMY TRUCK STOP #5612,"I-94, EXIT 73",Kennedy,AL,107,3.352
6613,DUMMY TRUCK STOP #5613,"I-90, EXIT 57",Jordan,MT,224,3.492
6614,DUMMY TRUCK STOP #5614,"I-70, EXIT 338",Steuben,WI,265,3.469
6615,DUMMY TRUCK STOP #5615,"I-25, EXIT 93",Burkeville,VA,279,3.614
6616,DUMMY TRUCK STOP #5616,"I-94, EXIT 80",Warrenton,GA,390,3.427
6617,DUMMY TRUCK STOP #5617,"I-65, EXIT 80",Proctorville,NC,638,3.595
6618,DUMMY TRUCK STOP #5618,"I-40, EXIT 184",Palm Valley,TX,720,3.162
6619,DUMMY TRUCK STOP #5619,"I-5, EXIT 140",Waukegan,IL,194,3.673
6620,DUMMY TRUCK STOP #5620,"I-10, EXIT 284",Beverly,WV,374,3.518
6621,DUMMY TRUCK STOP #5621,"I-44, EXIT 191",Antler,ND,900,3.190
6622,DUMMY TRUCK STOP #5622,"I-20, EXIT 60",St. Francis,KS,352,3.346
6623,DUMMY TRUCK STOP #5623,"I-65, EXIT 100",Edgewood,PA,426,4.025
6624,DUMMY TRUCK STOP #5624,"I-81, EXIT 75",Curwensville,PA,268,4.086
6625,DUMMY TRUCK STOP #5625,"I-25, EXIT 4",Batavia,WI,547,3.472
6626,DUMMY TRUCK STOP #5626,"I-64, EXIT 61",Moscow,IA,754,3.130
6627,DUMMY TRUCK STOP #5627,"I-85, EXIT 285",Decatur,MS,141,3.118
6628,DUMMY TRUCK STOP #5628,"I-81, EXIT 269",Eastport,MI,346,3.447
6629,DUMMY TRUCK STOP #5629,"I-5, EXIT 38",Callaway,MD,124,4.005
6630,DUMMY TRUCK STOP #5630,"I-64, EXIT 53",Plantersville,TX,736,3.225
6631,DUMMY TRUCK STOP #5631,"I-65, EXIT 125",Manassas Park,VA,408,3.465
6632,DUMMY TRUCK STOP #5632,"I-15, EXIT 314",Seneca,IL,440,4.151
6633,DUMMY TRUCK STOP #5633,"I-90, EXIT 49",Winston,MO,771,3.265
6634,DUMMY TRUCK STOP #5634,"I-55, EXIT 148",Norcatur,KS,580,3.182
6635,DUMMY TRUCK STOP #5635,"I-64, EXIT 322",Piney,OK,231,2.847
6636,DUMMY TRUCK STOP #5636,"I-94, EXIT 19",Norwood,NJ,279,3.739
6637,DUMMY TRUCK STOP #5637,"I-94, EXIT 313",Bloomingburg,OH,328,3.885
6638,DUMMY TRUCK STOP #5638,"I-5, EXIT 198",Chandler,MN,327,3.609
6639,DUMMY TRUCK STOP #5639,"I-94, EXIT 329",Alliance,NC,827,3.458
6640,DUMMY TRUCK STOP #5640,"I-5, EXIT 345",Branson,CO,332,3.339
6641,DUMMY TRUCK STOP #5641,"I-20, EXIT 342",Hamilton,AL,249,3.067
6642,DUMMY TRUCK STOP #5642,"I-20, EXIT 114",Deerfield Street,NJ,776,3.903
6643,DUMMY TRUCK STOP #5643,"I-81, EXIT 129",Caddo,OK,345,2.866
6644,DUMMY TRUCK STOP #5644,"I-75, EXIT 306",Central Lake,MI,689,3.432
6645,DUMMY TRUCK STOP #5645,"I-94, EXIT 166",Jamestown,NY,452,4.479
6646,DUMMY TRUCK STOP #5646,"I-85, EXIT 191",Pemberville,OH,706,3.728
6647,DUMMY TRUCK STOP #5647,"I-5, EXIT 279",Harrisburg,NC,877,3.200
6648,DUMMY TRUCK STOP #5648,"I-55, EXIT 96",Binford,ND,689,3.378
6649,DUMMY TRUCK STOP #5649,"I-80, EXIT 309",Springville,IA,540,3.355
6650,DUMMY TRUCK STOP #5650,"I-95, EXIT 327",Lebanon,KS,150,3.246
6651,DUMMY TRUCK STOP #5651,"I-25, EXIT 267",Rocky Point,WA,722,4.387
6652,DUMMY TRUCK STOP #5652,"I-94, EXIT 220",West Milford,WV,115,3.442
6653,DUMMY TRUCK STOP #5653,"I-75, EXIT 170",Winnett,MT,530,3.392
6654,DUMMY TRUCK STOP #5654,"I-81, EXIT 124",Dunsmuir,CA,339,4.952
6655,DUMMY TRUCK STOP #5655,"I-81, EXIT 23",Moss Bluff,LA,184,3.113
6656,DUMMY TRUCK STOP #5656,"I-75, EXIT 163",North Liberty,IA,247,3.392
6657,DUMMY TRUCK STOP #5657,"I-44, EXIT 215",Martins Ferry,OH,779,3.625
6658,DUMMY TRUCK STOP #5658,"I-94, EXIT 36",Utica,KY,406,3.477
6659,DUMMY TRUCK STOP #5659,"I-25, EXIT 184",Ogden,IA,325,3.156
6660,DUMMY TRUCK STOP #5660,"I-5, EXIT 263",Clearfield,IA,387,3.231
6661,DUMMY TRUCK STOP #5661,"I-35, EXIT 328",Wapakoneta,OH,727,3.799
6662,DUMMY TRUCK STOP #5662,"I-75, EXIT 152",Dunlevy,PA,375,4.321
6663,DUMMY TRUCK STOP #5663,"I-85, EXIT 93",Scott,OH,430,3.602
6664,DUMMY TRUCK STOP #5664,"I-5, EXIT 273",LeRoy,KS,388,3.544
6665,DUMMY TRUCK STOP #5665,"I-25, EXIT 129",Cave-In-Rock,IL,278,3.740
6666,DUMMY TRUCK STOP #5666,"I-40, EXIT 155",Temple Terrace,FL,624,3.381
6667,DUMMY TRUCK STOP #5667,"I-15, EXIT 233",Leonardo,NJ,826,3.896
6668,DUMMY TRUCK STOP #5668,"I-25, EXIT 158",Mindoro,WI,213,3.451
6669,DUMMY TRUCK STOP #5669,"I-75, EXIT 308",Parsons,WV,210,3.569
6670,DUMMY TRUCK STOP #5670,"I-65, EXIT 274",Burlingame,CA,446,4.588
6671,DUMMY TRUCK STOP #5671,"I-95, EXIT 15",Ennis,TX,493,3.092
6672,DUMMY TRUCK STOP #5672,"I-35, EXIT 256",Hastings,MN,676,3.634
6673,DUMMY TRUCK STOP #5673,"I-55, EXIT 85",Bentley,OK,477,3.161
6674,DUMMY TRUCK STOP #5674,"I-81, EXIT 32",Randolph,VT,344,3.571
6675,DUMMY TRUCK STOP #5675,"I-25, EXIT 318",Stonewall,OK,446,3.275
6676,DUMMY TRUCK STOP #5676,"I-64, EXIT 184",Overton,TX,285,3.147
6677,DUMMY TRUCK STOP #5677,"I-65, EXIT 328",Monongah,WV,650,3.917
6678,DUMMY TRUCK STOP #5678,"I-25, EXIT 269",Mojave Ranch Estates,AZ,496,3.703
6679,DUMMY TRUCK STOP #5679,"I-25, EXIT 310",Valley Hi,OH,545,3.722
6680,DUMMY TRUCK STOP #5680,"I-75, EXIT 95",Rush Valley,UT,806,3.744
6681,DUMMY TRUCK STOP #5681,"I-35, EXIT 51",Hardtner,KS,597,3.192
6682,DUMMY TRUCK STOP #5682,"I-64, EXIT 81",Bristow,IA,714,3.297
6683,DUMMY TRUCK STOP #5683,"I-64, EXIT 45",Vermillion,MN,517,3.561
6684,DUMMY TRUCK STOP #5684,"I-81, EXIT 278",Hewitt,MN,887,3.573
6685,DUMMY TRUCK STOP #5685,"I-44, EXIT 303",Rochester Hills,MI,280,3.740
6686,DUMMY TRUCK STOP #5686,"I-75, EXIT 196",Noxen,PA,718,4.131
6687,DUMMY TRUCK STOP #5687,"I-5, EXIT 203",Carlisle,AR,326,3.339
6688,DUMMY TRUCK STOP #5688,"I-25, EXIT 182",Wheatley Heights,NY,869,4.495
6689,DUMMY TRUCK STOP #5689,"I-44, EXIT 301",Conestoga,PA,260,4.173
6690,DUMMY TRUCK STOP #5690,"I-90, EXIT 24",Harper,TX,409,3.176
6691,DUMMY TRUCK STOP #5691,"I-70, EXIT 4",Colp,IL,289,3.384
6692,DUMMY TRUCK STOP #5692,"I-25, EXIT 24",Farmington,ME,528,3.516
6693,DUMMY TRUCK STOP #5693,"I-20, EXIT 296",Lenkerville,PA,345,4.247
6694,DUMMY TRUCK STOP #5694,"I-44, EXIT 109",Arroyo Colorado Estates,TX,482,3.284
6695,DUMMY TRUCK STOP #5695,"I-85, EXIT 44",Ursa,IL,718,3.647
6696,DUMMY TRUCK STOP #5696,"I-10, EXIT 2",Camp Sherman,OR,159,4.058
6697,DUMMY TRUCK STOP #5697,"I-95, EXIT 332",Indian Hills,NM,449,3.380
6698,DUMMY TRUCK STOP #5698,"I-80, EXIT 51",Lima,OH,485,3.609
6699,DUMMY TRUCK STOP #5699,"I-75, EXIT 347",Platte Colony,SD,387,3.610
6700,DUMMY TRUCK STOP #5700,"I-85, EXIT 33",Medicine Lake,MT,626,3.875
6701,DUMMY TRUCK STOP #5701,"I-64, EXIT 2",Lamar,OK,844,3.139
6702,DUMMY TRUCK STOP #5702,"I-81, EXIT 297",Piney Point,MD,736,3.432
6703,DUMMY TRUCK STOP #5703,"I-5, EXIT 147",Leeds,UT,898,3.638
6704,DUMMY TRUCK STOP #5704,"I-70, EXIT 112",Marion,KS,239,3.158
6705,DUMMY TRUCK STOP #5705,"I-75, EXIT 334",Port Townsend,WA,742,4.447
6706,DUMMY TRUCK STOP #5706,"I-81, EXIT 239",Los Ybanez,TX,900,3.075
6707,DUMMY TRUCK STOP #5707,"I-65, EXIT 193",Greenlawn,NY,396,4.080
6708,DUMMY TRUCK STOP #5708,"I-81, EXIT 148",Viola,ID,350,3.685
6709,DUMMY TRUCK STOP #5709,"I-20, EXIT 315",Benns Church,VA,402,3.255
6710,DUMMY TRUCK STOP #5710,"I-70, EXIT 101",Liberty Hill,TX,793,3.258
6711,DUMMY TRUCK STOP #5711,"I-15, EXIT 344",Ekalaka,MT,562,3.301
6712,DUMMY TRUCK STOP #5712,"I-85, EXIT 220",Carrabelle,FL,530,3.239
6713,DUMMY TRUCK STOP #5713,"I-70, EXIT 91",Port Royal,PA,774,4.011
6714,DUMMY TRUCK STOP #5714,"I-85, EXIT 332",Charlotte,TN,877,3.141
6715,DUMMY TRUCK STOP #5715,"I-95, EXIT 82",Lamar,PA,667,3.969
6716,DUMMY TRUCK STOP #5716,"I-15, EXIT 332",Hancock,NY,428,4.196
6717,DUMMY TRUCK STOP #5717,"I-15, EXIT 320",Coronaca,SC,161,3.240
6718,DUMMY TRUCK STOP #5718,"I-25, EXIT 68",North Bend,WA,351,4.459
6719,DUMMY TRUCK STOP #5719,"I-85, EXIT 321",Oak Grove,TX,660,3.230
6720,DUMMY TRUCK STOP #5720,"I-81, EXIT 13",Merryville,LA,495,3.287
6721,DUMMY TRUCK STOP #5721,"I-80, EXIT 105",Tiltonsville,OH,443,3.559
6722,DUMMY TRUCK STOP #5722,"I-44, EXIT 70",Rouse,CA,254,4.601
6723,DUMMY TRUCK STOP #5723,"I-94, EXIT 183",Union Hill,IL,699,3.866
6724,DUMMY TRUCK STOP #5724,"I-25, EXIT 37",La Barge,WY,241,3.647
6725,DUMMY TRUCK STOP #5725,"I-64, EXIT 332",Wapella,IL,624,3.615
6726,DUMMY TRUCK STOP #5726,"I-70, EXIT 213",Royersford,PA,325,4.227
6727,DUMMY TRUCK STOP #5727,"I-64, EXIT 78",Sylvan Grove,KS,720,3.314
6728,DUMMY TRUCK STOP #5728,"I-64, EXIT 99",Winton,MN,122,3.460
6729,DUMMY TRUCK STOP #5729,"I-44, EXIT 233",Fisher,LA,444,3.662
6730,DUMMY TRUCK STOP #5730,"I-44, EXIT 292",Bay City,MI,870,3.806
6731,DUMMY TRUCK STOP #5731,"I-25, EXIT 125",Centralia,IA,819,2.968
6732,DUMMY TRUCK STOP #5732,"I-15, EXIT 107",Bath,NC,246,3.357
6733,DUMMY TRUCK STOP #5733,"I-90, EXIT 195",Frederick,KS,489,3.240
6734,DUMMY TRUCK STOP #5734,"I-40, EXIT 65",Town and Country,MO,590,3.365
6735,DUMMY TRUCK STOP #5735,"I-55, EXIT 53",Higganum,CT,602,4.107
6736,DUMMY TRUCK STOP #5736,"I-94, EXIT 104",Dutton,MT,799,3.377
6737,DUMMY TRUCK STOP #5737,"I-15, EXIT 175",Avocado Heights,CA,315,4.585
6738,DUMMY TRUCK STOP #5738,"I-90, EXIT 72",Harveysburg,OH,142,3.703
6739,DUMMY TRUCK STOP #5739,"I-5, EXIT 199",Witherbee,NY,461,4.409
6740,DUMMY TRUCK STOP #5740,"I-35, EXIT 220",Valhalla,NY,502,4.325
6741,DUMMY TRUCK STOP #5741,"I-44, EXIT 189",Leopolis,WI,165,3.399
6742,DUMMY TRUCK STOP #5742,"I-25, EXIT 250",Hornbrook,CA,287,4.934
6743,DUMMY TRUCK STOP #5743,"I-70, EXIT 113",Waverly,WA,354,4.607
6744,DUMMY TRUCK STOP #5744,"I-85, EXIT 188",Fairmont City,IL,788,3.794
6745,DUMMY TRUCK STOP #5745,"I-75, EXIT 315",Newald,WI,580,3.126
6746,DUMMY TRUCK STOP #5746,"I-80, EXIT 134",Pleasant Valley,CT,641,4.360
6747,DUMMY TRUCK STOP #5747,"I-80, EXIT 82",Stillwater,OK,268,3.010
6748,DUMMY TRUCK STOP #5748,"I-55, EXIT 296",Lake Linden,MI,394,3.754
6749,DUMMY TRUCK STOP #5749,"I-5, EXIT 158",Bibo,NM,516,3.362
6750,DUMMY TRUCK STOP #5750,"I-25, EXIT 162",Boyd,WI,105,3.123
6751,DUMMY TRUCK STOP #5751,"I-95, EXIT 215",Pine City,MN,434,3.729
6752,DUMMY TRUCK STOP #5752,"I-75, EXIT 274",Bayview,CA,441,4.689
6753,DUMMY TRUCK STOP #5753,"I-10, EXIT 216",Valparaiso,FL,884,3.563
6754,DUMMY TRUCK STOP #5754,"I-25, EXIT 230",Lake Butler,FL,527,3.422
6755,DUMMY TRUCK STOP #5755,"I-44, EXIT 164",Humboldt,IL,819,3.773
6756,DUMMY TRUCK STOP #5756,"I-5, EXIT 315",Cousins Island,ME,551,3.490
6757,DUMMY TRUCK STOP #5757,"I-55, EXIT 71",Marine on St. Croix,MN,174,3.392
6758,DUMMY TRUCK STOP #5758,"I-25, EXIT 295",North Tonawanda,NY,212,4.087
6759,DUMMY TRUCK STOP #5759,"I-70, EXIT 3",Lakeside,TX,290,3.035
6760,DUMMY TRUCK STOP #5760,"I-25, EXIT 101",Orchid,FL,399,3.844
6761,DUMMY TRUCK STOP #5761,"I-5, EXIT 147",Guthrie,KY,453,3.607
6762,DUMMY TRUCK STOP #5762,"I-85, EXIT 291",Forest City,PA,574,3.925
6763,DUMMY TRUCK STOP #5763,"I-20, EXIT 267",Salmon,ID,398,3.761
6764,DUMMY TRUCK STOP #5764,"I-10, EXIT 235",Fedora,SD,124,3.324
6765,DUMMY TRUCK STOP #5765,"I-90, EXIT 69",Morada,CA,195,4.825
6766,DUMMY TRUCK STOP #5766,"I-64, EXIT 232",Elmwood,NE,668,3.600
6767,DUMMY TRUCK STOP #5767,"I-25, EXIT 125",Hall Summit,LA,297,3.066
6768,DUMMY TRUCK STOP #5768,"I-81, EXIT 331",Fayette,OH,848,3.305
6769,DUMMY TRUCK STOP #5769,"I-95, EXIT 139",Greenleaf,ID,424,3.903
6770,DUMMY TRUCK STOP #5770,"I-15, EXIT 203",Lake Jackson,TX,599,2.962
6771,DUMMY TRUCK STOP #5771,"I-5, EXIT 203",Hayesville,OH,301,3.464
6772,DUMMY TRUCK STOP #5772,"I-80, EXIT 323",Canyondam,CA,324,4.921
6773,DUMMY TRUCK STOP #5773,"I-90, EXIT 219",Egypt,AL,305,3.133
6774,DUMMY TRUCK STOP #5774,"I-5, EXIT 58",St. Johnsbury,VT,168,3.292
6775,DUMMY TRUCK STOP #5775,"I-25, EXIT 14",Marion,IA,150,3.722
6776,DUMMY TRUCK STOP #5776,"I-90, EXIT 150",Naples,IL,615,3.773
6777,DUMMY TRUCK STOP #5777,"I-55, EXIT 279",Bowman,SC,308,3.381
6778,DUMMY TRUCK STOP #5778,"I-40, EXIT 109",O'Donnell,TX,533,3.104
6779,DUMMY TRUCK STOP #5779,"I-75, EXIT 12",Poulan,GA,621,3.508
6780,DUMMY TRUCK STOP #5780,"I-35, EXIT 277",Selden,NY,719,3.931
6781,DUMMY TRUCK STOP #5781,"I-15, EXIT 106",Floydale,SC,490,3.061
6782,DUMMY TRUCK STOP #5782,"I-5, EXIT 172",Cumming,GA,755,3.512
6783,DUMMY TRUCK STOP #5783,"I-64, EXIT 223",Harvard,NE,713,3.241
6784,DUMMY TRUCK STOP #5784,"I-25, EXIT 13",Pukwana,SD,675,3.179
6785,DUMMY TRUCK STOP #5785,"I-55, EXIT 291",Dunbar,SC,832,3.700
6786,DUMMY TRUCK STOP #5786,"I-10, EXIT 59",Grass Ranch Colony,SD,292,3.363
6787,DUMMY TRUCK STOP #5787,"I-15, EXIT 289",Richfield,CA,320,4.903
6788,DUMMY TRUCK STOP #5788,"I-70, EXIT 26",Crawfordville,FL,768,3.699
6789,DUMMY TRUCK STOP #5789,"I-15, EXIT 56",La Grange,TX,439,3.510
6790,DUMMY TRUCK STOP #5790,"I-64, EXIT 201",West Point,MS,212,3.129
6791,DUMMY TRUCK STOP #5791,"I-90, EXIT 329",Green Meadows,OH,161,3.387
6792,DUMMY TRUCK STOP #5792,"I-94, EXIT 25",Fabens,TX,321,3.199
6793,DUMMY TRUCK STOP #5793,"I-95, EXIT 328",Dancyville,TN,875,3.579
6794,DUMMY TRUCK STOP #5794,"I-10, EXIT 147",New Hope,MS,361,3.112
6795,DUMMY TRUCK STOP #5795,"I-10, EXIT 140",Potomac,MT,347,3.559
6796,DUMMY TRUCK STOP #5796,"I-15, EXIT 179",Maple Rapids,MI,515,3.651
6797,DUMMY TRUCK STOP #5797,"I-15, EXIT 110",Edgewater,AL,438,3.139
6798,DUMMY TRUCK STOP #5798,"I-40, EXIT 268",Kayak Point,WA,749,4.592
6799,DUMMY TRUCK STOP #5799,"I-40, EXIT 245",Gila Hot Springs,NM,417,3.369
6800,DUMMY TRUCK STOP #5800,"I-81, EXIT 164",Highwood,IL,460,3.681
6801,DUMMY TRUCK STOP #5801,"I-5, EXIT 53",Messiah College,PA,512,3.931
6802,DUMMY TRUCK STOP #5802,"I-90, EXIT 163",Brownlee Park,MI,490,3.696
6803,DUMMY TRUCK STOP #5803,"I-81, EXIT 282",West,TX,368,3.133
6804,DUMMY TRUCK STOP #5804,"I-10, EXIT 47",Poplar Hills,KY,722,3.535
6805,DUMMY TRUCK STOP #5805,"I-20, EXIT 208",Wilburton Number One,PA,720,4.417
6806,DUMMY TRUCK STOP #5806,"I-90, EXIT 287",Chamberino,NM,761,3.537
6807,DUMMY TRUCK STOP #5807,"I-20, EXIT 224",Crescent City,IL,195,3.740
6808,DUMMY TRUCK STOP #5808,"I-20, EXIT 188",Wilton,AL,628,3.102
6809,DUMMY TRUCK STOP #5809,"I-90, EXIT 217",Pauls Valley,OK,215,3.320
6810,DUMMY TRUCK STOP #5810,"I-15, EXIT 292",Decatur,AL,684,3.217
6811,DUMMY TRUCK STOP #5811,"I-81, EXIT 183",Chickasaw,OH,693,3.366
6812,DUMMY TRUCK STOP #5812,"I-90, EXIT 104",Muir,PA,779,4.114
6813,DUMMY TRUCK STOP #5813,"I-85, EXIT 22",Rockport,IN,836,3.808
6814,DUMMY TRUCK STOP #5814,"I-65, EXIT 15",Akron,IN,440,3.927
6815,DUMMY TRUCK STOP #5815,"I-70, EXIT 98",Pendleton,OR,361,4.419
6816,DUMMY TRUCK STOP #5816,"I-70, EXIT 330",Mars Hill,ME,652,3.558
6817,DUMMY TRUCK STOP #5817,"I-65, EXIT 226",California,KY,822,3.602
6818,DUMMY TRUCK STOP #5818,"I-25, EXIT 280",Cocoa,FL,478,3.568
6819,DUMMY TRUCK STOP #5819,"I-44, EXIT 297",Campo,CO,771,3.559
6820,DUMMY TRUCK STOP #5820,"I-95, EXIT 261",Vinton,TX,267,3.593
6821,DUMMY TRUCK STOP #5821,"I-25, EXIT 49",Silver Peak,NV,579,4.014
6822,DUMMY TRUCK STOP #5822,"I-85, EXIT 172",Cleveland,NC,672,3.625
6823,DUMMY TRUCK STOP #5823,"I-94, EXIT 138",Severy,KS,535,3.512
6824,DUMMY TRUCK STOP #5824,"I-80, EXIT 281",Newington,GA,596,3.423
6825,DUMMY TRUCK STOP #5825,"I-40, EXIT 4",Elmira,CA,255,4.653
6826,DUMMY TRUCK STOP #5826,"I-90, EXIT 175",Rio Grande City,TX,309,3.075
6827,DUMMY TRUCK STOP #5827,"I-35, EXIT 246",Lane,KS,872,3.435
6828,DUMMY TRUCK STOP #5828,"I-75, EXIT 221",Chicopee,KS,706,3.531
6829,DUMMY TRUCK STOP #5829,"I-55, EXIT 163",Norwood,MO,171,2.958
6830,DUMMY TRUCK STOP #5830,"I-70, EXIT 32",Loretto,PA,268,3.954
6831,DUMMY TRUCK STOP #5831,"I-70, EXIT 154",New Vernon,NJ,536,3.694
6832,DUMMY TRUCK STOP #5832,"I-20, EXIT 123",Leland,NC,104,3.782
6833,DUMMY TRUCK STOP #5833,"I-40, EXIT 4",Rutherford,NJ,648,3.917
6834,DUMMY TRUCK STOP #5834,"I-95, EXIT 242",Ponchatoula,LA,228,3.059
6835,DUMMY TRUCK STOP #5835,"I-81, EXIT 115",West Hattiesburg,MS,668,3.461
6836,DUMMY TRUCK STOP #5836,"I-35, EXIT 248",Chenoweth,OR,586,3.973
6837,DUMMY TRUCK STOP #5837,"I-20, EXIT 62",Groveland,FL,878,3.103
6838,DUMMY TRUCK STOP #5838,"I-90, EXIT 150",Damariscotta,ME,243,3.678
6839,DUMMY TRUCK STOP #5839,"I-85, EXIT 335",Sophia,WV,616,3.484
6840,DUMMY TRUCK STOP #5840,"I-75, EXIT 102",Randallstown,MD,101,3.851
6841,DUMMY TRUCK STOP #5841,"I-81, EXIT 43",Hewitt,TX,249,3.162
6842,DUMMY TRUCK STOP #5842,"I-15, EXIT 25",Cedarville,IL,244,3.737
6843,DUMMY TRUCK STOP #5843,"I-40, EXIT 152",Louisville,GA,791,3.319
6844,DUMMY TRUCK STOP #5844,"I-64, EXIT 251",Quinn,SD,321,3.258
6845,DUMMY TRUCK STOP #5845,"I-70, EXIT 338",Bitter Springs,AZ,595,4.205
6846,DUMMY TRUCK STOP #5846,"I-81, EXIT 241",Como,TX,196,2.850
6847,DUMMY TRUCK STOP #5847,"I-80, EXIT 62",West Frankfort,IL,794,3.816
6848,DUMMY TRUCK STOP #5848,"I-95, EXIT 299",Linds Crossing,PA,746,3.709
6849,DUMMY TRUCK STOP #5849,"I-80, EXIT 180",Englewood,FL,890,3.327
6850,DUMMY TRUCK STOP #5850,"I-75, EXIT 207",Oak Run,IL,888,3.828
6851,DUMMY TRUCK STOP #5851,"I-75, EXIT 269",Nemacolin,PA,340,3.905
6852,DUMMY TRUCK STOP #5852,"I-40, EXIT 148",Crescent Bar,WA,897,4.492
6853,DUMMY TRUCK STOP #5853,"I-70, EXIT 78",Deep Run,NC,265,3.447
6854,DUMMY TRUCK STOP #5854,"I-64, EXIT 71",Bradford,NH,790,3.634
6855,DUMMY TRUCK STOP #5855,"I-40, EXIT 235",Reidsville,GA,739,3.143
6856,DUMMY TRUCK STOP #5856,"I-40, EXIT 94",Fairview,TX,230,3.345
6857,DUMMY TRUCK STOP #5857,"I-55, EXIT 125",Monson Center,MA,738,3.724
6858,DUMMY TRUCK STOP #5858,"I-5, EXIT 235",Mathews,VA,121,3.348
6859,DUMMY TRUCK STOP #5859,"I-44, EXIT 216",Woodloch,TX,151,3.055
6860,DUMMY TRUCK STOP #5860,"I-20, EXIT 172",Dyess,AR,604,3.362
6861,DUMMY TRUCK STOP #5861,"I-15, EXIT 169",Corunna,MI,138,3.757
6862,DUMMY TRUCK STOP #5862,"I-20, EXIT 23",Maria Stein,OH,170,3.468
6863,DUMMY TRUCK STOP #5863,"I-25, EXIT 215",Yorktown,IN,109,3.480
6864,DUMMY TRUCK STOP #5864,"I-5, EXIT 259",St. Stephen,SC,133,3.504
6865,DUMMY TRUCK STOP #5865,"I-95, EXIT 107",Jaconita,NM,785,3.561
6866,DUMMY TRUCK STOP #5866,"I-55, EXIT 240",Berlin,OH,444,3.825
6867,DUMMY TRUCK STOP #5867,"I-40, EXIT 113",Sparkman,AR,426,2.957
6868,DUMMY TRUCK STOP #5868,"I-64, EXIT 260",Marathon,TX,612,2.943
6869,DUMMY TRUCK STOP #5869,"I-15, EXIT 308",Salado,AR,291,3.212
6870,DUMMY TRUCK STOP #5870,"I-20, EXIT 146",Bull Hollow,OK,684,2.985
6871,DUMMY TRUCK STOP #5871,"I-55, EXIT 197",Andersonville,TN,348,3.108
6872,DUMMY TRUCK STOP #5872,"I-90, EXIT 212",Strongsville,OH,748,3.834
6873,DUMMY TRUCK STOP #5873,"I-44, EXIT 80",Canyon Day,AZ,123,3.738
6874,DUMMY TRUCK STOP #5874,"I-40, EXIT 47",Sedgwick,AR,606,3.346
6875,DUMMY TRUCK STOP #5875,"I-80, EXIT 217",Heceta Beach,OR,473,4.083
6876,DUMMY TRUCK STOP #5876,"I-25, EXIT 266",Bogus Hill,CT,245,3.789
6877,DUMMY TRUCK STOP #5877,"I-55, EXIT 304",Eagleville,TN,270,3.217
6878,DUMMY TRUCK STOP #5878,"I-85, EXIT 343",Florissant,MO,231,3.408
6879,DUMMY TRUCK STOP #5879,"I-10, EXIT 346",Howell,MI,773,3.687
6880,DUMMY TRUCK STOP #5880,"I-25, EXIT 11",Lamont,WA,659,4.499
6881,DUMMY TRUCK STOP #5881,"I-64, EXIT 342",Bellmore,NY,864,4.105
6882,DUMMY TRUCK STOP #5882,"I-75, EXIT 9",Tocsin,IN,427,3.786
6883,DUMMY TRUCK STOP #5883,"I-65, EXIT 144",Kingsbury Colony,MT,313,3.634
6884,DUMMY TRUCK STOP #5884,"I-25, EXIT 254",Bigler,PA,217,4.070
6885,DUMMY TRUCK STOP #5885,"I-10, EXIT 331",Winter Garden,FL,812,3.288
6886,DUMMY TRUCK STOP #5886,"I-40, EXIT 121",McCook,IL,427,3.953
6887,DUMMY TRUCK STOP #5887,"I-40, EXIT 196",Seneca,OR,712,4.479
6888,DUMMY TRUCK STOP #5888,"I-40, EXIT 7",Bellfountain,OR,191,3.993
6889,DUMMY TRUCK STOP #5889,"I-10, EXIT 302",Edon,OH,153,3.751
6890,DUMMY TRUCK STOP #5890,"I-90, EXIT 305",Fronton,TX,702,3.116
6891,DUMMY TRUCK STOP #5891,"I-90, EXIT 59",Morrill,KS,844,3.272
6892,DUMMY TRUCK STOP #5892,"I-5, EXIT 159",Zimmerman,MN,644,3.727
6893,DUMMY TRUCK STOP #5893,"I-44, EXIT 172",Bristow,OK,815,3.259
6894,DUMMY TRUCK STOP #5894,"I-55, EXIT 34",Akron,CO,443,3.527
6895,DUMMY TRUCK STOP #5895,"I-35, EXIT 320",Camargo,OK,799,2.735
6896,DUMMY TRUCK STOP #5896,"I-10, EXIT 319",New Village,NJ,857,3.733
6897,DUMMY TRUCK STOP #5897,"I-44, EXIT 325",Kellogg,IA,554,3.401
6898,DUMMY TRUCK STOP #5898,"I-80, EXIT 218",Bellville,OH,190,4.105
6899,DUMMY TRUCK STOP #5899,"I-35, EXIT 274",Troutman,NC,758,3.459
6900,DUMMY TRUCK STOP #5900,"I-5, EXIT 263",Montvale,VA,184,3.737
6901,DUMMY TRUCK STOP #5901,"I-80, EXIT 267",Lacoochee,FL,168,3.562
6902,DUMMY TRUCK STOP #5902,"I-70, EXIT 293",Vining,MN,410,3.575
6903,DUMMY TRUCK STOP #5903,"I-55, EXIT 235",Edgewater,CO,103,3.621
6904,DUMMY TRUCK STOP #5904,"I-70, EXIT 113",Delaware Park,NJ,175,3.475
6905,DUMMY TRUCK STOP #5905,"I-15, EXIT 19",Grazierville,PA,457,4.409
6906,DUMMY TRUCK STOP #5906,"I-94, EXIT 109",Rhame,ND,790,3.485
6907,DUMMY TRUCK STOP #5907,"I-80, EXIT 255",Hazardville,CT,307,4.125
6908,DUMMY TRUCK STOP #5908,"I-81, EXIT 317",Stacyville,IA,615,3.218
6909,DUMMY TRUCK STOP #5909,"I-94, EXIT 300",Swink,CO,227,3.525
6910,DUMMY TRUCK STOP #5910,"I-64, EXIT 72",Georgetown,CO,783,3.646
6911,DUMMY TRUCK STOP #5911,"I-80, EXIT 183",Strang,NE,763,3.234
6912,DUMMY TRUCK STOP #5912,"I-5, EXIT 54",Hartland,IL,515,3.862
6913,DUMMY TRUCK STOP #5913,"I-20, EXIT 261",Yorkshire,VA,607,3.622
6914,DUMMY TRUCK STOP #5914,"I-85, EXIT 204",Hoffman Estates,IL,228,3.624
6915,DUMMY TRUCK STOP #5915,"I-40, EXIT 210",Dante,SD,341,3.277
6916,DUMMY TRUCK STOP #5916,"I-80, EXIT 279",Dedham,IA,638,3.161
6917,DUMMY TRUCK STOP #5917,"I-5, EXIT 45",Red Bank,NJ,846,4.072
6918,DUMMY TRUCK STOP #5918,"I-75, EXIT 328",Kangley,IL,265,3.651
6919,DUMMY TRUCK STOP #5919,"I-95, EXIT 82",Oldtown,MD,288,3.423
6920,DUMMY TRUCK STOP #5920,"I-80, EXIT 222",Aguilares,TX,545,3.195
6921,DUMMY TRUCK STOP #5921,"I-90, EXIT 6",Middle River,MN,683,3.182
6922,DUMMY TRUCK STOP #5922,"I-40, EXIT 230",North Cleveland,TX,759,3.267
6923,DUMMY TRUCK STOP #5923,"I-65, EXIT 87",Euharlee,GA,291,2.999
6924,DUMMY TRUCK STOP #5924,"I-94, EXIT 329",Medical Lake,WA,716,4.715
6925,DUMMY TRUCK STOP #5925,"I-5, EXIT 238",Brewster Heights,NY,398,4.022
6926,DUMMY TRUCK STOP #5926,"I-95, EXIT 299",Royal,NE,347,3.095
6927,DUMMY TRUCK STOP #5927,"I-20, EXIT 70",Millbrook,IL,431,3.883
6928,DUMMY TRUCK STOP #5928,"I-65, EXIT 319",Elmira,OR,588,3.983
6929,DUMMY TRUCK STOP #5929,"I-65, EXIT 309",Twin Bridges,MT,607,3.497
6930,DUMMY TRUCK STOP #5930,"I-75, EXIT 152",East Hodge,LA,125,3.263
6931,DUMMY TRUCK STOP #5931,"I-94, EXIT 190",Fontanet,IN,859,3.639
6932,DUMMY TRUCK STOP #5932,"I-94, EXIT 13",Centreville,AL,424,3.265
6933,DUMMY TRUCK STOP #5933,"I-64, EXIT 64",Pelham,AL,891,3.369
6934,DUMMY TRUCK STOP #5934,"I-81, EXIT 56",Konawa,OK,899,3.163
6935,DUMMY TRUCK STOP #5935,"I-95, EXIT 97",Rosedale,CA,685,4.593
6936,DUMMY TRUCK STOP #5936,"I-15, EXIT 72",Niwot,CO,704,3.684
6937,DUMMY TRUCK STOP #5937,"I-75, EXIT 180",Wingate,TX,195,3.496
6938,DUMMY TRUCK STOP #5938,"I-94, EXIT 273",Guymon,OK,551,3.055
6939,DUMMY TRUCK STOP #5939,"I-64, EXIT 270",Oakland,NE,538,3.428
6940,DUMMY TRUCK STOP #5940,"I-10, EXIT 29",Stacey Street,FL,767,3.543
6941,DUMMY TRUCK STOP #5941,"I-35, EXIT 135",Sand City,CA,376,4.715
6942,DUMMY TRUCK STOP #5942,"I-35, EXIT 268",Gettysburg,SD,557,3.441
6943,DUMMY TRUCK STOP #5943,"I-70, EXIT 328",Diamond Beach,NJ,574,3.500
6944,DUMMY TRUCK STOP #5944,"I-10, EXIT 321",Gatewood,WV,338,3.458
6945,DUMMY TRUCK STOP #5945,"I-95, EXIT 101",Redford,TX,118,2.956
6946,DUMMY TRUCK STOP #5946,"I-20, EXIT 53",Johnstown,PA,848,3.808
6947,DUMMY TRUCK STOP #5947,"I-5, EXIT 33",Arboles,CO,759,3.668
6948,DUMMY TRUCK STOP #5948,"I-90, EXIT 201",Ackley,IA,740,3.236
6949,DUMMY TRUCK STOP #5949,"I-95, EXIT 12",New Holland,OH,511,3.841
6950,DUMMY TRUCK STOP #5950,"I-70, EXIT 77",Coalmont,IN,285,3.783
6951,DUMMY TRUCK STOP #5951,"I-80, EXIT 310",Childress,TX,315,3.334
6952,DUMMY TRUCK STOP #5952,"I-20, EXIT 325",Herington,KS,674,3.549
6953,DUMMY TRUCK STOP #5953,"I-10, EXIT 7",Dunkerton,IA,610,3.459
6954,DUMMY TRUCK STOP #5954,"I-40, EXIT 11",Kittitas,WA,239,4.461
6955,DUMMY TRUCK STOP #5955,"I-75, EXIT 334",Wabbaseka,AR,827,3.371
6956,DUMMY TRUCK STOP #5956,"I-80, EXIT 72",Wilsonia,CA,365,4.458
6957,DUMMY TRUCK STOP #5957,"I-70, EXIT 123",Banks,ID,580,3.630
6958,DUMMY TRUCK STOP #5958,"I-64, EXIT 13",Greenbrier,AR,814,3.026
6959,DUMMY TRUCK STOP #5959,"I-15, EXIT 329",Chanute,KS,880,3.326
6960,DUMMY TRUCK STOP #5960,"I-55, EXIT 157",Seabrook,MD,500,3.404
6961,DUMMY TRUCK STOP #5961,"I-70, EXIT 209",Pawhuska,OK,794,3.582
6962,DUMMY TRUCK STOP #5962,"I-85, EXIT 131",Chaplin,KY,150,3.297
6963,DUMMY TRUCK STOP #5963,"I-85, EXIT 107",Henderson Point,MS,470,3.158
6964,DUMMY TRUCK STOP #5964,"I-64, EXIT 130",Parkville,PA,481,3.829
6965,DUMMY TRUCK STOP #5965,"I-15, EXIT 144",Branford Center,CT,489,4.131
6966,DUMMY TRUCK STOP #5966,"I-80, EXIT 282",Talmage,CA,649,4.908
6967,DUMMY TRUCK STOP #5967,"I-90, EXIT 102",Wyndmoor,PA,782,3.952
6968,DUMMY TRUCK STOP #5968,"I-55, EXIT 260",Pangburn,AR,303,3.090
6969,DUMMY TRUCK STOP #5969,"I-44, EXIT 339",Marquette,WI,461,3.503
6970,DUMMY TRUCK STOP #5970,"I-94, EXIT 220",Catawba,WI,745,3.225
6971,DUMMY TRUCK STOP #5971,"I-85, EXIT 111",Central High,OK,544,3.250
6972,DUMMY TRUCK STOP #5972,"I-75, EXIT 154",Patterson,OH,630,3.858
6973,DUMMY TRUCK STOP #5973,"I-81, EXIT 243",Fairwood,WA,473,4.410
6974,DUMMY TRUCK STOP #5974,"I-90, EXIT 242",Calhoun,LA,104,3.346
6975,DUMMY TRUCK STOP #5975,"I-64, EXIT 125",North Beach,MD,262,3.944
6976,DUMMY TRUCK STOP #5976,"I-80, EXIT 313",Bridgeton,MO,674,3.023
6977,DUMMY TRUCK STOP #5977,"I-55, EXIT 154",Bainbridge,OH,349,3.767
6978,DUMMY TRUCK STOP #5978,"I-80, EXIT 306",Haverhill,IA,807,3.682
6979,DUMMY TRUCK STOP #5979,"I-70, EXIT 13",Mount Gretna,PA,881,3.934
6980,DUMMY TRUCK STOP #5980,"I-64, EXIT 164",Soda Bay,CA,161,4.940
6981,DUMMY TRUCK STOP #5981,"I-35, EXIT 273",Blyn,WA,375,4.265
6982,DUMMY TRUCK STOP #5982,"I-75, EXIT 238",Oacoma,SD,269,3.620
6983,DUMMY TRUCK STOP #5983,"I-81, EXIT 101",Arlington Heights,IL,387,3.798
6984,DUMMY TRUCK STOP #5984,"I-35, EXIT 309",Stratton,CO,876,3.527
6985,DUMMY TRUCK STOP #5985,"I-81, EXIT 229",Weyers Cave,VA,332,3.568
6986,DUMMY TRUCK STOP #5986,"I-85, EXIT 73",Edina,MN,704,3.552
6987,DUMMY TRUCK STOP #5987,"I-70, EXIT 342",Goliad,TX,743,3.049
6988,DUMMY TRUCK STOP #5988,"I-5, EXIT 124",Linden,IA,675,3.585
6989,DUMMY TRUCK STOP #5989,"I-25, EXIT 172",Nunica,MI,672,3.758
6990,DUMMY TRUCK STOP #5990,"I-70, EXIT 57",Hines,OR,462,4.171
6991,DUMMY TRUCK STOP #5991,"I-5, EXIT 154",Rocky Point,MT,451,3.693
6992,DUMMY TRUCK STOP #5992,"I-5, EXIT 337",Belzoni,MS,289,3.223
6993,DUMMY TRUCK STOP #5993,"I-40, EXIT 176",Quaker City,OH,332,3.777
6994,DUMMY TRUCK STOP #5994,"I-15, EXIT 72",Musella,GA,575,3.330
6995,DUMMY TRUCK STOP #5995,"I-44, EXIT 115",Sheridan,CO,868,3.296
6996,DUMMY TRUCK STOP #5996,"I-85, EXIT 318",Franklin Park,FL,876,3.323
6997,DUMMY TRUCK STOP #5997,"I-20, EXIT 58",North Troy,VT,245,3.565
6998,DUMMY TRUCK STOP #5998,"I-44, EXIT 337",Lemont Furnace,PA,461,4.114
6999,DUMMY TRUCK STOP #5999,"I-35, EXIT 206",Rib Mountain,WI,466,3.322
7000,DUMMY TRUCK STOP #6000,"I-35, EXIT 236",Doraville,GA,370,3.284
7001,DUMMY TRUCK STOP #6001,"I-75, EXIT 94",Columbine Valley,CO,783,3.664
7002,DUMMY TRUCK STOP #6002,"I-70, EXIT 57",Sauk Rapids,MN,808,3.655
7003,DUMMY TRUCK STOP #6003,"I-44, EXIT 271",Ellenboro,NC,297,3.612
7004,DUMMY TRUCK STOP #6004,"I-94, EXIT 347",Arapahoe,NE,458,3.404
7005,DUMMY TRUCK STOP #6005,"I-15, EXIT 133",North Granville,NY,747,4.054
7006,DUMMY TRUCK STOP #6006,"I-80, EXIT 21",Mappsburg,VA,718,3.684
7007,DUMMY TRUCK STOP #6007,"I-95, EXIT 119",Liberty City,TX,431,3.263
7008,DUMMY TRUCK STOP #6008,"I-20, EXIT 41",Weippe,ID,588,3.474
7009,DUMMY TRUCK STOP #6009,"I-70, EXIT 184",Lake Dallas,TX,420,2.944
7010,DUMMY TRUCK STOP #6010,"I-44, EXIT 233",Hermansville,MI,815,3.348
7011,DUMMY TRUCK STOP #6011,"I-25, EXIT 243",Pleasant Hills,MD,290,3.900
7012,DUMMY TRUCK STOP #6012,"I-94, EXIT 56",Ellendale,ND,525,3.560
7013,DUMMY TRUCK STOP #6013,"I-55, EXIT 198",Shumway,AZ,197,3.720
7014,DUMMY TRUCK STOP #6014,"I-25, EXIT 45",Woodward,OK,783,3.187
7015,DUMMY TRUCK STOP #6015,"I-80, EXIT 86",Linwood,PA,879,3.966
7016,DUMMY TRUCK STOP #6016,"I-80, EXIT 132",Dunnellon,FL,203,3.686
7017,DUMMY TRUCK STOP #6017,"I-90, EXIT 132",Avoca,NE,638,3.437
7018,DUMMY TRUCK STOP #6018,"I-20, EXIT 262",Farnam,NE,770,3.518
7019,DUMMY TRUCK STOP #6019,"I-95, EXIT 319",Seibert,CO,160,3.451
7020,DUMMY TRUCK STOP #6020,"I-80, EXIT 293",Newport,MN,339,3.538
7021,DUMMY TRUCK STOP #6021,"I-44, EXIT 11",Concordia,MO,340,3.494
7022,DUMMY TRUCK STOP #6022,"I-65, EXIT 38",Colorado City,TX,546,3.321
7023,DUMMY TRUCK STOP #6023,"I-64, EXIT 172",Gruver,TX,133,3.136
7024,DUMMY TRUCK STOP #6024,"I-65, EXIT 316",Colfax,IA,704,2.922
7025,DUMMY TRUCK STOP #6025,"I-25, EXIT 347",Twinsburg Heights,OH,820,3.310
7026,DUMMY TRUCK STOP #6026,"I-80, EXIT 226",East Bernstadt,KY,333,3.350
7027,DUMMY TRUCK STOP #6027,"I-35, EXIT 111",Hartsville/Trousdale,TN,387,3.263
7028,DUMMY TRUCK STOP #6028,"I-44, EXIT 272",Medicine Bow,WY,669,3.376
7029,DUMMY TRUCK STOP #6029,"I-90, EXIT 177",Quay,OK,192,3.101
7030,DUMMY TRUCK STOP #6030,"I-64, EXIT 333",Silver Lake,NJ,255,3.840
7031,DUMMY TRUCK STOP #6031,"I-44, EXIT 206",Liberty,SC,404,3.462
7032,DUMMY TRUCK STOP #6032,"I-70, EXIT 24",Ronks,PA,795,4.111
7033,DUMMY TRUCK STOP #6033,"I-44, EXIT 55",Mildred,TX,352,3.219
7034,DUMMY TRUCK STOP #6034,"I-55, EXIT 68",Juniata Terrace,PA,582,4.138
7035,DUMMY TRUCK STOP #6035,"I-75, EXIT 239",Marion,NY,289,4.038
7036,DUMMY TRUCK STOP #6036,"I-15, EXIT 57",Wellington,IL,835,3.932
7037,DUMMY TRUCK STOP #6037,"I-64, EXIT 322",Alton,UT,364,3.482
7038,DUMMY TRUCK STOP #6038,"I-40, EXIT 44",Rayville,LA,633,3.460
7039,DUMMY TRUCK STOP #6039,"I-64, EXIT 128",Monmouth Beach,NJ,546,3.922
7040,DUMMY TRUCK STOP #6040,"I-70, EXIT 116",Raritan,NJ,186,3.752
7041,DUMMY TRUCK STOP #6041,"I-35, EXIT 341",Enterprise,OR,699,4.407
7042,DUMMY TRUCK STOP #6042,"I-85, EXIT 248",Bear Creek Village,PA,221,3.871
7043,DUMMY TRUCK STOP #6043,"I-5, EXIT 209",Frankewing,TN,250,3.263
7044,DUMMY TRUCK STOP #6044,"I-95, EXIT 59",Hico,TX,789,3.073
7045,DUMMY TRUCK STOP #6045,"I-75, EXIT 174",Tupelo,MS,165,3.426
7046,DUMMY TRUCK STOP #6046,"I-81, EXIT 110",Broken Bow,OK,265,3.054
7047,DUMMY TRUCK STOP #6047,"I-25, EXIT 315",Level Green,PA,185,3.705
7048,DUMMY TRUCK STOP #6048,"I-10, EXIT 258",Riverwood,IN,600,3.730
7049,DUMMY TRUCK STOP #6049,"I-35, EXIT 51",Woods Bay,MT,707,3.634
7050,DUMMY TRUCK STOP #6050,"I-94, EXIT 127",Thomaston,ME,506,3.848
7051,DUMMY TRUCK STOP #6051,"I-65, EXIT 227",Choctaw,OK,323,3.085
7052,DUMMY TRUCK STOP #6052,"I-81, EXIT 223",Old Eucha,OK,896,3.121
7053,DUMMY TRUCK STOP #6053,"I-70, EXIT 71",Middleburg Heights,OH,678,3.392
7054,DUMMY TRUCK STOP #6054,"I-90, EXIT 350",Mulliken,MI,562,3.731
7055,DUMMY TRUCK STOP #6055,"I-64, EXIT 178",South Gate Ridge,FL,709,3.306
7056,DUMMY TRUCK STOP #6056,"I-15, EXIT 192",Greenvale,NY,301,4.165
7057,DUMMY TRUCK STOP #6057,"I-10, EXIT 6",Great Bend,ND,281,3.635
7058,DUMMY TRUCK STOP #6058,"I-5, EXIT 68",Elm Creek,TX,894,3.200
7059,DUMMY TRUCK STOP #6059,"I-90, EXIT 125",Natural Bridge,AL,673,3.120
7060,DUMMY TRUCK STOP #6060,"I-85, EXIT 285",Napoleon,OH,727,3.464
7061,DUMMY TRUCK STOP #6061,"I-64, EXIT 327",Cartersville,GA,454,3.472
7062,DUMMY TRUCK STOP #6062,"I-10, EXIT 88",Hinsdale,NH,708,3.627
7063,DUMMY TRUCK STOP #6063,"I-75, EXIT 25",Chester,MT,343,3.527
7064,DUMMY TRUCK STOP #6064,"I-10, EXIT 140",Randolph,NE,108,3.516
7065,DUMMY TRUCK STOP #6065,"I-40, EXIT 140",Manchester,GA,517,3.123
7066,DUMMY TRUCK STOP #6066,"I-81, EXIT 348",La Mesa,CA,456,4.575
7067,DUMMY TRUCK STOP #6067,"I-25, EXIT 123",Thompsonville,PA,534,4.030
7068,DUMMY TRUCK STOP #6068,"I-94, EXIT 259",Lindsay,NE,198,3.415
7069,DUMMY TRUCK STOP #6069,"I-94, EXIT 341",Murray,KY,235,3.812
7070,DUMMY TRUCK STOP #6070,"I-81, EXIT 89",Ligonier,IN,173,3.854
7071,DUMMY TRUCK STOP #6071,"I-20, EXIT 125",Cambria,WI,350,3.736
7072,DUMMY TRUCK STOP #6072,"I-55, EXIT 193",Cairo,WV,161,3.690
7073,DUMMY TRUCK STOP #6073,"I-25, EXIT 2",Warren,AR,200,3.375
7074,DUMMY TRUCK STOP #6074,"I-44, EXIT 275",Suissevale,NH,773,3.692
7075,DUMMY TRUCK STOP #6075,"I-44, EXIT 89",Spofford,TX,132,2.987
7076,DUMMY TRUCK STOP #6076,"I-94, EXIT 101",Cheektowaga,NY,801,4.100
7077,DUMMY TRUCK STOP #6077,"I-75, EXIT 268",Santa Rosa,TX,224,3.106
7078,DUMMY TRUCK STOP #6078,"I-80, EXIT 114",Grand Ledge,MI,525,3.331
7079,DUMMY TRUCK STOP #6079,"I-95, EXIT 347",Greenbush,MN,783,3.572
7080,DUMMY TRUCK STOP #6080,"I-15, EXIT 333",Fredericksburg,IN,818,3.639
7081,DUMMY TRUCK STOP #6081,"I-75, EXIT 308",Mather,CA,112,4.616
7082,DUMMY TRUCK STOP #6082,"I-81, EXIT 262",Ravanna,MO,706,3.218
7083,DUMMY TRUCK STOP #6083,"I-80, EXIT 247",Hollymead,VA,288,3.480
7084,DUMMY TRUCK STOP #6084,"I-10, EXIT 22",Preston-Potter Hollow,NY,123,3.900
7085,DUMMY TRUCK STOP #6085,"I-20, EXIT 26",Homestown,MO,585,3.155
7086,DUMMY TRUCK STOP #6086,"I-5, EXIT 234",Redfield,SD,216,3.459
7087,DUMMY TRUCK STOP #6087,"I-70, EXIT 15",Tobias,NE,769,3.220
7088,DUMMY TRUCK STOP #6088,"I-94, EXIT 311",Harrisburg,MO,428,3.258
7089,DUMMY TRUCK STOP #6089,"I-5, EXIT 271",Goose Creek,KY,480,3.550
7090,DUMMY TRUCK STOP #6090,"I-15, EXIT 57",Murray,CT,899,4.177
7091,DUMMY TRUCK STOP #6091,"I-55, EXIT 330",Whitehorse,SD,411,3.336
7092,DUMMY TRUCK STOP #6092,"I-70, EXIT 133",Sandy Lake,PA,472,4.013
7093,DUMMY TRUCK STOP #6093,"I-75, EXIT 177",Stony Prairie,OH,446,3.521
7094,DUMMY TRUCK STOP #6094,"I-75, EXIT 59",Whatley,AL,714,3.398
7095,DUMMY TRUCK STOP #6095,"I-15, EXIT 121",Byers,CO,549,3.624
7096,DUMMY TRUCK STOP #6096,"I-81, EXIT 60",Grey Eagle,MN,804,3.675
7097,DUMMY TRUCK STOP #6097,"I-80, EXIT 73",Ortonville,MN,535,3.507
7098,DUMMY TRUCK STOP #6098,"I-44, EXIT 300",Chester,AR,462,3.038
7099,DUMMY TRUCK STOP #6099,"I-75, EXIT 196",Gasport,NY,894,4.071
7100,DUMMY TRUCK STOP #6100,"I-81, EXIT 279",Calverton,NY,324,4.206
7101,DUMMY TRUCK STOP #6101,"I-85, EXIT 107",Alabaster,AL,569,3.461
7102,DUMMY TRUCK STOP #6102,"I-20, EXIT 101",Carpenter,WY,657,3.386
7103,DUMMY TRUCK STOP #6103,"I-64, EXIT 24",Spencer,NC,269,3.575
7104,DUMMY TRUCK STOP #6104,"I-25, EXIT 112",Taylor,ND,803,3.319
7105,DUMMY TRUCK STOP #6105,"I-64, EXIT 342",Apple Mountain Lake,VA,489,3.390
7106,DUMMY TRUCK STOP #6106,"I-15, EXIT 155",Ransom,KS,404,3.013
7107,DUMMY TRUCK STOP #6107,"I-35, EXIT 254",Basking Ridge,NJ,534,3.937
7108,DUMMY TRUCK STOP #6108,"I-40, EXIT 112",Lake Carmel,NY,100,3.785
7109,DUMMY TRUCK STOP #6109,"I-15, EXIT 235",Lingleville,TX,526,3.071
7110,DUMMY TRUCK STOP #6110,"I-20, EXIT 153",Giddings,TX,278,3.410
7111,DUMMY TRUCK STOP #6111,"I-35, EXIT 152",Runaway Bay,TX,623,3.091
7112,DUMMY TRUCK STOP #6112,"I-44, EXIT 58",Oakville,MO,715,3.140
7113,DUMMY TRUCK STOP #6113,"I-80, EXIT 107",Vinton,LA,525,3.073
7114,DUMMY TRUCK STOP #6114,"I-55, EXIT 246",Boston,MA,127,3.734
7115,DUMMY TRUCK STOP #6115,"I-75, EXIT 276",Bear Valley Springs,CA,678,4.847
7116,DUMMY TRUCK STOP #6116,"I-75, EXIT 304",Kekoskee,WI,622,3.300
7117,DUMMY TRUCK STOP #6117,"I-40, EXIT 194",Montrose,MO,664,3.537
7118,DUMMY TRUCK STOP #6118,"I-94, EXIT 119",East Thermopolis,WY,103,3.213
7119,DUMMY TRUCK STOP #6119,"I-85, EXIT 350",Hillcrest,NY,717,4.371
7120,DUMMY TRUCK STOP #6120,"I-44, EXIT 206",Laurel Bay,SC,846,3.340
7121,DUMMY TRUCK STOP #6121,"I-70, EXIT 296",Point Venture,TX,285,3.200
7122,DUMMY TRUCK STOP #6122,"I-25, EXIT 305",Ogden,NC,216,3.793
7123,DUMMY TRUCK STOP #6123,"I-10, EXIT 197",Helena Valley Southeast,MT,437,3.542
7124,DUMMY TRUCK STOP #6124,"I-44, EXIT 144",Fredonia,PA,165,3.957
7125,DUMMY TRUCK STOP #6125,"I-75, EXIT 75",Westminster,OH,692,3.836
7126,DUMMY TRUCK STOP #6126,"I-20, EXIT 42",Annandale,VA,656,3.588
7127,DUMMY TRUCK STOP #6127,"I-35, EXIT 144",Fort Loudon,PA,591,3.960
7128,DUMMY TRUCK STOP #6128,"I-20, EXIT 266",McCord Bend,MO,297,3.228
7129,DUMMY TRUCK STOP #6129,"I-81, EXIT 299",Richmond,VA,891,3.771
7130,DUMMY TRUCK STOP #6130,"I-75, EXIT 334",Val Verde,CA,154,4.779
7131,DUMMY TRUCK STOP #6131,"I-81, EXIT 270",Harrisville,RI,727,3.719
7132,DUMMY TRUCK STOP #6132,"I-90, EXIT 336",Zanesville,OH,358,3.532
7133,DUMMY TRUCK STOP #6133,"I-64, EXIT 298",Tovey,IL,729,3.902
7134,DUMMY TRUCK STOP #6134,"I-81, EXIT 320",Brundidge,AL,714,3.122
7135,DUMMY TRUCK STOP #6135,"I-25, EXIT 55",White Castle,LA,602,3.350
7136,DUMMY TRUCK STOP #6136,"I-20, EXIT 57",Landover,MD,385,3.637
7137,DUMMY TRUCK STOP #6137,"I-65, EXIT 214",Groesbeck,OH,464,3.523
7138,DUMMY TRUCK STOP #6138,"I-90, EXIT 49",Delia,KS,666,3.197
7139,DUMMY TRUCK STOP #6139,"I-5, EXIT 222",Bliss,NY,178,3.956
7140,DUMMY TRUCK STOP #6140,"I-85, EXIT 109",Pine Lake Park,NJ,747,3.669
7141,DUMMY TRUCK STOP #6141,"I-65, EXIT 209",Carson City,MI,349,3.811
7142,DUMMY TRUCK STOP #6142,"I-20, EXIT 209",Blain,PA,304,3.715
7143,DUMMY TRUCK STOP #6143,"I-81, EXIT 188",Gerrard,CO,460,3.602
7144,DUMMY TRUCK STOP #6144,"I-81, EXIT 92",Ozark Acres,AR,862,3.154
7145,DUMMY TRUCK STOP #6145,"I-80, EXIT 306",Lake City,GA,412,3.475
7146,DUMMY TRUCK STOP #6146,"I-80, EXIT 112",Magnet,NE,599,3.212
7147,DUMMY TRUCK STOP #6147,"I-15, EXIT 294",Miami,FL,316,3.684
7148,DUMMY TRUCK STOP #6148,"I-90, EXIT 303",Frenchville,PA,763,3.940
7149,DUMMY TRUCK STOP #6149,"I-75, EXIT 272",Jacksonville,TX,270,2.941
7150,DUMMY TRUCK STOP #6150,"I-10, EXIT 59",Hopewell,PA,881,3.934
7151,DUMMY TRUCK STOP #6151,"I-85, EXIT 40",Marion,MN,536,3.589
7152,DUMMY TRUCK STOP #6152,"I-85, EXIT 179",Gypsum,CO,293,3.873
7153,DUMMY TRUCK STOP #6153,"I-20, EXIT 200",Waynesville,IN,327,3.828
7154,DUMMY TRUCK STOP #6154,"I-40, EXIT 216",Dodge,ND,223,3.234
7155,DUMMY TRUCK STOP #6155,"I-85, EXIT 315",Fulton,IL,639,3.843
7156,DUMMY TRUCK STOP #6156,"I-65, EXIT 138",Campbell Hill,IL,692,3.673
7157,DUMMY TRUCK STOP #6157,"I-64, EXIT 309",Briaroaks,TX,157,3.490
7158,DUMMY TRUCK STOP #6158,"I-44, EXIT 244",New Deal,TN,788,3.380
7159,DUMMY TRUCK STOP #6159,"I-64, EXIT 191",Rio,IL,628,3.888
7160,DUMMY TRUCK STOP #6160,"I-65, EXIT 258",Palmyra,MO,330,3.345
7161,DUMMY TRUCK STOP #6161,"I-44, EXIT 349",Plainview Colony,SD,712,3.297
7162,DUMMY TRUCK STOP #6162,"I-95, EXIT 281",Freemansburg,PA,876,4.208
7163,DUMMY TRUCK STOP #6163,"I-55, EXIT 112",Paris,TN,718,3.350
7164,DUMMY TRUCK STOP #6164,"I-25, EXIT 75",Inverness,CO,429,3.459
7165,DUMMY TRUCK STOP #6165,"I-20, EXIT 225",Wilmerding,PA,378,4.115
7166,DUMMY TRUCK STOP #6166,"I-15, EXIT 308",Rockville,MN,817,3.126
7167,DUMMY TRUCK STOP #6167,"I-15, EXIT 323",Piney,AR,856,3.240
7168,DUMMY TRUCK STOP #6168,"I-55, EXIT 253",Granville South,OH,531,3.541
7169,DUMMY TRUCK STOP #6169,"I-20, EXIT 94",Lawton,OK,823,3.463
7170,DUMMY TRUCK STOP #6170,"I-40, EXIT 208",Cofield,NC,138,3.217
7171,DUMMY TRUCK STOP #6171,"I-44, EXIT 293",Highland Acres,DE,712,3.763
7172,DUMMY TRUCK STOP #6172,"I-55, EXIT 184",South Congaree,SC,364,3.456
7173,DUMMY TRUCK STOP #6173,"I-94, EXIT 129",Motley,VA,425,3.650
7174,DUMMY TRUCK STOP #6174,"I-44, EXIT 49",Pascola,MO,421,3.271
7175,DUMMY TRUCK STOP #6175,"I-44, EXIT 5",Woodville,OH,890,3.461
7176,DUMMY TRUCK STOP #6176,"I-85, EXIT 307",Cramerton,NC,509,3.649
7177,DUMMY TRUCK STOP #6177,"I-10, EXIT 334",Winchester,NV,701,3.758
7178,DUMMY TRUCK STOP #6178,"I-80, EXIT 339",Highland Park,FL,413,3.461
7179,DUMMY TRUCK STOP #6179,"I-94, EXIT 238",Valparaiso,NE,238,3.144
7180,DUMMY TRUCK STOP #6180,"I-55, EXIT 17",Dothan,AL,675,3.541
7181,DUMMY TRUCK STOP #6181,"I-35, EXIT 56",Wheeler,WI,571,3.696
7182,DUMMY TRUCK STOP #6182,"I-85, EXIT 326",North Charleroi,PA,895,4.027
7183,DUMMY TRUCK STOP #6183,"I-15, EXIT 215",Southside,AR,510,3.375
7184,DUMMY TRUCK STOP #6184,"I-90, EXIT 33",Oasis,UT,168,3.499
7185,DUMMY TRUCK STOP #6185,"I-85, EXIT 99",Tunica Resorts,MS,539,3.290
7186,DUMMY TRUCK STOP #6186,"I-81, EXIT 15",Autryville,NC,589,3.363
7187,DUMMY TRUCK STOP #6187,"I-44, EXIT 151",Lindsay,TX,111,3.118
7188,DUMMY TRUCK STOP #6188,"I-35, EXIT 157",Blucksberg Mountain,SD,235,3.314
7189,DUMMY TRUCK STOP #6189,"I-55, EXIT 49",Heyburn,ID,804,3.548
7190,DUMMY TRUCK STOP #6190,"I-90, EXIT 118",Medford,OR,162,3.990
7191,DUMMY TRUCK STOP #6191,"I-35, EXIT 121",Stone Ridge,NY,544,3.812
7192,DUMMY TRUCK STOP #6192,"I-65, EXIT 158",White,GA,114,3.559
7193,DUMMY TRUCK STOP #6193,"I-64, EXIT 149",Mercer,PA,374,4.237
7194,DUMMY TRUCK STOP #6194,"I-35, EXIT 152",Cheval,FL,879,3.626
7195,DUMMY TRUCK STOP #6195,"I-55, EXIT 80",Collbran,CO,785,3.910
7196,DUMMY TRUCK STOP #6196,"I-5, EXIT 81",Mechanicsburg,VA,809,3.486
7197,DUMMY TRUCK STOP #6197,"I-70, EXIT 4",Whitehouse,OH,814,3.640
7198,DUMMY TRUCK STOP #6198,"I-64, EXIT 225",Pine Level,NC,521,3.772
7199,DUMMY TRUCK STOP #6199,"I-15, EXIT 61",Wadesboro,NC,784,3.224
7200,DUMMY TRUCK STOP #6200,"I-90, EXIT 219",Pikeville,KY,773,3.757
7201,DUMMY TRUCK STOP #6201,"I-55, EXIT 5",Wells,NV,727,4.200
7202,DUMMY TRUCK STOP #6202,"I-95, EXIT 146",Morenci,MI,205,3.765
7203,DUMMY TRUCK STOP #6203,"I-94, EXIT 318",Gretna,VA,823,3.489
7204,DUMMY TRUCK STOP #6204,"I-15, EXIT 99",Lake Norden,SD,578,3.556
7205,DUMMY TRUCK STOP #6205,"I-25, EXIT 154",Mulino,OR,432,4.351
7206,DUMMY TRUCK STOP #6206,"I-15, EXIT 325",Chickasaw Point,SC,738,3.338
7207,DUMMY TRUCK STOP #6207,"I-35, EXIT 198",Arkansaw,WI,177,3.820
7208,DUMMY TRUCK STOP #6208,"I-15, EXIT 14",Marshalltown,IA,758,3.485
7209,DUMMY TRUCK STOP #6209,"I-55, EXIT 93",Coates,MN,867,3.555
7210,DUMMY TRUCK STOP #6210,"I-95, EXIT 304",Dover-Foxcroft,ME,279,3.768
7211,DUMMY TRUCK STOP #6211,"I-44, EXIT 246",Furley,KS,491,3.690
7212,DUMMY TRUCK STOP #6212,"I-75, EXIT 222",Mansfield,MO,697,3.299
7213,DUMMY TRUCK STOP #6213,"I-35, EXIT 86",Goulding,FL,683,3.156
7214,DUMMY TRUCK STOP #6214,"I-70, EXIT 120",Lakewood Ranch,FL,337,2.927
7215,DUMMY TRUCK STOP #6215,"I-55, EXIT 48",Pease,MN,166,3.423
7216,DUMMY TRUCK STOP #6216,"I-94, EXIT 99",Ruffin,NC,723,3.432
7217,DUMMY TRUCK STOP #6217,"I-44, EXIT 157",Avonia,PA,229,3.898
7218,DUMMY TRUCK STOP #6218,"I-55, EXIT 335",Southmont,PA,746,3.743
7219,DUMMY TRUCK STOP #6219,"I-75, EXIT 218",Echelon,NJ,789,3.945
7220,DUMMY TRUCK STOP #6220,"I-35, EXIT 263",Liberty,KS,862,3.133
7221,DUMMY TRUCK STOP #6221,"I-40, EXIT 154",Daisetta,TX,790,3.220
7222,DUMMY TRUCK STOP #6222,"I-90, EXIT 276",Bloomville,NY,719,4.321
7223,DUMMY TRUCK STOP #6223,"I-40, EXIT 242",Greenbush,WI,479,3.467
7224,DUMMY TRUCK STOP #6224,"I-20, EXIT 270",East Greenville,PA,490,4.182
7225,DUMMY TRUCK STOP #6225,"I-10, EXIT 260",Nuremberg,PA,545,3.822
7226,DUMMY TRUCK STOP #6226,"I-70, EXIT 148",East Atlantic Beach,NY,279,4.247
7227,DUMMY TRUCK STOP #6227,"I-35, EXIT 197",Girard,OH,735,3.638
7228,DUMMY TRUCK STOP #6228,"I-25, EXIT 284",St. Francisville,IL,437,4.084
7229,DUMMY TRUCK STOP #6229,"I-40, EXIT 175",Irwin,IL,122,3.691
7230,DUMMY TRUCK STOP #6230,"I-95, EXIT 178",New Athens,IL,267,3.964
7231,DUMMY TRUCK STOP #6231,"I-90, EXIT 319",Brady Lake,OH,482,4.048
7232,DUMMY TRUCK STOP #6232,"I-55, EXIT 246",Exton,PA,746,3.993
7233,DUMMY TRUCK STOP #6233,"I-80, EXIT 310",Hecla,SD,532,3.490
7234,DUMMY TRUCK STOP #6234,"I-64, EXIT 168",Cave Junction,OR,314,4.098
7235,DUMMY TRUCK STOP #6235,"I-85, EXIT 208",Rockland,ME,436,3.564
7236,DUMMY TRUCK STOP #6236,"I-10, EXIT 133",Leon,OK,568,3.223
7237,DUMMY TRUCK STOP #6237,"I-40, EXIT 3",Fruitville,FL,138,3.661
7238,DUMMY TRUCK STOP #6238,"I-95, EXIT 302",Donegal,PA,448,4.210
7239,DUMMY TRUCK STOP #6239,"I-81, EXIT 109",Rocky Ridge,OH,381,3.666
7240,DUMMY TRUCK STOP #6240,"I-64, EXIT 313",Kooskia,ID,760,3.925
7241,DUMMY TRUCK STOP #6241,"I-80, EXIT 221",Shallowater,TX,560,3.007
7242,DUMMY TRUCK STOP #6242,"I-95, EXIT 276",Springer,NM,725,3.551
7243,DUMMY TRUCK STOP #6243,"I-80, EXIT 55",Rickreall,OR,568,4.025
7244,DUMMY TRUCK STOP #6244,"I-5, EXIT 222",Kingston,OH,698,3.605
7245,DUMMY TRUCK STOP #6245,"I-81, EXIT 43",Prospect,KY,182,3.780
7246,DUMMY TRUCK STOP #6246,"I-5, EXIT 111",Dixonville,PA,636,4.161
7247,DUMMY TRUCK STOP #6247,"I-81, EXIT 53",Woodmoor,CO,444,3.520
7248,DUMMY TRUCK STOP #6248,"I-75, EXIT 246",Ben Avon,SC,467,3.742
7249,DUMMY TRUCK STOP #6249,"I-5, EXIT 335",Flower Hill,MD,446,3.347
7250,DUMMY TRUCK STOP #6250,"I-15, EXIT 278",Lacona,NY,845,4.292
7251,DUMMY TRUCK STOP #6251,"I-20, EXIT 197",Toston,MT,603,3.168
7252,DUMMY TRUCK STOP #6252,"I-64, EXIT 134",Westport,NY,676,4.136
7253,DUMMY TRUCK STOP #6253,"I-40, EXIT 146",Otter Lake,NY,810,4.357
7254,DUMMY TRUCK STOP #6254,"I-40, EXIT 189",Fanshawe,OK,725,2.972
7255,DUMMY TRUCK STOP #6255,"I-95, EXIT 265",Justin,TX,435,3.542
7256,DUMMY TRUCK STOP #6256,"I-5, EXIT 143",Strathcona,MN,431,3.166
7257,DUMMY TRUCK STOP #6257,"I-65, EXIT 210",Meridian,OK,518,3.152
7258,DUMMY TRUCK STOP #6258,"I-95, EXIT 118",Smith Corner,PA,596,4.017
7259,DUMMY TRUCK STOP #6259,"I-55, EXIT 92",Golden,NM,674,3.420
7260,DUMMY TRUCK STOP #6260,"I-80, EXIT 37",West Burlington,IA,582,3.396
7261,DUMMY TRUCK STOP #6261,"I-35, EXIT 170",Boyle,MS,556,3.309
7262,DUMMY TRUCK STOP #6262,"I-20, EXIT 154",Pell City,AL,134,3.105
7263,DUMMY TRUCK STOP #6263,"I-44, EXIT 276",Preakness,NJ,431,3.940
7264,DUMMY TRUCK STOP #6264,"I-85, EXIT 220",Glenwood Springs,CO,862,3.416
7265,DUMMY TRUCK STOP #6265,"I-64, EXIT 264",Mesquite Creek,AZ,173,3.932
7266,DUMMY TRUCK STOP #6266,"I-80, EXIT 128",Jackson,MI,629,3.855
7267,DUMMY TRUCK STOP #6267,"I-80, EXIT 287",Plantation,FL,153,3.358
7268,DUMMY TRUCK STOP #6268,"I-75, EXIT 101",Armona,CA,430,4.563
7269,DUMMY TRUCK STOP #6269,"I-15, EXIT 12",Hough,OK,888,3.023
7270,DUMMY TRUCK STOP #6270,"I-15, EXIT 73",Bucks Lake,CA,549,4.740
7271,DUMMY TRUCK STOP #6271,"I-65, EXIT 44",Homer,IL,725,3.633
7272,DUMMY TRUCK STOP #6272,"I-40, EXIT 1",Villa del Sol,TX,877,3.097
7273,DUMMY TRUCK STOP #6273,"I-70, EXIT 76",Sturgeon,PA,825,3.940
7274,DUMMY TRUCK STOP #6274,"I-85, EXIT 236",Folkston,GA,458,3.740
7275,DUMMY TRUCK STOP #6275,"I-10, EXIT 111",Williamson,IA,496,3.050
7276,DUMMY TRUCK STOP #6276,"I-65, EXIT 213",Watts,OK,250,3.104
7277,DUMMY TRUCK STOP #6277,"I-80, EXIT 111",Shelby,IN,359,3.862
7278,DUMMY TRUCK STOP #6278,"I-64, EXIT 349",Purcellville,VA,388,3.588
7279,DUMMY TRUCK STOP #6279,"I-75, EXIT 261",Cuyama,CA,899,4.808
7280,DUMMY TRUCK STOP #6280,"I-75, EXIT 126",Parkersburg,WV,338,3.835
7281,DUMMY TRUCK STOP #6281,"I-25, EXIT 101",McCleary,WA,327,4.505
7282,DUMMY TRUCK STOP #6282,"I-70, EXIT 226",Leonore,IL,795,3.843
7283,DUMMY TRUCK STOP #6283,"I-10, EXIT 230",Vandling,PA,325,3.869
7284,DUMMY TRUCK STOP #6284,"I-20, EXIT 229",Sandia Park,NM,408,3.547
7285,DUMMY TRUCK STOP #6285,"I-81, EXIT 220",Yucca,AZ,277,3.818
7286,DUMMY TRUCK STOP #6286,"I-80, EXIT 70",Graham,WA,497,4.616
7287,DUMMY TRUCK STOP #6287,"I-94, EXIT 161",McKittrick,MO,813,3.206
7288,DUMMY TRUCK STOP #6288,"I-10, EXIT 261",Washam,WY,728,3.630
7289,DUMMY TRUCK STOP #6289,"I-85, EXIT 254",Mott,ND,371,3.687
7290,DUMMY TRUCK STOP #6290,"I-85, EXIT 192",Nicut,OK,727,3.018
7291,DUMMY TRUCK STOP #6291,"I-44, EXIT 147",Philadelphia,PA,614,4.029
7292,DUMMY TRUCK STOP #6292,"I-65, EXIT 71",Kenmore,NY,701,4.297
7293,DUMMY TRUCK STOP #6293,"I-81, EXIT 130",New Witten,SD,128,3.329
7294,DUMMY TRUCK STOP #6294,"I-44, EXIT 244",Monticello,WI,498,3.543
7295,DUMMY TRUCK STOP #6295,"I-64, EXIT 13",Parma Heights,OH,371,3.475
7296,DUMMY TRUCK STOP #6296,"I-25, EXIT 12",Island Park,NY,591,4.199
7297,DUMMY TRUCK STOP #6297,"I-64, EXIT 306",St. Ignace,MI,555,3.552
7298,DUMMY TRUCK STOP #6298,"I-70, EXIT 103",Hobart,IN,405,3.830
7299,DUMMY TRUCK STOP #6299,"I-85, EXIT 107",Collingswood,NJ,767,3.984
7300,DUMMY TRUCK STOP #6300,"I-40, EXIT 31",Tangent,OR,736,4.283
7301,DUMMY TRUCK STOP #6301,"I-10, EXIT 293",Brigham City,UT,384,3.330
7302,DUMMY TRUCK STOP #6302,"I-10, EXIT 210",North Plains,OR,481,4.033
7303,DUMMY TRUCK STOP #6303,"I-25, EXIT 124",Gause,TX,862,2.917
7304,DUMMY TRUCK STOP #6304,"I-64, EXIT 135",Prattsville,AR,451,3.423
7305,DUMMY TRUCK STOP #6305,"I-65, EXIT 336",Lake Isabella,MI,772,3.719
7306,DUMMY TRUCK STOP #6306,"I-80, EXIT 188",Posen,MI,351,4.214
7307,DUMMY TRUCK STOP #6307,"I-40, EXIT 347",Willard,UT,233,3.538
7308,DUMMY TRUCK STOP #6308,"I-80, EXIT 221",Arlington,OR,132,4.295
7309,DUMMY TRUCK STOP #6309,"I-5, EXIT 19",Cerulean,KY,366,3.179
7310,DUMMY TRUCK STOP #6310,"I-81, EXIT 15",Coxsackie,NY,684,3.856
7311,DUMMY TRUCK STOP #6311,"I-44, EXIT 158",Bakersfield Country Club,CA,698,4.744
7312,DUMMY TRUCK STOP #6312,"I-70, EXIT 216",Petrey,AL,179,3.232
7313,DUMMY TRUCK STOP #6313,"I-90, EXIT 291",Colfax,WI,705,3.692
7314,DUMMY TRUCK STOP #6314,"I-75, EXIT 161",Speedway,IN,182,3.881
7315,DUMMY TRUCK STOP #6315,"I-65, EXIT 258",Lakemoor,IL,320,3.871
7316,DUMMY TRUCK STOP #6316,"I-81, EXIT 142",Ai,OH,511,3.743
7317,DUMMY TRUCK STOP #6317,"I-64, EXIT 241",Elmer,MO,559,3.061
7318,DUMMY TRUCK STOP #6318,"I-80, EXIT 48",Wonder Lake,IL,622,3.869
7319,DUMMY TRUCK STOP #6319,"I-90, EXIT 250",Guilford Lake,OH,784,3.538
7320,DUMMY TRUCK STOP #6320,"I-5, EXIT 144",Coopertown,TN,837,3.097
7321,DUMMY TRUCK STOP #6321,"I-75, EXIT 344",Orleans,VT,766,3.369
7322,DUMMY TRUCK STOP #6322,"I-75, EXIT 281",East View,WV,250,3.657
7323,DUMMY TRUCK STOP #6323,"I-70, EXIT 69",Pittsfield,MA,477,3.592
7324,DUMMY TRUCK STOP #6324,"I-75, EXIT 176",Wells Tannery,PA,714,4.019
7325,DUMMY TRUCK STOP #6325,"I-15, EXIT 142",Chimney Rock Village,NC,835,3.422
7326,DUMMY TRUCK STOP #6326,"I-35, EXIT 120",Barker,NY,808,4.133
7327,DUMMY TRUCK STOP #6327,"I-95, EXIT 96",Parkland,PA,608,4.084
7328,DUMMY TRUCK STOP #6328,"I-80, EXIT 147",Seven Lakes,NC,117,3.739
7329,DUMMY TRUCK STOP #6329,"I-44, EXIT 320",German Valley,IL,647,3.662
7330,DUMMY TRUCK STOP #6330,"I-80, EXIT 90",Lake City,PA,259,4.365
7331,DUMMY TRUCK STOP #6331,"I-15, EXIT 111",Eliza,IL,190,3.855
7332,DUMMY TRUCK STOP #6332,"I-94, EXIT 199",Valley Bend,WV,485,3.625
7333,DUMMY TRUCK STOP #6333,"I-81, EXIT 125",Independence,MO,318,3.403
7334,DUMMY TRUCK STOP #6334,"I-94, EXIT 303",Idaho City,ID,192,3.742
7335,DUMMY TRUCK STOP #6335,"I-90, EXIT 174",Vanoss,OK,271,3.144
7336,DUMMY TRUCK STOP #6336,"I-55, EXIT 234",Lake Nacimiento,CA,406,5.043
7337,DUMMY TRUCK STOP #6337,"I-5, EXIT 97",Lake View,TX,435,3.373
7338,DUMMY TRUCK STOP #6338,"I-55, EXIT 145",Wildwood,GA,205,3.096
7339,DUMMY TRUCK STOP #6339,"I-35, EXIT 116",New Kensington,PA,616,4.432
7340,DUMMY TRUCK STOP #6340,"I-85, EXIT 331",Gibbsboro,NJ,331,3.890
7341,DUMMY TRUCK STOP #6341,"I-94, EXIT 350",Northwest Harwinton,CT,816,4.395
7342,DUMMY TRUCK STOP #6342,"I-80, EXIT 212",Terrace Heights,WA,417,3.974
7343,DUMMY TRUCK STOP #6343,"I-85, EXIT 155",Highfill,AR,197,3.571
7344,DUMMY TRUCK STOP #6344,"I-40, EXIT 47",Moorhead,MS,308,3.038
7345,DUMMY TRUCK STOP #6345,"I-40, EXIT 5",Quimby,IA,244,3.413
7346,DUMMY TRUCK STOP #6346,"I-70, EXIT 264",Freedom Plains,NY,482,4.115
7347,DUMMY TRUCK STOP #6347,"I-80, EXIT 163",Dyersville,IA,647,3.480
7348,DUMMY TRUCK STOP #6348,"I-15, EXIT 179",DeBary,FL,315,3.864
7349,DUMMY TRUCK STOP #6349,"I-94, EXIT 187",Rains,SC,753,3.702
7350,DUMMY TRUCK STOP #6350,"I-35, EXIT 61",Rolling Hills,WY,600,3.322
7351,DUMMY TRUCK STOP #6351,"I-10, EXIT 296",Wildwood,IN,635,3.598
7352,DUMMY TRUCK STOP #6352,"I-64, EXIT 347",Florence,AL,177,3.250
7353,DUMMY TRUCK STOP #6353,"I-94, EXIT 193",Dulac,LA,438,3.665
7354,DUMMY TRUCK STOP #6354,"I-70, EXIT 266",Wildwood,MO,213,2.960
7355,DUMMY TRUCK STOP #6355,"I-35, EXIT 111",Dauphin,PA,650,3.932
7356,DUMMY TRUCK STOP #6356,"I-40, EXIT 50",Prentice,WI,701,3.566
7357,DUMMY TRUCK STOP #6357,"I-95, EXIT 47",Hamburg,AR,660,3.291
7358,DUMMY TRUCK STOP #6358,"I-10, EXIT 29",Zolfo Springs,FL,300,3.718
7359,DUMMY TRUCK STOP #6359,"I-55, EXIT 198",Tusculum,TN,293,3.364
7360,DUMMY TRUCK STOP #6360,"I-55, EXIT 66",Love Valley,NC,820,3.434
7361,DUMMY TRUCK STOP #6361,"I-64, EXIT 81",Wiederkehr Village,AR,205,2.990
7362,DUMMY TRUCK STOP #6362,"I-70, EXIT 295",Calcutta,OH,574,3.494
7363,DUMMY TRUCK STOP #6363,"I-10, EXIT 301",Mayville,ND,853,3.495
7364,DUMMY TRUCK STOP #6364,"I-20, EXIT 89",Pulaski,WI,164,3.316
7365,DUMMY TRUCK STOP #6365,"I-40, EXIT 152",Dulles Town Center,VA,192,3.446
7366,DUMMY TRUCK STOP #6366,"I-15, EXIT 152",Inavale,NE,841,3.340
7367,DUMMY TRUCK STOP #6367,"I-15, EXIT 171",Port Jefferson Station,NY,756,4.053
7368,DUMMY TRUCK STOP #6368,"I-70, EXIT 186",Central Islip,NY,300,4.219
7369,DUMMY TRUCK STOP #6369,"I-65, EXIT 115",Oxford,MD,139,3.859
7370,DUMMY TRUCK STOP #6370,"I-40, EXIT 31",Kennedy,CA,414,4.389
7371,DUMMY TRUCK STOP #6371,"I-94, EXIT 46",Cochranville,PA,787,3.993
7372,DUMMY TRUCK STOP #6372,"I-20, EXIT 25",Jeffersonville,KY,731,3.638
7373,DUMMY TRUCK STOP #6373,"I-70, EXIT 315",Springdale,NJ,662,4.146
7374,DUMMY TRUCK STOP #6374,"I-64, EXIT 340",Steeleville,IL,886,3.800
7375,DUMMY TRUCK STOP #6375,"I-80, EXIT 122",San Perlita,TX,867,3.074
7376,DUMMY TRUCK STOP #6376,"I-64, EXIT 167",North Wildwood,NJ,410,4.034
7377,DUMMY TRUCK STOP #6377,"I-35, EXIT 306",Garnet,CA,705,4.918
7378,DUMMY TRUCK STOP #6378,"I-20, EXIT 73",Exeter,NH,516,3.757
7379,DUMMY TRUCK STOP #6379,"I-55, EXIT 175",Dooling,GA,256,3.679
7380,DUMMY TRUCK STOP #6380,"I-10, EXIT 214",Sargeant,MN,414,3.367
7381,DUMMY TRUCK STOP #6381,"I-20, EXIT 12",Texico,NM,529,3.282
7382,DUMMY TRUCK STOP #6382,"I-20, EXIT 196",Manuelito,NM,756,3.064
7383,DUMMY TRUCK STOP #6383,"I-5, EXIT 31",Gillette,WY,871,3.268
7384,DUMMY TRUCK STOP #6384,"I-90, EXIT 326",Sequoia Crest,CA,235,4.920
7385,DUMMY TRUCK STOP #6385,"I-20, EXIT 208",Chesapeake Ranch Estates,MD,648,3.673
7386,DUMMY TRUCK STOP #6386,"I-25, EXIT 214",Thebes,IL,615,3.915
7387,DUMMY TRUCK STOP #6387,"I-15, EXIT 325",Percy,IL,611,3.892
7388,DUMMY TRUCK STOP #6388,"I-70, EXIT 327",Green Valley,SD,511,3.353
7389,DUMMY TRUCK STOP #6389,"I-95, EXIT 196",Gilliam,LA,249,3.401
7390,DUMMY TRUCK STOP #6390,"I-5, EXIT 271",Estelle,LA,298,3.526
7391,DUMMY TRUCK STOP #6391,"I-15, EXIT 2",Springdale,MD,111,3.457
7392,DUMMY TRUCK STOP #6392,"I-70, EXIT 292",Everest,KS,335,3.095
7393,DUMMY TRUCK STOP #6393,"I-70, EXIT 253",Shelbyville,IL,232,4.007
7394,DUMMY TRUCK STOP #6394,"I-25, EXIT 283",Los Ebanos,TX,742,3.398
7395,DUMMY TRUCK STOP #6395,"I-35, EXIT 75",Scranton,ND,131,3.230
7396,DUMMY TRUCK STOP #6396,"I-10, EXIT 331",Florence,TX,776,3.227
7397,DUMMY TRUCK STOP #6397,"I-94, EXIT 174",Lima,MT,730,3.261
7398,DUMMY TRUCK STOP #6398,"I-85, EXIT 66",Islip Terrace,NY,360,4.229
7399,DUMMY TRUCK STOP #6399,"I-20, EXIT 75",Tremont,PA,724,4.128
7400,DUMMY TRUCK STOP #6400,"I-70, EXIT 46",Reno Beach,OH,402,3.484
7401,DUMMY TRUCK STOP #6401,"I-10, EXIT 170",Joppa,AL,793,3.104
7402,DUMMY TRUCK STOP #6402,"I-90, EXIT 329",Vona,CO,123,3.884
7403,DUMMY TRUCK STOP #6403,"I-90, EXIT 205",Gregory,OK,116,3.123
7404,DUMMY TRUCK STOP #6404,"I-75, EXIT 23",Washburn,ME,394,3.502
7405,DUMMY TRUCK STOP #6405,"I-35, EXIT 135",Glendale,MO,113,3.095
7406,DUMMY TRUCK STOP #6406,"I-80, EXIT 184",Laurel,IN,407,3.714
7407,DUMMY TRUCK STOP #6407,"I-75, EXIT 311",Minster,OH,449,3.806
7408,DUMMY TRUCK STOP #6408,"I-10, EXIT 297",Hoople,ND,123,3.408
7409,DUMMY TRUCK STOP #6409,"I-90, EXIT 300",Apple Creek,OH,617,3.697
7410,DUMMY TRUCK STOP #6410,"I-65, EXIT 224",Morgantown,IN,501,3.825
7411,DUMMY TRUCK STOP #6411,"I-10, EXIT 49",Comfort,WV,498,3.736
7412,DUMMY TRUCK STOP #6412,"I-65, EXIT 322",Grand Prairie,TX,462,3.118
7413,DUMMY TRUCK STOP #6413,"I-90, EXIT 287",Northfield,KY,603,3.362
7414,DUMMY TRUCK STOP #6414,"I-90, EXIT 261",Northwest Stanwood,WA,622,4.490
7415,DUMMY TRUCK STOP #6415,"I-70, EXIT 218",Snowmass Village,CO,813,3.203
7416,DUMMY TRUCK STOP #6416,"I-44, EXIT 38",Elias-Fela Solis,TX,310,3.280
7417,DUMMY TRUCK STOP #6417,"I-80, EXIT 332",Alvord,IA,231,3.001
7418,DUMMY TRUCK STOP #6418,"I-25, EXIT 303",Red Rock Ranch,NM,123,3.741
7419,DUMMY TRUCK STOP #6419,"I-40, EXIT 285",Kenhorst,PA,491,4.471
7420,DUMMY TRUCK STOP #6420,"I-5, EXIT 144",Stanwood,IA,593,2.978
7421,DUMMY TRUCK STOP #6421,"I-81, EXIT 41",Low Mountain,AZ,871,3.920
7422,DUMMY TRUCK STOP #6422,"I-95, EXIT 316",Laurence Harbor,NJ,115,3.723
7423,DUMMY TRUCK STOP #6423,"I-65, EXIT 63",Comstock Park,MI,878,3.707
7424,DUMMY TRUCK STOP #6424,"I-55, EXIT 267",Greentree,NJ,700,3.882
7425,DUMMY TRUCK STOP #6425,"I-44, EXIT 287",North Pownal,VT,272,3.690
7426,DUMMY TRUCK STOP #6426,"I-95, EXIT 149",Glasgow Village,MO,415,2.907
7427,DUMMY TRUCK STOP #6427,"I-20, EXIT 133",Daykin,NE,570,3.604
7428,DUMMY TRUCK STOP #6428,"I-95, EXIT 25",Maysville,AR,470,3.376
7429,DUMMY TRUCK STOP #6429,"I-94, EXIT 123",Holyrood,KS,702,3.270
7430,DUMMY TRUCK STOP #6430,"I-70, EXIT 48",Sebring,OH,853,3.893
7431,DUMMY TRUCK STOP #6431,"I-10, EXIT 289",Dupo,IL,439,3.695
7432,DUMMY TRUCK STOP #6432,"I-44, EXIT 65",Morganfield,KY,773,3.518
7433,DUMMY TRUCK STOP #6433,"I-94, EXIT 131",Gillette,NJ,622,3.824
7434,DUMMY TRUCK STOP #6434,"I-90, EXIT 207",North Edwards,CA,741,4.542
7435,DUMMY TRUCK STOP #6435,"I-65, EXIT 195",Tooleville,CA,805,4.446
7436,DUMMY TRUCK STOP #6436,"I-25, EXIT 304",Oak Park,GA,270,3.295
7437,DUMMY TRUCK STOP #6437,"I-94, EXIT 340",Nakaibito,NM,290,3.271
7438,DUMMY TRUCK STOP #6438,"I-35, EXIT 270",Estancia,NM,268,3.646
7439,DUMMY TRUCK STOP #6439,"I-20, EXIT 270",Banner Hill,TN,323,3.220
7440,DUMMY TRUCK STOP #6440,"I-25, EXIT 126",Cincinnati,OH,482,3.321
7441,DUMMY TRUCK STOP #6441,"I-90, EXIT 264",El Rancho,CA,451,4.798
7442,DUMMY TRUCK STOP #6442,"I-80, EXIT 275",Northlake,IL,844,3.987
7443,DUMMY TRUCK STOP #6443,"I-80, EXIT 249",Hugo,OK,519,3.022
7444,DUMMY TRUCK STOP #6444,"I-85, EXIT 258",Doylestown,OH,118,4.110
7445,DUMMY TRUCK STOP #6445,"I-65, EXIT 283",Pecatonica,IL,324,3.661
7446,DUMMY TRUCK STOP #6446,"I-85, EXIT 138",Lebanon Church,VA,851,3.433
7447,DUMMY TRUCK STOP #6447,"I-95, EXIT 244",Duck Hill,MS,442,3.169
7448,DUMMY TRUCK STOP #6448,"I-25, EXIT 41",Cotopaxi,CO,336,3.707
7449,DUMMY TRUCK STOP #6449,"I-85, EXIT 166",McHenry,IL,452,3.725
7450,DUMMY TRUCK STOP #6450,"I-65, EXIT 308",Mosquero,NM,743,3.544
7451,DUMMY TRUCK STOP #6451,"I-85, EXIT 141",Bolivar,PA,650,4.166
7452,DUMMY TRUCK STOP #6452,"I-81, EXIT 142",Pulaski,PA,189,4.229
7453,DUMMY TRUCK STOP #6453,"I-64, EXIT 270",Atlanta,MO,495,3.264
7454,DUMMY TRUCK STOP #6454,"I-35, EXIT 220",Orient,OH,554,3.686
7455,DUMMY TRUCK STOP #6455,"I-20, EXIT 316",Isla Vista,CA,733,4.710
7456,DUMMY TRUCK STOP #6456,"I-85, EXIT 218",Shinglehouse,PA,363,4.132
7457,DUMMY TRUCK STOP #6457,"I-80, EXIT 183",Box Canyon,TX,425,3.078
7458,DUMMY TRUCK STOP #6458,"I-15, EXIT 184",Acworth,GA,897,3.473
7459,DUMMY TRUCK STOP #6459,"I-20, EXIT 314",Joseph City,AZ,512,3.752
7460,DUMMY TRUCK STOP #6460,"I-81, EXIT 272",Raytown,MO,713,3.080
7461,DUMMY TRUCK STOP #6461,"I-5, EXIT 26",Friedens,PA,679,3.673
7462,DUMMY TRUCK STOP #6462,"I-40, EXIT 180",Galliano,LA,854,3.437
7463,DUMMY TRUCK STOP #6463,"I-20, EXIT 203",Eudora,AR,296,3.135
7464,DUMMY TRUCK STOP #6464,"I-10, EXIT 44",Rancho Santa Fe,CA,876,4.747
7465,DUMMY TRUCK STOP #6465,"I-25, EXIT 89",North Freedom,WI,387,3.430
7466,DUMMY TRUCK STOP #6466,"I-25, EXIT 65",Bath Corner,SD,636,3.165
7467,DUMMY TRUCK STOP #6467,"I-40, EXIT 157",Leadore,ID,890,3.657
7468,DUMMY TRUCK STOP #6468,"I-35, EXIT 246",Stone Bluff,IN,490,3.971
7469,DUMMY TRUCK STOP #6469,"I-90, EXIT 131",Delta,UT,546,3.552
7470,DUMMY TRUCK STOP #6470,"I-10, EXIT 43",Herlong,CA,748,4.780
7471,DUMMY TRUCK STOP #6471,"I-55, EXIT 5",Saddle Rock Estates,NY,308,4.487
7472,DUMMY TRUCK STOP #6472,"I-40, EXIT 154",Beech Grove,IN,666,3.410
7473,DUMMY TRUCK STOP #6473,"I-65, EXIT 113",Utica,SD,549,3.744
7474,DUMMY TRUCK STOP #6474,"I-44, EXIT 192",Le Sueur,MN,639,3.511
7475,DUMMY TRUCK STOP #6475,"I-85, EXIT 54",Richland,MI,454,3.273
7476,DUMMY TRUCK STOP #6476,"I-65, EXIT 134",Franconia,VA,379,3.863
7477,DUMMY TRUCK STOP #6477,"I-44, EXIT 300",Eaton Estates,OH,257,3.672
7478,DUMMY TRUCK STOP #6478,"I-75, EXIT 21",Seven Corners,VA,729,3.566
7479,DUMMY TRUCK STOP #6479,"I-55, EXIT 207",Vaiden,MS,748,3.360
7480,DUMMY TRUCK STOP #6480,"I-25, EXIT 254",Seneca,SD,239,3.268
7481,DUMMY TRUCK STOP #6481,"I-40, EXIT 203",Uniontown,AL,813,3.455
7482,DUMMY TRUCK STOP #6482,"I-64, EXIT 320",Sheridan,MI,687,3.748
7483,DUMMY TRUCK STOP #6483,"I-25, EXIT 272",McAlester,OK,457,3.375
7484,DUMMY TRUCK STOP #6484,"I-80, EXIT 228",Lordship,CT,856,4.194
7485,DUMMY TRUCK STOP #6485,"I-90, EXIT 187",Jarales,NM,855,3.259
7486,DUMMY TRUCK STOP #6486,"I-10, EXIT 88",Bristol,WI,187,3.255
7487,DUMMY TRUCK STOP #6487,"I-65, EXIT 333",Middlefield,OH,772,4.019
7488,DUMMY TRUCK STOP #6488,"I-40, EXIT 286",Cleburne,TX,351,2.848
7489,DUMMY TRUCK STOP #6489,"I-81, EXIT 175",Sentinel Butte,ND,427,3.673
7490,DUMMY TRUCK STOP #6490,"I-94, EXIT 72",Dixon,CA,191,4.543
7491,DUMMY TRUCK STOP #6491,"I-80, EXIT 134",West Mifflin,PA,322,4.203
7492,DUMMY TRUCK STOP #6492,"I-70, EXIT 204",Seneca,PA,589,3.959
7493,DUMMY TRUCK STOP #6493,"I-75, EXIT 2",Bayshore,NC,556,3.360
7494,DUMMY TRUCK STOP #6494,"I-94, EXIT 313",Lester,WV,895,3.490
7495,DUMMY TRUCK STOP #6495,"I-65, EXIT 43",Bechtelsville,PA,782,4.218
7496,DUMMY TRUCK STOP #6496,"I-95, EXIT 292",Jovista,CA,202,4.455
7497,DUMMY TRUCK STOP #6497,"I-85, EXIT 192",North Laurel,MD,479,3.549
7498,DUMMY TRUCK STOP #6498,"I-15, EXIT 79",Osino,NV,686,4.009
7499,DUMMY TRUCK STOP #6499,"I-20, EXIT 158",Garden City,CO,718,3.486
7500,DUMMY TRUCK STOP #6500,"I-35, EXIT 174",Burdick,KS,310,3.120
7501,DUMMY TRUCK STOP #6501,"I-55, EXIT 318",Black Butte Ranch,OR,654,4.110
7502,DUMMY TRUCK STOP #6502,"I-35, EXIT 267",Mullinville,KS,877,3.082
7503,DUMMY TRUCK STOP #6503,"I-65, EXIT 340",Washington,NC,684,3.387
7504,DUMMY TRUCK STOP #6504,"I-85, EXIT 140",Poplar-Cotton Center,CA,550,4.631
7505,DUMMY TRUCK STOP #6505,"I-65, EXIT 299",New Tazewell,TN,137,3.143
7506,DUMMY TRUCK STOP #6506,"I-85, EXIT 10",Huntington,VA,470,3.607
7507,DUMMY TRUCK STOP #6507,"I-55, EXIT 333",Lake Angelus,MI,825,3.567
7508,DUMMY TRUCK STOP #6508,"I-40, EXIT 327",Big Falls,MN,413,3.757
7509,DUMMY TRUCK STOP #6509,"I-94, EXIT 242",Billings,OK,773,3.202
7510,DUMMY TRUCK STOP #6510,"I-85, EXIT 53",Utting,AZ,444,4.152
7511,DUMMY TRUCK STOP #6511,"I-35, EXIT 73",Jefferson City,MT,843,3.806
7512,DUMMY TRUCK STOP #6512,"I-5, EXIT 299",Buckhead,GA,372,3.101
7513,DUMMY TRUCK STOP #6513,"I-10, EXIT 250",Folsom,NM,514,3.489
7514,DUMMY TRUCK STOP #6514,"I-44, EXIT 153",Standard City,IL,215,3.446
7515,DUMMY TRUCK STOP #6515,"I-81, EXIT 239",Jay,FL,227,3.404
7516,DUMMY TRUCK STOP #6516,"I-10, EXIT 340",Shenandoah Heights,PA,148,4.190
7517,DUMMY TRUCK STOP #6517,"I-55, EXIT 237",Trimountain,MI,565,4.040
7518,DUMMY TRUCK STOP #6518,"I-44, EXIT 148",Angola on the Lake,NY,729,4.430
7519,DUMMY TRUCK STOP #6519,"I-15, EXIT 338",Grainfield,KS,368,3.379
7520,DUMMY TRUCK STOP #6520,"I-94, EXIT 248",Hanoverton,OH,236,3.668
7521,DUMMY TRUCK STOP #6521,"I-81, EXIT 257",Palm Springs,FL,444,3.700
7522,DUMMY TRUCK STOP #6522,"I-75, EXIT 131",La Harpe,KS,206,3.631
7523,DUMMY TRUCK STOP #6523,"I-85, EXIT 159",Pin Oak Acres,OK,197,3.174
7524,DUMMY TRUCK STOP #6524,"I-75, EXIT 274",Maple Glen,PA,436,4.191
7525,DUMMY TRUCK STOP #6525,"I-40, EXIT 318",Plainfield,OH,781,3.824
7526,DUMMY TRUCK STOP #6526,"I-65, EXIT 78",Bruce Crossing,MI,343,3.577
7527,DUMMY TRUCK STOP #6527,"I-70, EXIT 179",Morrison Crossroads,AL,665,3.443
7528,DUMMY TRUCK STOP #6528,"I-5, EXIT 346",Eagle Bay,NY,867,3.979
7529,DUMMY TRUCK STOP #6529,"I-70, EXIT 249",Elmont,NY,864,3.739
7530,DUMMY TRUCK STOP #6530,"I-64, EXIT 250",Lackland AFB,TX,470,2.917
7531,DUMMY TRUCK STOP #6531,"I-80, EXIT 207",Hockessin,DE,145,3.673
7532,DUMMY TRUCK STOP #6532,"I-25, EXIT 272",Keiser,AR,891,3.214
7533,DUMMY TRUCK STOP #6533,"I-20, EXIT 100",Equality,AL,520,3.513
7534,DUMMY TRUCK STOP #6534,"I-35, EXIT 123",Lakesite,TN,318,3.163
7535,DUMMY TRUCK STOP #6535,"I-64, EXIT 228",Linden,NC,101,3.436
7536,DUMMY TRUCK STOP #6536,"I-64, EXIT 10",Avon,MN,576,3.238
7537,DUMMY TRUCK STOP #6537,"I-95, EXIT 228",Mayhill,NM,748,3.596
7538,DUMMY TRUCK STOP #6538,"I-20, EXIT 131",Binghamton,NY,847,4.259
7539,DUMMY TRUCK STOP #6539,"I-85, EXIT 126",Penryn,CA,397,5.016
7540,DUMMY TRUCK STOP #6540,"I-20, EXIT 285",Reading,KS,457,3.215
7541,DUMMY TRUCK STOP #6541,"I-10, EXIT 266",Loganville,WI,829,3.397
7542,DUMMY TRUCK STOP #6542,"I-40, EXIT 256",South Connellsville,PA,390,3.822
7543,DUMMY TRUCK STOP #6543,"I-10, EXIT 63",Puzzletown,PA,572,3.836
7544,DUMMY TRUCK STOP #6544,"I-5, EXIT 98",Lavelle,PA,723,4.270
7545,DUMMY TRUCK STOP #6545,"I-15, EXIT 236",Gladeville,TN,456,3.338
7546,DUMMY TRUCK STOP #6546,"I-5, EXIT 338",Olmsted,IL,140,3.726
7547,DUMMY TRUCK STOP #6547,"I-10, EXIT 197",Parkers Prairie,MN,571,3.510
7548,DUMMY TRUCK STOP #6548,"I-95, EXIT 331",Norwalk,OH,376,3.507
7549,DUMMY TRUCK STOP #6549,"I-80, EXIT 306",Encore at Monroe,NJ,282,3.664
7550,DUMMY TRUCK STOP #6550,"I-90, EXIT 161",Oak Hill,FL,421,3.406
7551,DUMMY TRUCK STOP #6551,"I-25, EXIT 57",Forest Park,GA,867,3.273
7552,DUMMY TRUCK STOP #6552,"I-70, EXIT 297",Bath,IL,899,3.636
7553,DUMMY TRUCK STOP #6553,"I-95, EXIT 218",Sycamore,IL,555,3.819
7554,DUMMY TRUCK STOP #6554,"I-75, EXIT 347",Page,ND,355,3.727
7555,DUMMY TRUCK STOP #6555,"I-80, EXIT 250",Marvin,SD,345,3.328
7556,DUMMY TRUCK STOP #6556,"I-70, EXIT 345",Evansville,IL,464,3.895
7557,DUMMY TRUCK STOP #6557,"I-10, EXIT 251",Vernon,CO,159,3.480
7558,DUMMY TRUCK STOP #6558,"I-81, EXIT 66",Weston,ID,236,3.469
7559,DUMMY TRUCK STOP #6559,"I-15, EXIT 110",Justice,OK,336,3.028
7560,DUMMY TRUCK STOP #6560,"I-70, EXIT 55",Napeague,NY,871,4.124
7561,DUMMY TRUCK STOP #6561,"I-55, EXIT 98",Bell,CA,148,4.758
7562,DUMMY TRUCK STOP #6562,"I-81, EXIT 159",Tatamy,PA,268,4.070
7563,DUMMY TRUCK STOP #6563,"I-44, EXIT 222",Burlington Flats,NY,514,3.995
7564,DUMMY TRUCK STOP #6564,"I-44, EXIT 161",Savannah,MO,591,3.207
7565,DUMMY TRUCK STOP #6565,"I-80, EXIT 227",Newsoms,VA,887,3.482
7566,DUMMY TRUCK STOP #6566,"I-15, EXIT 138",Nashville-Davidson metropolitan government,TN,632,3.018
7567,DUMMY TRUCK STOP #6567,"I-5, EXIT 341",Keswick,CA,152,4.866
7568,DUMMY TRUCK STOP #6568,"I-81, EXIT 345",Chautauqua,KS,838,3.223
7569,DUMMY TRUCK STOP #6569,"I-80, EXIT 187",Ogdensburg,WI,674,3.473
7570,DUMMY TRUCK STOP #6570,"I-25, EXIT 200",Foster City,CA,125,4.920
7571,DUMMY TRUCK STOP #6571,"I-65, EXIT 93",Shipshewana,IN,785,3.265
7572,DUMMY TRUCK STOP #6572,"I-80, EXIT 122",Warm Springs,CA,846,4.708
7573,DUMMY TRUCK STOP #6573,"I-55, EXIT 35",Grand Ridge,IL,244,3.563
7574,DUMMY TRUCK STOP #6574,"I-90, EXIT 268",Laporte,PA,499,4.094
7575,DUMMY TRUCK STOP #6575,"I-15, EXIT 65",Howards Grove,WI,788,3.235
7576,DUMMY TRUCK STOP #6576,"I-25, EXIT 101",Tracy City,TN,270,3.403
7577,DUMMY TRUCK STOP #6577,"I-35, EXIT 166",Elmwood,LA,262,3.475
7578,DUMMY TRUCK STOP #6578,"I-75, EXIT 43",Mount Savage,MD,210,3.715
7579,DUMMY TRUCK STOP #6579,"I-94, EXIT 291",Chaires,FL,250,3.227
7580,DUMMY TRUCK STOP #6580,"I-65, EXIT 317",Keota,OK,413,2.987
7581,DUMMY TRUCK STOP #6581,"I-65, EXIT 232",West Baraboo,WI,370,3.211
7582,DUMMY TRUCK STOP #6582,"I-55, EXIT 194",Forest,IN,481,3.937
7583,DUMMY TRUCK STOP #6583,"I-65, EXIT 144",Wofford Heights,CA,393,4.715
7584,DUMMY TRUCK STOP #6584,"I-15, EXIT 57",Wallingford,IA,633,3.242
7585,DUMMY TRUCK STOP #6585,"I-94, EXIT 341",Verona,ND,882,3.753
7586,DUMMY TRUCK STOP #6586,"I-65, EXIT 44",Verlot,WA,318,4.628
7587,DUMMY TRUCK STOP #6587,"I-90, EXIT 10",Murphys Estates,SC,803,3.155
7588,DUMMY TRUCK STOP #6588,"I-65, EXIT 74",Jeff,KY,159,3.583
7589,DUMMY TRUCK STOP #6589,"I-94, EXIT 52",Coleridge,NE,806,3.442
7590,DUMMY TRUCK STOP #6590,"I-95, EXIT 111",Lakeshire,MO,555,3.524
7591,DUMMY TRUCK STOP #6591,"I-90, EXIT 155",Breaux Bridge,LA,899,3.401
7592,DUMMY TRUCK STOP #6592,"I-20, EXIT 275",Newburg,ND,897,3.254
7593,DUMMY TRUCK STOP #6593,"I-15, EXIT 134",Allen,OK,491,3.437
7594,DUMMY TRUCK STOP #6594,"I-25, EXIT 85",Satanta,KS,128,3.035
7595,DUMMY TRUCK STOP #6595,"I-90, EXIT 125",Carmine,TX,303,3.282
7596,DUMMY TRUCK STOP #6596,"I-44, EXIT 166",Port Washington,WI,373,3.404
7597,DUMMY TRUCK STOP #6597,"I-20, EXIT 95",Allens Grove,WI,553,3.831
7598,DUMMY TRUCK STOP #6598,"I-35, EXIT 278",Melrose Park,NY,312,4.089
7599,DUMMY TRUCK STOP #6599,"I-5, EXIT 261",Mountain Dale,NY,593,4.173
7600,DUMMY TRUCK STOP #6600,"I-75, EXIT 150",Edgartown,MA,579,3.586
7601,DUMMY TRUCK STOP #6601,"I-95, EXIT 6",Greenup,KY,531,3.496
7602,DUMMY TRUCK STOP #6602,"I-85, EXIT 223",Metcalfe,MS,211,3.170
7603,DUMMY TRUCK STOP #6603,"I-81, EXIT 194",Burlington,VT,247,3.730
7604,DUMMY TRUCK STOP #6604,"I-70, EXIT 2",Elkmont,AL,594,3.276
7605,DUMMY TRUCK STOP #6605,"I-15, EXIT 326",Corinth,KY,526,3.268
7606,DUMMY TRUCK STOP #6606,"I-35, EXIT 49",Ossian,IN,610,3.848
7607,DUMMY TRUCK STOP #6607,"I-90, EXIT 265",Tinley Park,IL,504,3.888
7608,DUMMY TRUCK STOP #6608,"I-94, EXIT 26",East Sharpsburg,PA,772,4.167
7609,DUMMY TRUCK STOP #6609,"I-95, EXIT 114",Pine Run,PA,145,3.985
7610,DUMMY TRUCK STOP #6610,"I-44, EXIT 344",Matamoras (New Matamoras),OH,265,3.902
7611,DUMMY TRUCK STOP #6611,"I-65, EXIT 206",Belton,MO,362,3.085
7612,DUMMY TRUCK STOP #6612,"I-80, EXIT 240",Mequon,WI,405,3.548
7613,DUMMY TRUCK STOP #6613,"I-75, EXIT 19",Riva,MD,430,3.792
7614,DUMMY TRUCK STOP #6614,"I-44, EXIT 312",Mount Hope,WI,798,3.607
7615,DUMMY TRUCK STOP #6615,"I-55, EXIT 292",Seward,OK,133,3.463
7616,DUMMY TRUCK STOP #6616,"I-95, EXIT 250",Mount Carmel,PA,760,4.090
7617,DUMMY TRUCK STOP #6617,"I-65, EXIT 339",Bee Cave,TX,217,3.301
7618,DUMMY TRUCK STOP #6618,"I-81, EXIT 350",Sunburst,MT,154,3.615
7619,DUMMY TRUCK STOP #6619,"I-70, EXIT 287",Strafford,MO,687,3.249
7620,DUMMY TRUCK STOP #6620,"I-20, EXIT 97",Gibbs,MO,506,3.248
7621,DUMMY TRUCK STOP #6621,"I-75, EXIT 238",Poolesville,MD,111,3.700
7622,DUMMY TRUCK STOP #6622,"I-81, EXIT 142",Bloomingdale,TN,279,3.296
7623,DUMMY TRUCK STOP #6623,"I-44, EXIT 35",Diller,NE,712,3.469
7624,DUMMY TRUCK STOP #6624,"I-44, EXIT 327",Mattoon,WI,507,3.559
7625,DUMMY TRUCK STOP #6625,"I-65, EXIT 88",Leadville North,CO,511,3.508
7626,DUMMY TRUCK STOP #6626,"I-5, EXIT 72",Deary,ID,278,3.389
7627,DUMMY TRUCK STOP #6627,"I-5, EXIT 282",Dyersburg,TN,824,3.478
7628,DUMMY TRUCK STOP #6628,"I-90, EXIT 234",Watha,NC,475,3.603
7629,DUMMY TRUCK STOP #6629,"I-25, EXIT 309",Paddock Lake,WI,337,3.507
7630,DUMMY TRUCK STOP #6630,"I-40, EXIT 189",Rudd,IA,658,3.141
7631,DUMMY TRUCK STOP #6631,"I-64, EXIT 99",Falcon Heights,TX,798,3.176
7632,DUMMY TRUCK STOP #6632,"I-15, EXIT 3",Ojo Encino,NM,518,3.661
7633,DUMMY TRUCK STOP #6633,"I-65, EXIT 44",Germantown Hills,IL,591,3.714
7634,DUMMY TRUCK STOP #6634,"I-64, EXIT 174",Delta,IA,359,3.451
7635,DUMMY TRUCK STOP #6635,"I-70, EXIT 63",Mount Wolf,PA,126,3.959
7636,DUMMY TRUCK STOP #6636,"I-35, EXIT 42",Chesterville,OH,411,3.788
7637,DUMMY TRUCK STOP #6637,"I-15, EXIT 78",Livermore,CA,656,5.063
7638,DUMMY TRUCK STOP #6638,"I-44, EXIT 97",Littlestown,PA,188,4.145
7639,DUMMY TRUCK STOP #6639,"I-95, EXIT 247",St. Joseph,WI,679,3.295
7640,DUMMY TRUCK STOP #6640,"I-95, EXIT 7",Arizona City,AZ,325,3.775
7641,DUMMY TRUCK STOP #6641,"I-81, EXIT 52",West Swanzey,NH,604,3.439
7642,DUMMY TRUCK STOP #6642,"I-85, EXIT 42",Four Bridges,OH,597,3.957
7643,DUMMY TRUCK STOP #6643,"I-70, EXIT 211",Wahak Hotrontk,AZ,612,3.813
7644,DUMMY TRUCK STOP #6644,"I-81, EXIT 30",Chesapeake,VA,686,3.438
7645,DUMMY TRUCK STOP #6645,"I-75, EXIT 3",Syosset,NY,437,4.119
7646,DUMMY TRUCK STOP #6646,"I-15, EXIT 201",Houston,MN,359,3.590
7647,DUMMY TRUCK STOP #6647,"I-94, EXIT 303",Dover,NC,428,3.324
7648,DUMMY TRUCK STOP #6648,"I-40, EXIT 123",Auburn,WA,558,4.417
7649,DUMMY TRUCK STOP #6649,"I-94, EXIT 233",Datto,AR,882,3.145
7650,DUMMY TRUCK STOP #6650,"I-75, EXIT 235",Constableville,NY,575,4.242
7651,DUMMY TRUCK STOP #6651,"I-10, EXIT 5",Chapin,IA,497,3.478
7652,DUMMY TRUCK STOP #6652,"I-55, EXIT 115",Tres Arroyos,NM,417,3.306
7653,DUMMY TRUCK STOP #6653,"I-95, EXIT 233",Pueblito,NM,792,3.248
7654,DUMMY TRUCK STOP #6654,"I-44, EXIT 41",Gibson Flats,MT,754,3.999
7655,DUMMY TRUCK STOP #6655,"I-10, EXIT 117",Summitville,OH,331,3.724
7656,DUMMY TRUCK STOP #6656,"I-35, EXIT 136",Sparta,WI,694,3.147
7657,DUMMY TRUCK STOP #6657,"I-81, EXIT 171",Lowell,MA,873,3.677
7658,DUMMY TRUCK STOP #6658,"I-85, EXIT 136",Whitmore Lake,MI,448,3.411
7659,DUMMY TRUCK STOP #6659,"I-94, EXIT 144",Wamac,IL,646,3.803
7660,DUMMY TRUCK STOP #6660,"I-10, EXIT 301",Danbury,NC,410,3.453
7661,DUMMY TRUCK STOP #6661,"I-40, EXIT 60",Mount Joy,PA,654,3.894
7662,DUMMY TRUCK STOP #6662,"I-15, EXIT 177",Clearwater,KS,496,2.760
7663,DUMMY TRUCK STOP #6663,"I-64, EXIT 84",Gulfport,FL,595,3.663
7664,DUMMY TRUCK STOP #6664,"I-10, EXIT 233",Raymond City,WV,708,3.620
7665,DUMMY TRUCK STOP #6665,"I-70, EXIT 297",Empire,NV,835,4.094
7666,DUMMY TRUCK STOP #6666,"I-64, EXIT 245",Cedarville,NJ,523,3.616
7667,DUMMY TRUCK STOP #6667,"I-10, EXIT 248",San Lucas,CA,689,4.792
7668,DUMMY TRUCK STOP #6668,"I-85, EXIT 201",Canby,MN,414,3.426
7669,DUMMY TRUCK STOP #6669,"I-70, EXIT 215",Chicopee,MA,449,3.725
7670,DUMMY TRUCK STOP #6670,"I-81, EXIT 77",Lemmon Valley,NV,624,3.934
7671,DUMMY TRUCK STOP #6671,"I-35, EXIT 199",Meridianville,AL,799,3.118
7672,DUMMY TRUCK STOP #6672,"I-95, EXIT 108",Caney Ridge,OK,403,3.071
7673,DUMMY TRUCK STOP #6673,"I-5, EXIT 105",Kentland,IN,693,3.608
7674,DUMMY TRUCK STOP #6674,"I-5, EXIT 312",Kenmare,ND,619,3.494
7675,DUMMY TRUCK STOP #6675,"I-90, EXIT 179",Whitesboro,OK,859,3.137
7676,DUMMY TRUCK STOP #6676,"I-80, EXIT 6",Metter,GA,544,3.623
7677,DUMMY TRUCK STOP #6677,"I-35, EXIT 333",Wilson,PA,835,3.876
7678,DUMMY TRUCK STOP #6678,"I-80, EXIT 35",Stratford,WI,323,3.616
7679,DUMMY TRUCK STOP #6679,"I-94, EXIT 244",Memphis,FL,134,3.086
7680,DUMMY TRUCK STOP #6680,"I-81, EXIT 226",Grant City,MO,567,3.149
7681,DUMMY TRUCK STOP #6681,"I-10, EXIT 335",Dixie,GA,310,3.188
7682,DUMMY TRUCK STOP #6682,"I-95, EXIT 290",Onaway,ID,516,3.765
7683,DUMMY TRUCK STOP #6683,"I-81, EXIT 302",Mongaup Valley,NY,288,4.229
7684,DUMMY TRUCK STOP #6684,"I-81, EXIT 36",Middle Island,NY,786,4.251
7685,DUMMY TRUCK STOP #6685,"I-81, EXIT 123",Bennettsville,SC,466,3.313
7686,DUMMY TRUCK STOP #6686,"I-20, EXIT 67",Rainbow Park,FL,667,3.441
7687,DUMMY TRUCK STOP #6687,"I-10, EXIT 209",Nittany,PA,652,3.959
7688,DUMMY TRUCK STOP #6688,"I-35, EXIT 148",Monaca,PA,306,3.987
7689,DUMMY TRUCK STOP #6689,"I-44, EXIT 27",Rossmore,WV,246,3.661
7690,DUMMY TRUCK STOP #6690,"I-40, EXIT 316",Port Tobacco Village,MD,703,3.701
7691,DUMMY TRUCK STOP #6691,"I-75, EXIT 12",Helena-West Helena,AR,510,3.374
7692,DUMMY TRUCK STOP #6692,"I-5, EXIT 194",De Soto,WI,679,3.391
7693,DUMMY TRUCK STOP #6693,"I-44, EXIT 349",Elwood,NE,102,3.489
7694,DUMMY TRUCK STOP #6694,"I-75, EXIT 314",Craigville,IN,452,3.737
7695,DUMMY TRUCK STOP #6695,"I-81, EXIT 276",Desert Edge,CA,501,4.684
7696,DUMMY TRUCK STOP #6696,"I-65, EXIT 72",Dutch John,UT,713,3.503
7697,DUMMY TRUCK STOP #6697,"I-65, EXIT 125",Warren,MA,593,3.567
7698,DUMMY TRUCK STOP #6698,"I-10, EXIT 17",Fairmount,IN,491,3.842
7699,DUMMY TRUCK STOP #6699,"I-90, EXIT 285",Lonoke,AR,444,3.341
7700,DUMMY TRUCK STOP #6700,"I-64, EXIT 273",Gracemont,OK,590,3.042
7701,DUMMY TRUCK STOP #6701,"I-20, EXIT 60",Maryville,IL,692,3.831
7702,DUMMY TRUCK STOP #6702,"I-90, EXIT 6",McKee City,NJ,362,3.689
7703,DUMMY TRUCK STOP #6703,"I-64, EXIT 74",Temple Hills,MD,642,3.684
7704,DUMMY TRUCK STOP #6704,"I-5, EXIT 166",Hilham,TN,353,3.445
7705,DUMMY TRUCK STOP #6705,"I-64, EXIT 68",Conner,MT,473,3.783
7706,DUMMY TRUCK STOP #6706,"I-65, EXIT 16",Mosby,MO,591,3.170
7707,DUMMY TRUCK STOP #6707,"I-80, EXIT 282",Pine Bluff,AR,642,2.802
7708,DUMMY TRUCK STOP #6708,"I-81, EXIT 279",Lone Rock,WI,506,3.282
7709,DUMMY TRUCK STOP #6709,"I-44, EXIT 303",Portsmouth,OH,233,3.812
7710,DUMMY TRUCK STOP #6710,"I-35, EXIT 63",Sorgho,KY,355,3.469
7711,DUMMY TRUCK STOP #6711,"I-10, EXIT 48",Cheraw,CO,736,3.856
7712,DUMMY TRUCK STOP #6712,"I-65, EXIT 287",La Minita,TX,510,2.890
7713,DUMMY TRUCK STOP #6713,"I-95, EXIT 296",Palmyra,NJ,777,4.247
7714,DUMMY TRUCK STOP #6714,"I-25, EXIT 277",Greentown,OH,583,3.610
7715,DUMMY TRUCK STOP #6715,"I-35, EXIT 266",Marengo,IA,608,3.065
7716,DUMMY TRUCK STOP #6716,"I-40, EXIT 40",Rauchtown,PA,357,3.925
7717,DUMMY TRUCK STOP #6717,"I-95, EXIT 186",Denver,IA,518,3.453
7718,DUMMY TRUCK STOP #6718,"I-35, EXIT 296",Stony Brook University,NY,215,3.841
7719,DUMMY TRUCK STOP #6719,"I-75, EXIT 159",Weed,NM,407,3.187
7720,DUMMY TRUCK STOP #6720,"I-20, EXIT 219",Olean,NY,108,4.194
7721,DUMMY TRUCK STOP #6721,"I-94, EXIT 286",Williamson,GA,618,3.380
7722,DUMMY TRUCK STOP #6722,"I-5, EXIT 242",Edgemont Park,MI,104,4.003
7723,DUMMY TRUCK STOP #6723,"I-10, EXIT 92",Huxley,TX,639,3.222
7724,DUMMY TRUCK STOP #6724,"I-85, EXIT 160",Opal,WY,446,3.459
7725,DUMMY TRUCK STOP #6725,"I-5, EXIT 76",Holyoke,MA,797,3.559
7726,DUMMY TRUCK STOP #6726,"I-35, EXIT 336",Caroleen,NC,870,3.356
7727,DUMMY TRUCK STOP #6727,"I-85, EXIT 185",Stone Creek,OH,404,3.988
7728,DUMMY TRUCK STOP #6728,"I-70, EXIT 140",McCloud,CA,168,4.757
7729,DUMMY TRUCK STOP #6729,"I-25, EXIT 338",Lambertville,NJ,812,3.672
7730,DUMMY TRUCK STOP #6730,"I-15, EXIT 29",Spurgeon,IN,375,3.882
7731,DUMMY TRUCK STOP #6731,"I-81, EXIT 164",East Grand Rapids,MI,765,3.621
7732,DUMMY TRUCK STOP #6732,"I-5, EXIT 51",Vienna,IL,464,3.853
7733,DUMMY TRUCK STOP #6733,"I-95, EXIT 230",Kingston Estates,NJ,358,3.979
7734,DUMMY TRUCK STOP #6734,"I-55, EXIT 88",Johnson,MN,152,3.739
7735,DUMMY TRUCK STOP #6735,"I-10, EXIT 247",Richmond,UT,647,3.636
7736,DUMMY TRUCK STOP #6736,"I-65, EXIT 150",Oxford,ME,852,3.885
7737,DUMMY TRUCK STOP #6737,"I-40, EXIT 104",Denton,NE,113,2.940
7738,DUMMY TRUCK STOP #6738,"I-95, EXIT 191",Zenith Colony,MT,619,3.487
7739,DUMMY TRUCK STOP #6739,"I-44, EXIT 285",Bon Homme Colony,SD,321,3.495
7740,DUMMY TRUCK STOP #6740,"I-75, EXIT 274",Preston,TX,824,3.121
7741,DUMMY TRUCK STOP #6741,"I-15, EXIT 133",Incline Village,NV,443,3.933
7742,DUMMY TRUCK STOP #6742,"I-81, EXIT 305",Limestone Creek,FL,257,3.351
7743,DUMMY TRUCK STOP #6743,"I-15, EXIT 138",Clarence,MO,859,3.224
7744,DUMMY TRUCK STOP #6744,"I-94, EXIT 176",Matthews,GA,612,3.531
7745,DUMMY TRUCK STOP #6745,"I-81, EXIT 4",Cartersburg,IN,197,3.678
7746,DUMMY TRUCK STOP #6746,"I-70, EXIT 23",Los Alamos,CA,839,4.510
7747,DUMMY TRUCK STOP #6747,"I-85, EXIT 343",Hackensack,NJ,235,4.000
7748,DUMMY TRUCK STOP #6748,"I-5, EXIT 317",Locust Grove,VA,232,3.669
7749,DUMMY TRUCK STOP #6749,"I-10, EXIT 62",Sabula,IA,675,3.212
7750,DUMMY TRUCK STOP #6750,"I-25, EXIT 282",Ohio,IL,841,3.989
7751,DUMMY TRUCK STOP #6751,"I-44, EXIT 77",Tierra Verde,FL,678,3.483
7752,DUMMY TRUCK STOP #6752,"I-81, EXIT 2",Burnt Prairie,IL,375,3.708
7753,DUMMY TRUCK STOP #6753,"I-85, EXIT 300",Chester,GA,448,3.037
7754,DUMMY TRUCK STOP #6754,"I-90, EXIT 83",Wheaton,MD,707,3.440
7755,DUMMY TRUCK STOP #6755,"I-70, EXIT 166",Rockingham,NC,227,3.589
7756,DUMMY TRUCK STOP #6756,"I-15, EXIT 220",Garrett,PA,316,3.961
7757,DUMMY TRUCK STOP #6757,"I-15, EXIT 145",Madison Center,CT,715,4.183
7758,DUMMY TRUCK STOP #6758,"I-35, EXIT 10",Bokchito,OK,577,2.904
7759,DUMMY TRUCK STOP #6759,"I-64, EXIT 57",Center Point,IN,417,3.537
7760,DUMMY TRUCK STOP #6760,"I-35, EXIT 154",Roscoe,MN,674,3.865
7761,DUMMY TRUCK STOP #6761,"I-95, EXIT 211",Destrehan,LA,262,3.375
7762,DUMMY TRUCK STOP #6762,"I-75, EXIT 67",Haysville,PA,454,3.737
7763,DUMMY TRUCK STOP #6763,"I-94, EXIT 122",Simla,CO,809,3.375
7764,DUMMY TRUCK STOP #6764,"I-15, EXIT 92",Whitlash,MT,407,3.471
7765,DUMMY TRUCK STOP #6765,"I-85, EXIT 231",Phillips,WI,341,3.196
7766,DUMMY TRUCK STOP #6766,"I-80, EXIT 237",Saltese,MT,591,3.235
7767,DUMMY TRUCK STOP #6767,"I-64, EXIT 98",Balcones Heights,TX,750,3.292
7768,DUMMY TRUCK STOP #6768,"I-64, EXIT 102",Northfield,IL,744,4.065
7769,DUMMY TRUCK STOP #6769,"I-81, EXIT 266",Elm City,NC,607,3.715
7770,DUMMY TRUCK STOP #6770,"I-35, EXIT 310",Gainesville,GA,485,3.111
7771,DUMMY TRUCK STOP #6771,"I-75, EXIT 158",Payne,OH,328,3.644
7772,DUMMY TRUCK STOP #6772,"I-90, EXIT 347",Gilt Edge,TN,763,3.366
7773,DUMMY TRUCK STOP #6773,"I-95, EXIT 25",Fountain Hills,AZ,881,3.951
7774,DUMMY TRUCK STOP #6774,"I-44, EXIT 139",Montmorenci,IN,646,3.778
7775,DUMMY TRUCK STOP #6775,"I-25, EXIT 151",McGehee,AR,582,3.095
7776,DUMMY TRUCK STOP #6776,"I-95, EXIT 215",Capitola,FL,151,3.294
7777,DUMMY TRUCK STOP #6777,"I-95, EXIT 147",Red Oaks Mill,NY,109,3.949
7778,DUMMY TRUCK STOP #6778,"I-15, EXIT 215",Garner,NC,815,3.245
7779,DUMMY TRUCK STOP #6779,"I-80, EXIT 66",Fort Valley,GA,394,3.271
7780,DUMMY TRUCK STOP #6780,"I-35, EXIT 208",Hillcrest Heights,FL,491,3.603
7781,DUMMY TRUCK STOP #6781,"I-25, EXIT 65",Dresden,OH,474,3.538
7782,DUMMY TRUCK STOP #6782,"I-55, EXIT 305",English Creek,NJ,257,3.404
7783,DUMMY TRUCK STOP #6783,"I-44, EXIT 28",Glenwood,AR,709,3.363
7784,DUMMY TRUCK STOP #6784,"I-15, EXIT 138",St. Peter,WI,744,3.391
7785,DUMMY TRUCK STOP #6785,"I-65, EXIT 76",Royal Palm Beach,FL,577,3.892
7786,DUMMY TRUCK STOP #6786,"I-44, EXIT 56",Alpine,TX,827,3.087
7787,DUMMY TRUCK STOP #6787,"I-35, EXIT 203",Ridgetop,TN,418,3.451
7788,DUMMY TRUCK STOP #6788,"I-15, EXIT 133",Bedford,IA,603,3.481
7789,DUMMY TRUCK STOP #6789,"I-95, EXIT 7",Riverside,ID,111,3.856
7790,DUMMY TRUCK STOP #6790,"I-15, EXIT 268",Lakewood,NJ,372,3.810
7791,DUMMY TRUCK STOP #6791,"I-44, EXIT 112",International Falls,MN,437,3.674
7792,DUMMY TRUCK STOP #6792,"I-90, EXIT 140",New Hope,NC,559,3.626
7793,DUMMY TRUCK STOP #6793,"I-95, EXIT 276",Addison,TX,752,3.184
7794,DUMMY TRUCK STOP #6794,"I-44, EXIT 332",Lake Tomahawk,OH,880,3.598
7795,DUMMY TRUCK STOP #6795,"I-80, EXIT 247",Hopkinton,RI,588,3.517
7796,DUMMY TRUCK STOP #6796,"I-15, EXIT 181",Hannasville,PA,355,4.218
7797,DUMMY TRUCK STOP #6797,"I-35, EXIT 86",Lucerne Mines,PA,541,4.074
7798,DUMMY TRUCK STOP #6798,"I-35, EXIT 155",Bromide,OK,576,3.123
7799,DUMMY TRUCK STOP #6799,"I-65, EXIT 6",Swedesburg,IA,143,3.332
7800,DUMMY TRUCK STOP #6800,"I-40, EXIT 74",Pine Mountain Lake,CA,719,4.619
7801,DUMMY TRUCK STOP #6801,"I-10, EXIT 222",Roseville,IL,407,3.583
7802,DUMMY TRUCK STOP #6802,"I-81, EXIT 209",Slater,WY,169,3.360
7803,DUMMY TRUCK STOP #6803,"I-64, EXIT 75",Warsaw,NC,562,3.621
7804,DUMMY TRUCK STOP #6804,"I-90, EXIT 251",Forest Hill Village,MT,355,3.405
7805,DUMMY TRUCK STOP #6805,"I-65, EXIT 134",Wineglass,MT,774,3.754
7806,DUMMY TRUCK STOP #6806,"I-10, EXIT 146",Skidaway Island,GA,280,3.114
7807,DUMMY TRUCK STOP #6807,"I-85, EXIT 307",Southern View,IL,247,3.741
7808,DUMMY TRUCK STOP #6808,"I-10, EXIT 222",Killington Village,VT,553,3.528
7809,DUMMY TRUCK STOP #6809,"I-55, EXIT 293",Pleasant Hill,NC,330,3.763
7810,DUMMY TRUCK STOP #6810,"I-40, EXIT 157",Ocean Ridge,FL,336,3.399
7811,DUMMY TRUCK STOP #6811,"I-5, EXIT 142",Westmere,NY,427,4.077
7812,DUMMY TRUCK STOP #6812,"I-40, EXIT 344",Alexander,IL,704,3.633
7813,DUMMY TRUCK STOP #6813,"I-70, EXIT 90",Bethesda,OH,625,3.911
7814,DUMMY TRUCK STOP #6814,"I-85, EXIT 286",Apache,OK,810,2.911
7815,DUMMY TRUCK STOP #6815,"I-44, EXIT 262",Italy,TX,200,3.184
7816,DUMMY TRUCK STOP #6816,"I-44, EXIT 127",Pinedale,WY,120,3.646
7817,DUMMY TRUCK STOP #6817,"I-65, EXIT 128",Omega,GA,744,3.470
7818,DUMMY TRUCK STOP #6818,"I-40, EXIT 26",Kimberton,PA,285,3.997
7819,DUMMY TRUCK STOP #6819,"I-20, EXIT 92",Beatty,OR,256,4.388
7820,DUMMY TRUCK STOP #6820,"I-64, EXIT 244",Sicangu Village,SD,359,3.383
7821,DUMMY TRUCK STOP #6821,"I-70, EXIT 98",Mendon,MO,831,3.432
7822,DUMMY TRUCK STOP #6822,"I-81, EXIT 81",Light Oak,NC,156,3.482
7823,DUMMY TRUCK STOP #6823,"I-65, EXIT 38",Efland,NC,509,3.459
7824,DUMMY TRUCK STOP #6824,"I-10, EXIT 65",Graeagle,CA,354,4.916
7825,DUMMY TRUCK STOP #6825,"I-5, EXIT 250",Cannelton,IN,825,3.820
7826,DUMMY TRUCK STOP #6826,"I-15, EXIT 188",Galesburg,MI,465,3.556
7827,DUMMY TRUCK STOP #6827,"I-10, EXIT 301",North Branch,MI,373,3.540
7828,DUMMY TRUCK STOP #6828,"I-10, EXIT 140",Fort Myers,FL,255,3.818
7829,DUMMY TRUCK STOP #6829,"I-64, EXIT 175",Lamar,CO,502,3.700
7830,DUMMY TRUCK STOP #6830,"I-64, EXIT 37",Trinity,AL,180,3.513
7831,DUMMY TRUCK STOP #6831,"I-70, EXIT 45",Kingston Mines,IL,234,3.713
7832,DUMMY TRUCK STOP #6832,"I-65, EXIT 120",Ryderwood,WA,622,4.392
7833,DUMMY TRUCK STOP #6833,"I-85, EXIT 265",Amherst,NH,177,3.615
7834,DUMMY TRUCK STOP #6834,"I-95, EXIT 47",Wister,OK,355,3.104
7835,DUMMY TRUCK STOP #6835,"I-70, EXIT 11",West Concord,MN,457,3.628
7836,DUMMY TRUCK STOP #6836,"I-44, EXIT 159",Sweetwater,FL,725,3.237
7837,DUMMY TRUCK STOP #6837,"I-15, EXIT 316",Topsail Beach,NC,830,3.854
7838,DUMMY TRUCK STOP #6838,"I-85, EXIT 57",Trinity Center,CA,441,4.649
7839,DUMMY TRUCK STOP #6839,"I-65, EXIT 184",Long Lake,WI,608,3.323
7840,DUMMY TRUCK STOP #6840,"I-20, EXIT 201",Miller Colony,MT,542,3.268
7841,DUMMY TRUCK STOP #6841,"I-90, EXIT 324",Lincoln,ND,765,3.533
7842,DUMMY TRUCK STOP #6842,"I-25, EXIT 143",Oak City,NC,519,3.344
7843,DUMMY TRUCK STOP #6843,"I-80, EXIT 62",Gibson,AR,862,3.259
7844,DUMMY TRUCK STOP #6844,"I-80, EXIT 69",Clayton,NM,176,3.794
7845,DUMMY TRUCK STOP #6845,"I-70, EXIT 222",Pendleton,TX,343,2.977
7846,DUMMY TRUCK STOP #6846,"I-65, EXIT 68",Hiltons,VA,109,3.228
7847,DUMMY TRUCK STOP #6847,"I-80, EXIT 38",Greens Farms,CT,420,4.105
7848,DUMMY TRUCK STOP #6848,"I-10, EXIT 149",Sonora,CA,257,4.745
7849,DUMMY TRUCK STOP #6849,"I-75, EXIT 257",Agnew,NE,467,3.582
7850,DUMMY TRUCK STOP #6850,"I-80, EXIT 305",Aline,OK,556,3.233
7851,DUMMY TRUCK STOP #6851,"I-40, EXIT 111",Desoto Acres,FL,809,3.430
7852,DUMMY TRUCK STOP #6852,"I-80, EXIT 13",Shallotte,NC,617,3.468
7853,DUMMY TRUCK STOP #6853,"I-10, EXIT 56",Stanton,TX,145,3.446
7854,DUMMY TRUCK STOP #6854,"I-15, EXIT 146",Beaverton,AL,883,3.380
7855,DUMMY TRUCK STOP #6855,"I-10, EXIT 111",River Bottom,OK,714,3.158
7856,DUMMY TRUCK STOP #6856,"I-25, EXIT 249",Kingston,WA,625,4.158
7857,DUMMY TRUCK STOP #6857,"I-94, EXIT 305",Sharon,MS,312,2.973
7858,DUMMY TRUCK STOP #6858,"I-10, EXIT 144",Pines Lake,NJ,500,3.815
7859,DUMMY TRUCK STOP #6859,"I-44, EXIT 285",Woodstock,MN,635,3.401
7860,DUMMY TRUCK STOP #6860,"I-20, EXIT 209",Advance,MI,620,3.552
7861,DUMMY TRUCK STOP #6861,"I-70, EXIT 46",Pavillion,WY,640,3.230
7862,DUMMY TRUCK STOP #6862,"I-70, EXIT 216",Woodburn,OR,710,4.237
7863,DUMMY TRUCK STOP #6863,"I-10, EXIT 339",South Shore,SD,705,3.560
7864,DUMMY TRUCK STOP #6864,"I-75, EXIT 172",New Hamilton,MS,509,3.247
7865,DUMMY TRUCK STOP #6865,"I-35, EXIT 195",Burns City,IN,590,3.762
7866,DUMMY TRUCK STOP #6866,"I-35, EXIT 269",Zortman,MT,135,3.377
7867,DUMMY TRUCK STOP #6867,"I-85, EXIT 81",Sultan,WA,101,4.888
7868,DUMMY TRUCK STOP #6868,"I-94, EXIT 58",Crumpton,MD,789,3.633
7869,DUMMY TRUCK STOP #6869,"I-81, EXIT 80",Conetoe,NC,747,3.274
7870,DUMMY TRUCK STOP #6870,"I-40, EXIT 235",Glenn Springs,SC,315,2.986
7871,DUMMY TRUCK STOP #6871,"I-81, EXIT 265",Umatilla,OR,328,4.112
7872,DUMMY TRUCK STOP #6872,"I-5, EXIT 274",Scotts Corners,NY,327,4.268
7873,DUMMY TRUCK STOP #6873,"I-81, EXIT 267",Vina,CA,878,4.923
7874,DUMMY TRUCK STOP #6874,"I-95, EXIT 322",Nettie,WV,683,3.656
7875,DUMMY TRUCK STOP #6875,"I-70, EXIT 146",York Springs,PA,722,3.872
7876,DUMMY TRUCK STOP #6876,"I-94, EXIT 105",West Lafayette,IN,521,3.937
7877,DUMMY TRUCK STOP #6877,"I-75, EXIT 247",Plentywood,MT,369,3.529
7878,DUMMY TRUCK STOP #6878,"I-95, EXIT 19",Delphi,IN,545,3.768
7879,DUMMY TRUCK STOP #6879,"I-80, EXIT 231",Orick,CA,481,4.593
7880,DUMMY TRUCK STOP #6880,"I-15, EXIT 288",Sun Valley Lake,IA,445,3.499
7881,DUMMY TRUCK STOP #6881,"I-15, EXIT 218",Mineral Springs,NC,411,3.481
7882,DUMMY TRUCK STOP #6882,"I-70, EXIT 221",Twin Forks,NM,146,3.071
7883,DUMMY TRUCK STOP #6883,"I-70, EXIT 206",Madison Lake,MN,312,3.354
7884,DUMMY TRUCK STOP #6884,"I-64, EXIT 128",Bancroft,IA,868,3.548
7885,DUMMY TRUCK STOP #6885,"I-81, EXIT 108",Chesterfield,IL,702,3.848
7886,DUMMY TRUCK STOP #6886,"I-25, EXIT 9",Fayetteville,AL,837,3.330
7887,DUMMY TRUCK STOP #6887,"I-70, EXIT 220",Crown,PA,439,4.213
7888,DUMMY TRUCK STOP #6888,"I-40, EXIT 123",Dallas,SD,889,3.434
7889,DUMMY TRUCK STOP #6889,"I-44, EXIT 10",Guntersville,AL,793,3.099
7890,DUMMY TRUCK STOP #6890,"I-40, EXIT 51",South Valley Stream,NY,487,4.189
7891,DUMMY TRUCK STOP #6891,"I-20, EXIT 304",Port Morris,NJ,264,3.620
7892,DUMMY TRUCK STOP #6892,"I-80, EXIT 56",Inglenook,CT,480,4.107
7893,DUMMY TRUCK STOP #6893,"I-25, EXIT 7",Callender Lake,TX,205,3.107
7894,DUMMY TRUCK STOP #6894,"I-25, EXIT 135",Sussex,WI,780,3.652
7895,DUMMY TRUCK STOP #6895,"I-64, EXIT 173",Constantine,MI,428,4.118
7896,DUMMY TRUCK STOP #6896,"I-5, EXIT 337",Tiro,OH,159,3.858
7897,DUMMY TRUCK STOP #6897,"I-10, EXIT 260",Lyons,IL,862,3.951
7898,DUMMY TRUCK STOP #6898,"I-10, EXIT 341",Dexter,OR,677,4.197
7899,DUMMY TRUCK STOP #6899,"I-40, EXIT 291",Glasgow,KY,607,3.255
7900,DUMMY TRUCK STOP #6900,"I-75, EXIT 324",Sullivan City,TX,569,3.033
7901,DUMMY TRUCK STOP #6901,"I-25, EXIT 159",Whitehaven,MD,486,3.618
7902,DUMMY TRUCK STOP #6902,"I-20, EXIT 201",Dickeyville,WI,319,3.664
7903,DUMMY TRUCK STOP #6903,"I-64, EXIT 128",Avalon,GA,638,3.671
7904,DUMMY TRUCK STOP #6904,"I-44, EXIT 344",Hernando,MS,160,3.227
7905,DUMMY TRUCK STOP #6905,"I-64, EXIT 115",Senecaville,OH,420,3.934
7906,DUMMY TRUCK STOP #6906,"I-35, EXIT 315",Clayton,WA,414,4.491
7907,DUMMY TRUCK STOP #6907,"I-5, EXIT 252",Cliftondale Park,VA,808,3.455
7908,DUMMY TRUCK STOP #6908,"I-55, EXIT 55",Climbing Hill,IA,548,3.263
7909,DUMMY TRUCK STOP #6909,"I-80, EXIT 161",Lindrith,NM,377,3.682
7910,DUMMY TRUCK STOP #6910,"I-80, EXIT 199",Driftwood,TX,256,3.138
7911,DUMMY TRUCK STOP #6911,"I-40, EXIT 184",Manhasset,NY,202,3.940
7912,DUMMY TRUCK STOP #6912,"I-90, EXIT 311",Lenox,MA,486,3.584
7913,DUMMY TRUCK STOP #6913,"I-81, EXIT 168",Fordville,ND,747,3.590
7914,DUMMY TRUCK STOP #6914,"I-75, EXIT 29",Mount Union,IA,104,3.486
7915,DUMMY TRUCK STOP #6915,"I-25, EXIT 115",Sterling,OK,393,3.219
7916,DUMMY TRUCK STOP #6916,"I-10, EXIT 191",Claremont,MN,491,3.618
7917,DUMMY TRUCK STOP #6917,"I-20, EXIT 95",Lawrenceville,IL,468,3.792
7918,DUMMY TRUCK STOP #6918,"I-15, EXIT 338",Pine Springs,MN,477,3.303
7919,DUMMY TRUCK STOP #6919,"I-55, EXIT 53",Cove Neck,NY,628,3.858
7920,DUMMY TRUCK STOP #6920,"I-35, EXIT 260",Glens Falls North,NY,112,4.116
7921,DUMMY TRUCK STOP #6921,"I-80, EXIT 23",Alma,NE,826,3.254
7922,DUMMY TRUCK STOP #6922,"I-94, EXIT 59",Mountain Home AFB,ID,284,3.859
7923,DUMMY TRUCK STOP #6923,"I-90, EXIT 284",Woods Hole,MA,400,3.619
7924,DUMMY TRUCK STOP #6924,"I-55, EXIT 249",Hannawa Falls,NY,750,4.242
7925,DUMMY TRUCK STOP #6925,"I-75, EXIT 100",Wytheville,VA,526,3.370
7926,DUMMY TRUCK STOP #6926,"I-15, EXIT 168",Bellwood,NE,243,3.193
7927,DUMMY TRUCK STOP #6927,"I-94, EXIT 145",Wakarusa,IN,410,3.506
7928,DUMMY TRUCK STOP #6928,"I-64, EXIT 80",Speed,KS,115,3.291
7929,DUMMY TRUCK STOP #6929,"I-55, EXIT 285",South Floral Park,NY,252,4.348
7930,DUMMY TRUCK STOP #6930,"I-55, EXIT 275",Peever Flats,SD,657,3.655
7931,DUMMY TRUCK STOP #6931,"I-15, EXIT 126",Castle Shannon,PA,572,4.111
7932,DUMMY TRUCK STOP #6932,"I-44, EXIT 237",Columbus,MN,178,3.400
7933,DUMMY TRUCK STOP #6933,"I-15, EXIT 57",New Washington,PA,645,4.034
7934,DUMMY TRUCK STOP #6934,"I-10, EXIT 79",New River,VA,489,3.600
7935,DUMMY TRUCK STOP #6935,"I-20, EXIT 135",Princeton,TX,224,3.040
7936,DUMMY TRUCK STOP #6936,"I-44, EXIT 343",Noank,CT,687,3.871
7937,DUMMY TRUCK STOP #6937,"I-5, EXIT 136",Smethport,PA,565,3.901
7938,DUMMY TRUCK STOP #6938,"I-15, EXIT 257",Cannelburg,IN,681,3.846
7939,DUMMY TRUCK STOP #6939,"I-20, EXIT 298",Greentop,MO,730,3.246
7940,DUMMY TRUCK STOP #6940,"I-25, EXIT 162",Arnot,PA,487,3.970
7941,DUMMY TRUCK STOP #6941,"I-25, EXIT 156",Graham,GA,843,3.610
7942,DUMMY TRUCK STOP #6942,"I-85, EXIT 210",Woodside,CA,673,4.677
7943,DUMMY TRUCK STOP #6943,"I-64, EXIT 33",Prairietown,IL,146,3.505
7944,DUMMY TRUCK STOP #6944,"I-44, EXIT 135",Unity,SC,180,3.200
7945,DUMMY TRUCK STOP #6945,"I-15, EXIT 265",Elkton,MN,206,3.477
7946,DUMMY TRUCK STOP #6946,"I-20, EXIT 288",Reserve,LA,748,3.367
7947,DUMMY TRUCK STOP #6947,"I-65, EXIT 44",Cherry Creek,NY,814,4.170
7948,DUMMY TRUCK STOP #6948,"I-44, EXIT 81",Yarnell,PA,422,4.065
7949,DUMMY TRUCK STOP #6949,"I-95, EXIT 343",Warrenton,OR,102,4.072
7950,DUMMY TRUCK STOP #6950,"I-64, EXIT 160",Wynnewood,OK,561,3.003
7951,DUMMY TRUCK STOP #6951,"I-5, EXIT 294",Clairton,PA,862,4.215
7952,DUMMY TRUCK STOP #6952,"I-55, EXIT 25",Allendale,CA,495,4.791
7953,DUMMY TRUCK STOP #6953,"I-90, EXIT 235",Fargo,GA,639,3.206
7954,DUMMY TRUCK STOP #6954,"I-40, EXIT 36",Sand Lake,MI,122,3.744
7955,DUMMY TRUCK STOP #6955,"I-70, EXIT 200",Irondale,OH,378,3.745
7956,DUMMY TRUCK STOP #6956,"I-65, EXIT 243",Fairford,AL,228,3.433
7957,DUMMY TRUCK STOP #6957,"I-65, EXIT 339",Santa Cruz,CA,583,4.848
7958,DUMMY TRUCK STOP #6958,"I-55, EXIT 28",Yantis,TX,565,3.116
7959,DUMMY TRUCK STOP #6959,"I-40, EXIT 231",Forty Mile Colony,MT,371,3.594
7960,DUMMY TRUCK STOP #6960,"I-55, EXIT 317",Parmele,NC,742,3.408
7961,DUMMY TRUCK STOP #6961,"I-90, EXIT 231",Huntingdon,TN,103,2.945
7962,DUMMY TRUCK STOP #6962,"I-44, EXIT 127",Ridgecrest,CA,723,4.553
7963,DUMMY TRUCK STOP #6963,"I-64, EXIT 46",East Foothills,CA,290,4.852
7964,DUMMY TRUCK STOP #6964,"I-75, EXIT 154",Delaware,IA,172,3.431
7965,DUMMY TRUCK STOP #6965,"I-44, EXIT 86",Angostura,SD,536,3.578
7966,DUMMY TRUCK STOP #6966,"I-81, EXIT 180",Alpha,MI,339,3.705
7967,DUMMY TRUCK STOP #6967,"I-94, EXIT 24",Mission Viejo,CA,456,5.011
7968,DUMMY TRUCK STOP #6968,"I-85, EXIT 204",Beulah,ND,347,3.397
7969,DUMMY TRUCK STOP #6969,"I-15, EXIT 14",Emmet,AR,646,3.542
7970,DUMMY TRUCK STOP #6970,"I-75, EXIT 330",Knoxville,PA,440,4.229
7971,DUMMY TRUCK STOP #6971,"I-35, EXIT 165",Millburg,MI,331,3.611
7972,DUMMY TRUCK STOP #6972,"I-75, EXIT 20",Elmdale,MN,497,3.804
7973,DUMMY TRUCK STOP #6973,"I-55, EXIT 226",Karlsruhe,ND,397,3.534
7974,DUMMY TRUCK STOP #6974,"I-90, EXIT 205",Warrensville Heights,OH,575,3.684
7975,DUMMY TRUCK STOP #6975,"I-75, EXIT 326",Oceanville,NJ,751,3.551
7976,DUMMY TRUCK STOP #6976,"I-95, EXIT 266",Eagle Lake,TX,705,2.935
7977,DUMMY TRUCK STOP #6977,"I-15, EXIT 240",East Altoona,PA,112,4.031
7978,DUMMY TRUCK STOP #6978,"I-44, EXIT 208",Manteo,NC,209,3.586
7979,DUMMY TRUCK STOP #6979,"I-81, EXIT 240",Calwa,CA,104,4.809
7980,DUMMY TRUCK STOP #6980,"I-15, EXIT 228",Castleford,ID,597,3.709
7981,DUMMY TRUCK STOP #6981,"I-44, EXIT 335",Marengo,OH,592,3.991
7982,DUMMY TRUCK STOP #6982,"I-65, EXIT 294",Dyckesville,WI,417,3.355
7983,DUMMY TRUCK STOP #6983,"I-10, EXIT 228",Carrollton,MO,640,2.930
7984,DUMMY TRUCK STOP #6984,"I-20, EXIT 57",Midway,AL,175,3.115
7985,DUMMY TRUCK STOP #6985,"I-80, EXIT 27",Kankakee,IL,137,3.580
7986,DUMMY TRUCK STOP #6986,"I-55, EXIT 316",Alvord,TX,124,3.233
7987,DUMMY TRUCK STOP #6987,"I-64, EXIT 151",Mantoloking,NJ,188,3.888
7988,DUMMY TRUCK STOP #6988,"I-70, EXIT 172",West Des Moines,IA,706,3.420
7989,DUMMY TRUCK STOP #6989,"I-44, EXIT 120",Farmersville,IL,781,3.671
7990,DUMMY TRUCK STOP #6990,"I-90, EXIT 156",Beebe,AR,779,3.318
7991,DUMMY TRUCK STOP #6991,"I-65, EXIT 192",Newton Grove,NC,265,3.281
7992,DUMMY TRUCK STOP #6992,"I-44, EXIT 291",Chesilhurst,NJ,211,3.777
7993,DUMMY TRUCK STOP #6993,"I-40, EXIT 120",Hutchinson,NJ,468,3.581
7994,DUMMY TRUCK STOP #6994,"I-44, EXIT 1",Allensville,PA,875,4.084
7995,DUMMY TRUCK STOP #6995,"I-95, EXIT 299",Covington,IN,284,3.984
7996,DUMMY TRUCK STOP #6996,"I-75, EXIT 321",McVille,ND,513,3.585
7997,DUMMY TRUCK STOP #6997,"I-75, EXIT 58",Rochelle,GA,857,3.474
7998,DUMMY TRUCK STOP #6998,"I-85, EXIT 332",Port O'Connor,TX,567,3.134
7999,DUMMY TRUCK STOP #6999,"I-40, EXIT 291",Coal Hill,AR,410,3.303
8000,DUMMY TRUCK STOP #7000,"I-80, EXIT 80",Rohrersville,MD,379,4.178
8001,DUMMY TRUCK STOP #7001,"I-25, EXIT 101",Chili,WI,864,3.164
8002,DUMMY TRUCK STOP #7002,"I-94, EXIT 179",Uhrichsville,OH,638,3.688
8003,DUMMY TRUCK STOP #7003,"I-44, EXIT 319",Aliceville,AL,257,3.185
8004,DUMMY TRUCK STOP #7004,"I-85, EXIT 338",Clarkston,GA,497,3.463
8005,DUMMY TRUCK STOP #7005,"I-55, EXIT 41",Potter Valley,CA,347,4.499
8006,DUMMY TRUCK STOP #7006,"I-55, EXIT 296",Newhall,IA,305,3.262
8007,DUMMY TRUCK STOP #7007,"I-85, EXIT 312",Detroit Lakes,MN,499,3.597
8008,DUMMY TRUCK STOP #7008,"I-81, EXIT 18",Georgetown,MD,540,3.231
8009,DUMMY TRUCK STOP #7009,"I-20, EXIT 245",Hickory,OK,334,3.321
8010,DUMMY TRUCK STOP #7010,"I-65, EXIT 237",Bigfork,MN,722,3.506
8011,DUMMY TRUCK STOP #7011,"I-20, EXIT 199",Wayne Heights,PA,239,4.312
8012,DUMMY TRUCK STOP #7012,"I-65, EXIT 13",Bessemer City,NC,502,3.713
8013,DUMMY TRUCK STOP #7013,"I-40, EXIT 190",Silver Lake Colony,SD,868,3.322
8014,DUMMY TRUCK STOP #7014,"I-55, EXIT 202",El Refugio,TX,409,2.923
8015,DUMMY TRUCK STOP #7015,"I-94, EXIT 306",Snead,AL,558,3.030
8016,DUMMY TRUCK STOP #7016,"I-5, EXIT 53",Oakland,PA,403,4.245
8017,DUMMY TRUCK STOP #7017,"I-65, EXIT 185",Brittany Farms-The Highlands,PA,597,3.918
8018,DUMMY TRUCK STOP #7018,"I-5, EXIT 119",Fife Heights,WA,713,4.234
8019,DUMMY TRUCK STOP #7019,"I-25, EXIT 244",San Dimas,CA,812,4.722
8020,DUMMY TRUCK STOP #7020,"I-20, EXIT 277",Carthage,NY,504,4.016
8021,DUMMY TRUCK STOP #7021,"I-25, EXIT 186",Urbana,IA,429,3.111
8022,DUMMY TRUCK STOP #7022,"I-25, EXIT 310",Lebanon,PA,764,4.229
8023,DUMMY TRUCK STOP #7023,"I-35, EXIT 200",Hannibal,NY,154,4.187
8024,DUMMY TRUCK STOP #7024,"I-5, EXIT 25",Westvale,NY,782,4.163
8025,DUMMY TRUCK STOP #7025,"I-20, EXIT 342",Breathedsville,MD,889,3.998
8026,DUMMY TRUCK STOP #7026,"I-10, EXIT 43",Benedict,MD,434,3.819
8027,DUMMY TRUCK STOP #7027,"I-95, EXIT 236",Hartland,WI,297,3.284
8028,DUMMY TRUCK STOP #7028,"I-94, EXIT 133",Alamo,IN,358,3.836
8029,DUMMY TRUCK STOP #7029,"I-90, EXIT 42",Walnut Cove,NC,242,3.742
8030,DUMMY TRUCK STOP #7030,"I-15, EXIT 119",Spring Creek Colony,SD,101,3.340
8031,DUMMY TRUCK STOP #7031,"I-90, EXIT 72",Mountain Grove,MO,770,3.483
8032,DUMMY TRUCK STOP #7032,"I-40, EXIT 272",Harding,MN,410,3.586
8033,DUMMY TRUCK STOP #7033,"I-95, EXIT 320",Jeffersonville,VT,152,3.512
8034,DUMMY TRUCK STOP #7034,"I-94, EXIT 208",Presho,SD,589,3.249
8035,DUMMY TRUCK STOP #7035,"I-40, EXIT 38",Clarksville,IA,162,3.537
8036,DUMMY TRUCK STOP #7036,"I-55, EXIT 341",Bruneau,ID,368,3.894
8037,DUMMY TRUCK STOP #7037,"I-81, EXIT 322",Lamberton,MN,350,3.293
8038,DUMMY TRUCK STOP #7038,"I-80, EXIT 186",Nashua,NH,424,3.562
8039,DUMMY TRUCK STOP #7039,"I-25, EXIT 65",Ridgeville,SC,173,3.289
8040,DUMMY TRUCK STOP #7040,"I-90, EXIT 281",Hagaman,NY,239,4.082
8041,DUMMY TRUCK STOP #7041,"I-40, EXIT 42",Jenner,CA,638,4.777
8042,DUMMY TRUCK STOP #7042,"I-75, EXIT 148",Ruhenstroth,NV,224,4.024
8043,DUMMY TRUCK STOP #7043,"I-44, EXIT 15",Galesburg,KS,259,3.185
8044,DUMMY TRUCK STOP #7044,"I-40, EXIT 212",Sterlington,LA,368,3.258
8045,DUMMY TRUCK STOP #7045,"I-80, EXIT 312",Dodgingtown,CT,344,4.125
8046,DUMMY TRUCK STOP #7046,"I-80, EXIT 260",Brownsville,TN,293,3.026
8047,DUMMY TRUCK STOP #7047,"I-95, EXIT 34",Bagley,IA,523,3.247
8048,DUMMY TRUCK STOP #7048,"I-81, EXIT 223",San Patricio,TX,380,3.380
8049,DUMMY TRUCK STOP #7049,"I-44, EXIT 296",Sinking Spring,PA,782,4.184
8050,DUMMY TRUCK STOP #7050,"I-15, EXIT 293",Scipio,IN,851,3.763
8051,DUMMY TRUCK STOP #7051,"I-65, EXIT 72",Redwood,OR,646,4.216
8052,DUMMY TRUCK STOP #7052,"I-25, EXIT 326",Edgar Springs,MO,511,3.312
8053,DUMMY TRUCK STOP #7053,"I-35, EXIT 195",Eureka,MI,716,3.834
8054,DUMMY TRUCK STOP #7054,"I-44, EXIT 237",Le Roy,NY,697,3.777
8055,DUMMY TRUCK STOP #7055,"I-95, EXIT 165",Beemer,NE,269,3.328
8056,DUMMY TRUCK STOP #7056,"I-35, EXIT 161",Mishawaka,IN,289,4.097
8057,DUMMY TRUCK STOP #7057,"I-55, EXIT 133",Sorrento,LA,408,3.405
8058,DUMMY TRUCK STOP #7058,"I-90, EXIT 143",Douglas,WY,878,3.347
8059,DUMMY TRUCK STOP #7059,"I-80, EXIT 278",Tenkiller,OK,545,3.464
8060,DUMMY TRUCK STOP #7060,"I-90, EXIT 58",Ste. Genevieve,MO,218,3.122
8061,DUMMY TRUCK STOP #7061,"I-44, EXIT 114",Annabella,UT,147,3.881
8062,DUMMY TRUCK STOP #7062,"I-80, EXIT 132",Red Rock,AZ,124,3.992
8063,DUMMY TRUCK STOP #7063,"I-65, EXIT 288",Wye,MT,611,3.428
8064,DUMMY TRUCK STOP #7064,"I-85, EXIT 44",Candlewood Orchards,CT,441,3.966
8065,DUMMY TRUCK STOP #7065,"I-10, EXIT 328",Bankston,IA,497,3.282
8066,DUMMY TRUCK STOP #7066,"I-35, EXIT 247",Clarksville,VA,643,3.702
8067,DUMMY TRUCK STOP #7067,"I-35, EXIT 183",Lost Lake Woods,MI,690,3.455
8068,DUMMY TRUCK STOP #7068,"I-20, EXIT 78",Alpena,SD,116,3.433
8069,DUMMY TRUCK STOP #7069,"I-75, EXIT 121",Streamwood,IL,579,3.768
8070,DUMMY TRUCK STOP #7070,"I-35, EXIT 60",Pensacola,OK,522,3.012
8071,DUMMY TRUCK STOP #7071,"I-75, EXIT 203",Pineville,WV,842,3.725
8072,DUMMY TRUCK STOP #7072,"I-5, EXIT 111",Carmel,IN,249,4.010
8073,DUMMY TRUCK STOP #7073,"I-15, EXIT 275",Gamaliel,KY,106,3.529
8074,DUMMY TRUCK STOP #7074,"I-35, EXIT 319",Oslo,MN,427,3.700
8075,DUMMY TRUCK STOP #7075,"I-95, EXIT 251",Garrison,MD,579,3.460
8076,DUMMY TRUCK STOP #7076,"I-44, EXIT 234",Dodson Branch,TN,684,3.507
8077,DUMMY TRUCK STOP #7077,"I-85, EXIT 297",Lamy,NM,423,3.564
8078,DUMMY TRUCK STOP #7078,"I-70, EXIT 35",Loachapoka,AL,677,3.620
8079,DUMMY TRUCK STOP #7079,"I-55, EXIT 232",Beavertown,PA,375,4.372
8080,DUMMY TRUCK STOP #7080,"I-15, EXIT 38",Derby,IA,165,3.271
8081,DUMMY TRUCK STOP #7081,"I-75, EXIT 234",Celeste,TX,112,3.025
8082,DUMMY TRUCK STOP #7082,"I-40, EXIT 271",Ada,KS,535,3.266
8083,DUMMY TRUCK STOP #7083,"I-81, EXIT 221",Solana Beach,CA,206,4.850
8084,DUMMY TRUCK STOP #7084,"I-20, EXIT 83",Darwin,MN,473,3.635
8085,DUMMY TRUCK STOP #7085,"I-35, EXIT 106",Maramec,OK,312,3.292
8086,DUMMY TRUCK STOP #7086,"I-5, EXIT 8",Biddeford,ME,656,3.552
8087,DUMMY TRUCK STOP #7087,"I-44, EXIT 17",Lincoln,CA,860,4.925
8088,DUMMY TRUCK STOP #7088,"I-90, EXIT 75",Gloucester Courthouse,VA,691,3.598
8089,DUMMY TRUCK STOP #7089,"I-94, EXIT 72",Spring Valley Village,TX,623,3.397
8090,DUMMY TRUCK STOP #7090,"I-81, EXIT 115",Olney,MT,275,3.543
8091,DUMMY TRUCK STOP #7091,"I-85, EXIT 350",Dexter,KY,833,3.466
8092,DUMMY TRUCK STOP #7092,"I-90, EXIT 269",Graceham,MD,307,3.551
8093,DUMMY TRUCK STOP #7093,"I-44, EXIT 219",Burley,WA,461,4.672
8094,DUMMY TRUCK STOP #7094,"I-64, EXIT 279",Rhinebeck,NY,457,4.278
8095,DUMMY TRUCK STOP #7095,"I-25, EXIT 4",Bulls Gap,TN,165,3.308
8096,DUMMY TRUCK STOP #7096,"I-81, EXIT 12",Argenta,IL,663,3.811
8097,DUMMY TRUCK STOP #7097,"I-55, EXIT 345",Huntland,TN,171,3.237
8098,DUMMY TRUCK STOP #7098,"I-80, EXIT 350",Coral,IL,833,4.017
8099,DUMMY TRUCK STOP #7099,"I-80, EXIT 108",Virginia,NE,744,3.483
8100,DUMMY TRUCK STOP #7100,"I-75, EXIT 168",Oakwood,PA,167,4.260
8101,DUMMY TRUCK STOP #7101,"I-65, EXIT 181",Mooresburg,TN,439,3.461
8102,DUMMY TRUCK STOP #7102,"I-15, EXIT 10",Francesville,IN,118,3.993
8103,DUMMY TRUCK STOP #7103,"I-10, EXIT 263",New Ringgold,PA,217,4.411
8104,DUMMY TRUCK STOP #7104,"I-64, EXIT 276",Martinsburg,IN,887,3.650
8105,DUMMY TRUCK STOP #7105,"I-80, EXIT 89",Fairport,IA,312,3.346
8106,DUMMY TRUCK STOP #7106,"I-10, EXIT 7",Womelsdorf,PA,314,4.144
8107,DUMMY TRUCK STOP #7107,"I-25, EXIT 67",Buck Creek,IN,346,3.228
8108,DUMMY TRUCK STOP #7108,"I-65, EXIT 20",Lake Barrington,IL,257,4.094
8109,DUMMY TRUCK STOP #7109,"I-5, EXIT 98",Saline City,IN,785,3.744
8110,DUMMY TRUCK STOP #7110,"I-55, EXIT 350",North Escobares,TX,245,2.929
8111,DUMMY TRUCK STOP #7111,"I-40, EXIT 234",Madison,MD,438,3.784
8112,DUMMY TRUCK STOP #7112,"I-40, EXIT 295",Bremen,GA,217,3.171
8113,DUMMY TRUCK STOP #7113,"I-25, EXIT 287",Grand Lake,CO,130,3.855
8114,DUMMY TRUCK STOP #7114,"I-20, EXIT 213",Pepin,WI,826,3.413
8115,DUMMY TRUCK STOP #7115,"I-80, EXIT 314",Manton,CA,494,4.676
8116,DUMMY TRUCK STOP #7116,"I-94, EXIT 242",Oak Grove,OK,844,3.206
8117,DUMMY TRUCK STOP #7117,"I-40, EXIT 1",Chattanooga,OK,360,3.139
8118,DUMMY TRUCK STOP #7118,"I-70, EXIT 143",Maskell,NE,358,3.328
8119,DUMMY TRUCK STOP #7119,"I-20, EXIT 224",Hurdsfield,ND,500,3.532
8120,DUMMY TRUCK STOP #7120,"I-55, EXIT 298",Gordo,AL,575,3.314
8121,DUMMY TRUCK STOP #7121,"I-64, EXIT 149",San Miguel,NM,852,3.724
8122,DUMMY TRUCK STOP #7122,"I-65, EXIT 283",Lake Village,AR,128,3.257
8123,DUMMY TRUCK STOP #7123,"I-20, EXIT 251",Ainsworth,NE,516,3.585
8124,DUMMY TRUCK STOP #7124,"I-64, EXIT 74",Gloucester Point,VA,694,3.721
8125,DUMMY TRUCK STOP #7125,"I-35, EXIT 265",Alger,OH,103,4.019
8126,DUMMY TRUCK STOP #7126,"I-95, EXIT 67",Fort Wright,KY,402,3.336
8127,DUMMY TRUCK STOP #7127,"I-65, EXIT 10",Madison,NE,769,3.490
8128,DUMMY TRUCK STOP #7128,"I-80, EXIT 316",Roslyn Estates,NY,686,4.246
8129,DUMMY TRUCK STOP #7129,"I-40, EXIT 63",Powderly,TX,437,3.335
8130,DUMMY TRUCK STOP #7130,"I-35, EXIT 170",Johnson,NE,481,3.325
8131,DUMMY TRUCK STOP #7131,"I-35, EXIT 69",Gary,SD,776,3.472
8132,DUMMY TRUCK STOP #7132,"I-94, EXIT 25",Corbin City,NJ,432,3.964
8133,DUMMY TRUCK STOP #7133,"I-81, EXIT 332",Rockwell City,IA,555,3.123
8134,DUMMY TRUCK STOP #7134,"I-64, EXIT 121",Pinewood Estates,TX,458,3.145
8135,DUMMY TRUCK STOP #7135,"I-64, EXIT 255",Troy Grove,IL,514,4.060
8136,DUMMY TRUCK STOP #7136,"I-35, EXIT 175",Shokan,NY,864,4.010
8137,DUMMY TRUCK STOP #7137,"I-70, EXIT 24",Charleston Park,FL,890,3.582
8138,DUMMY TRUCK STOP #7138,"I-20, EXIT 45",Beale AFB,CA,218,4.663
8139,DUMMY TRUCK STOP #7139,"I-65, EXIT 164",Stratford,NJ,618,4.118
8140,DUMMY TRUCK STOP #7140,"I-80, EXIT 93",Clinton,MS,574,3.041
8141,DUMMY TRUCK STOP #7141,"I-94, EXIT 91",Ronan,MT,511,3.388
8142,DUMMY TRUCK STOP #7142,"I-10, EXIT 114",Rowe,NM,184,3.526
8143,DUMMY TRUCK STOP #7143,"I-95, EXIT 10",Allport,AR,343,3.394
8144,DUMMY TRUCK STOP #7144,"I-5, EXIT 131",Moapa Valley,NV,467,4.035
8145,DUMMY TRUCK STOP #7145,"I-90, EXIT 4",Bartonsville,MD,823,3.672
8146,DUMMY TRUCK STOP #7146,"I-95, EXIT 242",Apple Valley,MN,220,3.290
8147,DUMMY TRUCK STOP #7147,"I-64, EXIT 68",Wanblee,SD,282,3.499
8148,DUMMY TRUCK STOP #7148,"I-44, EXIT 189",Bennington,ID,819,3.536
8149,DUMMY TRUCK STOP #7149,"I-64, EXIT 339",Parkville,MO,848,3.069
8150,DUMMY TRUCK STOP #7150,"I-70, EXIT 306",Salmon Brook,CT,285,4.343
8151,DUMMY TRUCK STOP #7151,"I-70, EXIT 289",Alum Creek,WV,516,3.882
8152,DUMMY TRUCK STOP #7152,"I-81, EXIT 165",Margate City,NJ,555,3.932
8153,DUMMY TRUCK STOP #7153,"I-15, EXIT 55",Rock Port,MO,796,2.954
8154,DUMMY TRUCK STOP #7154,"I-40, EXIT 230",Frenchburg,KY,706,3.456
8155,DUMMY TRUCK STOP #7155,"I-64, EXIT 170",Grand Ronde,OR,578,4.238
8156,DUMMY TRUCK STOP #7156,"I-80, EXIT 74",Huguley,AL,552,3.178
8157,DUMMY TRUCK STOP #7157,"I-20, EXIT 45",New Hope,AL,498,3.412
8158,DUMMY TRUCK STOP #7158,"I-5, EXIT 282",Converse,TX,683,3.036
8159,DUMMY TRUCK STOP #7159,"I-90, EXIT 293",North Henderson,IL,575,4.147
8160,DUMMY TRUCK STOP #7160,"I-10, EXIT 56",Hawk Springs,WY,456,3.404
8161,DUMMY TRUCK STOP #7161,"I-35, EXIT 60",Wallkill,NY,895,3.899
8162,DUMMY TRUCK STOP #7162,"I-40, EXIT 104",Yucaipa,CA,488,4.359
8163,DUMMY TRUCK STOP #7163,"I-75, EXIT 32",Wallins Creek,KY,107,3.389
8164,DUMMY TRUCK STOP #7164,"I-90, EXIT 101",Trego-Rohrersville Station,MD,378,3.366
8165,DUMMY TRUCK STOP #7165,"I-15, EXIT 67",Grand Forks AFB,ND,787,3.237
8166,DUMMY TRUCK STOP #7166,"I-90, EXIT 326",Burchinal,IA,691,3.420
8167,DUMMY TRUCK STOP #7167,"I-44, EXIT 4",Bartonville,TX,803,3.333
8168,DUMMY TRUCK STOP #7168,"I-85, EXIT 144",Brookhaven,NY,499,3.995
8169,DUMMY TRUCK STOP #7169,"I-44, EXIT 293",Dawson,IA,718,3.592
8170,DUMMY TRUCK STOP #7170,"I-85, EXIT 296",Helmer,IN,708,3.580
8171,DUMMY TRUCK STOP #7171,"I-65, EXIT 202",Iowa Falls,IA,149,3.409
8172,DUMMY TRUCK STOP #7172,"I-44, EXIT 109",Floweree,MT,633,3.661
8173,DUMMY TRUCK STOP #7173,"I-90, EXIT 347",Maeser,UT,461,3.467
8174,DUMMY TRUCK STOP #7174,"I-25, EXIT 263",Falmouth Foreside,ME,474,3.332
8175,DUMMY TRUCK STOP #7175,"I-94, EXIT 315",Lynnfield,MA,624,3.553
8176,DUMMY TRUCK STOP #7176,"I-75, EXIT 263",Basco,IL,767,3.340
8177,DUMMY TRUCK STOP #7177,"I-55, EXIT 121",Shell,WY,689,3.695
8178,DUMMY TRUCK STOP #7178,"I-81, EXIT 203",Dennis,MS,813,3.390
8179,DUMMY TRUCK STOP #7179,"I-95, EXIT 5",Norris City,IL,760,3.813
8180,DUMMY TRUCK STOP #7180,"I-5, EXIT 241",Waldorf,MN,342,3.784
8181,DUMMY TRUCK STOP #7181,"I-95, EXIT 314",Beaverdale,PA,845,3.903
8182,DUMMY TRUCK STOP #7182,"I-64, EXIT 142",Berrien Springs,MI,420,3.703
8183,DUMMY TRUCK STOP #7183,"I-55, EXIT 159",Hanson,MA,383,3.224
8184,DUMMY TRUCK STOP #7184,"I-20, EXIT 23",Texarkana,TX,562,3.240
8185,DUMMY TRUCK STOP #7185,"I-35, EXIT 219",Renwick,IA,238,3.029
8186,DUMMY TRUCK STOP #7186,"I-75, EXIT 328",Lake Tekakwitha,MO,889,3.424
8187,DUMMY TRUCK STOP #7187,"I-44, EXIT 153",Rexburg,ID,887,3.832
8188,DUMMY TRUCK STOP #7188,"I-81, EXIT 182",Pelham Manor,NY,681,4.084
8189,DUMMY TRUCK STOP #7189,"I-55, EXIT 128",Ellenton,FL,449,3.639
8190,DUMMY TRUCK STOP #7190,"I-95, EXIT 334",Mercedes,TX,627,3.264
8191,DUMMY TRUCK STOP #7191,"I-65, EXIT 321",Boring,OR,752,4.263
8192,DUMMY TRUCK STOP #7192,"I-95, EXIT 28",Bowling Green,IN,573,3.989
8193,DUMMY TRUCK STOP #7193,"I-95, EXIT 220",Winchester,CA,472,4.857
8194,DUMMY TRUCK STOP #7194,"I-90, EXIT 161",Hershey,PA,561,3.790
8195,DUMMY TRUCK STOP #7195,"I-85, EXIT 169",Hartville,WY,526,3.322
8196,DUMMY TRUCK STOP #7196,"I-94, EXIT 37",Grandview Lake,IN,487,3.744
8197,DUMMY TRUCK STOP #7197,"I-40, EXIT 157",Fair Haven,NY,793,3.997
8198,DUMMY TRUCK STOP #7198,"I-10, EXIT 251",Sturgis,MS,810,3.222
8199,DUMMY TRUCK STOP #7199,"I-20, EXIT 239",Ridgeland,SC,576,3.447
8200,DUMMY TRUCK STOP #7200,"I-75, EXIT 49",Galesburg,IL,802,4.381
8201,DUMMY TRUCK STOP #7201,"I-5, EXIT 329",Port St. Lucie,FL,741,3.423
8202,DUMMY TRUCK STOP #7202,"I-5, EXIT 252",Harrison,SD,620,3.311
8203,DUMMY TRUCK STOP #7203,"I-35, EXIT 77",Valley Green,PA,295,3.876
8204,DUMMY TRUCK STOP #7204,"I-40, EXIT 257",Summitview,WA,429,4.412
8205,DUMMY TRUCK STOP #7205,"I-40, EXIT 210",Lockhart,AL,695,3.273
8206,DUMMY TRUCK STOP #7206,"I-95, EXIT 310",Genesee,ID,448,3.829
8207,DUMMY TRUCK STOP #7207,"I-10, EXIT 96",Baxterville,MS,329,3.357
8208,DUMMY TRUCK STOP #7208,"I-15, EXIT 71",Eldorado,TX,799,3.317
8209,DUMMY TRUCK STOP #7209,"I-35, EXIT 235",Hernando Beach,FL,343,3.549
8210,DUMMY TRUCK STOP #7210,"I-65, EXIT 344",Etna,OH,827,3.551
8211,DUMMY TRUCK STOP #7211,"I-81, EXIT 80",Lebanon,NJ,368,3.806
8212,DUMMY TRUCK STOP #7212,"I-10, EXIT 97",Grants,NM,243,3.529
8213,DUMMY TRUCK STOP #7213,"I-85, EXIT 250",Hellertown,PA,176,4.183
8214,DUMMY TRUCK STOP #7214,"I-64, EXIT 218",Sewickley Hills,PA,727,4.023
8215,DUMMY TRUCK STOP #7215,"I-44, EXIT 183",Tangier,VA,421,3.527
8216,DUMMY TRUCK STOP #7216,"I-70, EXIT 177",Mankato,KS,811,3.291
8217,DUMMY TRUCK STOP #7217,"I-25, EXIT 19",Smithville-Sanders,IN,141,3.236
8218,DUMMY TRUCK STOP #7218,"I-80, EXIT 59",Kingston,NY,581,4.312
8219,DUMMY TRUCK STOP #7219,"I-64, EXIT 136",Bunker Hill Village,TX,469,3.149
8220,DUMMY TRUCK STOP #7220,"I-95, EXIT 141",Rudy,AR,581,3.368
8221,DUMMY TRUCK STOP #7221,"I-35, EXIT 56",Cottage Grove,MN,664,3.527
8222,DUMMY TRUCK STOP #7222,"I-95, EXIT 128",Westminster,CA,778,4.667
8223,DUMMY TRUCK STOP #7223,"I-25, EXIT 245",Junction City,OR,793,3.830
8224,DUMMY TRUCK STOP #7224,"I-5, EXIT 215",Irwinton,GA,432,3.092
8225,DUMMY TRUCK STOP #7225,"I-20, EXIT 79",Clearlake Riviera,CA,272,5.038
8226,DUMMY TRUCK STOP #7226,"I-25, EXIT 278",Ridott,IL,764,3.854
8227,DUMMY TRUCK STOP #7227,"I-5, EXIT 187",Wisacky,SC,495,3.323
8228,DUMMY TRUCK STOP #7228,"I-64, EXIT 146",Desert Aire,WA,529,4.732
8229,DUMMY TRUCK STOP #7229,"I-5, EXIT 132",East Canton,OH,479,3.543
8230,DUMMY TRUCK STOP #7230,"I-70, EXIT 166",Vail,PA,448,3.991
8231,DUMMY TRUCK STOP #7231,"I-80, EXIT 109",Kingdom City,MO,822,3.149
8232,DUMMY TRUCK STOP #7232,"I-65, EXIT 220",Livonia,LA,106,3.222
8233,DUMMY TRUCK STOP #7233,"I-94, EXIT 311",Burt,IA,788,3.142
8234,DUMMY TRUCK STOP #7234,"I-64, EXIT 111",Sudlersville,MD,337,3.600
8235,DUMMY TRUCK STOP #7235,"I-40, EXIT 296",Severn,MD,840,3.474
8236,DUMMY TRUCK STOP #7236,"I-10, EXIT 135",Holland,NY,794,3.984
8237,DUMMY TRUCK STOP #7237,"I-90, EXIT 92",Glen Head,NY,810,4.172
8238,DUMMY TRUCK STOP #7238,"I-44, EXIT 205",Shippensburg University,PA,679,4.007
8239,DUMMY TRUCK STOP #7239,"I-25, EXIT 218",Littlejohn Island,ME,676,3.410
8240,DUMMY TRUCK STOP #7240,"I-5, EXIT 95",Casa Blanca,AZ,802,4.035
8241,DUMMY TRUCK STOP #7241,"I-81, EXIT 192",Northrop,MN,445,3.526
8242,DUMMY TRUCK STOP #7242,"I-5, EXIT 206",Terryville,CT,206,4.159
8243,DUMMY TRUCK STOP #7243,"I-80, EXIT 330",Rectortown,VA,573,3.313
8244,DUMMY TRUCK STOP #7244,"I-5, EXIT 35",Allendale,SC,448,3.364
8245,DUMMY TRUCK STOP #7245,"I-10, EXIT 107",Trent Woods,NC,698,3.402
8246,DUMMY TRUCK STOP #7246,"I-40, EXIT 130",Hecker,IL,416,3.700
8247,DUMMY TRUCK STOP #7247,"I-85, EXIT 84",Siena College,NY,217,3.998
8248,DUMMY TRUCK STOP #7248,"I-75, EXIT 94",Rew,PA,845,3.922
8249,DUMMY TRUCK STOP #7249,"I-44, EXIT 119",Roachester,OH,702,3.933
8250,DUMMY TRUCK STOP #7250,"I-15, EXIT 306",Reading,OH,261,3.817
8251,DUMMY TRUCK STOP #7251,"I-25, EXIT 58",Harrisville,WI,102,3.295
8252,DUMMY TRUCK STOP #7252,"I-65, EXIT 115",Arimo,ID,125,3.617
8253,DUMMY TRUCK STOP #7253,"I-80, EXIT 22",Valeria,IA,156,3.245
8254,DUMMY TRUCK STOP #7254,"I-94, EXIT 65",Lake Shore,MD,248,3.613
8255,DUMMY TRUCK STOP #7255,"I-81, EXIT 144",Uniontown,KY,286,3.189
8256,DUMMY TRUCK STOP #7256,"I-81, EXIT 28",Lucien,OK,423,3.132
8257,DUMMY TRUCK STOP #7257,"I-85, EXIT 278",Centre Grove,NJ,648,3.798
8258,DUMMY TRUCK STOP #7258,"I-81, EXIT 86",Elgin,NE,660,3.575
8259,DUMMY TRUCK STOP #7259,"I-40, EXIT 78",North Washington,PA,262,4.109
8260,DUMMY TRUCK STOP #7260,"I-90, EXIT 14",Hanley Hills,MO,181,3.174
8261,DUMMY TRUCK STOP #7261,"I-95, EXIT 284",Orange Grove,TX,154,3.258
8262,DUMMY TRUCK STOP #7262,"I-64, EXIT 133",Kaleva,MI,525,3.687
8263,DUMMY TRUCK STOP #7263,"I-95, EXIT 166",Hillsboro,ND,240,3.451
8264,DUMMY TRUCK STOP #7264,"I-55, EXIT 252",Willey,IA,518,3.185
8265,DUMMY TRUCK STOP #7265,"I-5, EXIT 332",Savage Town,VA,536,3.782
8266,DUMMY TRUCK STOP #7266,"I-55, EXIT 226",Franklin,OH,259,3.719
8267,DUMMY TRUCK STOP #7267,"I-65, EXIT 91",Pinecraft,FL,470,3.453
8268,DUMMY TRUCK STOP #7268,"I-81, EXIT 112",Offerman,GA,563,3.220
8269,DUMMY TRUCK STOP #7269,"I-85, EXIT 254",Martinsburg,OH,660,3.436
8270,DUMMY TRUCK STOP #7270,"I-94, EXIT 134",Pearl River,LA,114,3.164
8271,DUMMY TRUCK STOP #7271,"I-55, EXIT 214",Benton,MS,425,2.894
8272,DUMMY TRUCK STOP #7272,"I-85, EXIT 240",Florida,OH,569,3.818
8273,DUMMY TRUCK STOP #7273,"I-80, EXIT 45",Gardena,ND,245,3.509
8274,DUMMY TRUCK STOP #7274,"I-90, EXIT 257",Phoenicia,NY,721,4.091
8275,DUMMY TRUCK STOP #7275,"I-94, EXIT 157",Hilltop,MN,258,3.111
8276,DUMMY TRUCK STOP #7276,"I-75, EXIT 268",Huntington Beach,CA,162,4.866
8277,DUMMY TRUCK STOP #7277,"I-25, EXIT 206",Mecca,CA,803,4.778
8278,DUMMY TRUCK STOP #7278,"I-15, EXIT 330",Griffin,GA,874,3.257
8279,DUMMY TRUCK STOP #7279,"I-5, EXIT 1",Houlton,ME,449,3.535
8280,DUMMY TRUCK STOP #7280,"I-40, EXIT 253",Bloomington,IN,176,3.813
8281,DUMMY TRUCK STOP #7281,"I-10, EXIT 172",Crestview Hills,KY,496,3.188
8282,DUMMY TRUCK STOP #7282,"I-75, EXIT 278",Heritage Creek,KY,627,3.110
8283,DUMMY TRUCK STOP #7283,"I-75, EXIT 194",Spencerville,OH,412,3.820
8284,DUMMY TRUCK STOP #7284,"I-85, EXIT 296",Colwich,KS,476,3.258
8285,DUMMY TRUCK STOP #7285,"I-95, EXIT 269",Donora,PA,295,3.984
8286,DUMMY TRUCK STOP #7286,"I-20, EXIT 90",Spring Lake,UT,879,3.524
8287,DUMMY TRUCK STOP #7287,"I-94, EXIT 185",Teachey,NC,343,3.460
8288,DUMMY TRUCK STOP #7288,"I-70, EXIT 345",New Philadelphia,OH,802,3.560
8289,DUMMY TRUCK STOP #7289,"I-5, EXIT 44",Blomkest,MN,690,3.457
8290,DUMMY TRUCK STOP #7290,"I-15, EXIT 316",Clay,TX,669,3.491
8291,DUMMY TRUCK STOP #7291,"I-90, EXIT 226",Fremont Hills,MO,102,3.104
8292,DUMMY TRUCK STOP #7292,"I-20, EXIT 242",Belchertown,MA,101,3.392
8293,DUMMY TRUCK STOP #7293,"I-75, EXIT 249",Tumwater,WA,205,4.339
8294,DUMMY TRUCK STOP #7294,"I-70, EXIT 88",Oceanport,NJ,140,3.557
8295,DUMMY TRUCK STOP #7295,"I-10, EXIT 242",Laddonia,MO,392,2.942
8296,DUMMY TRUCK STOP #7296,"I-10, EXIT 146",Liberty,TN,331,3.333
8297,DUMMY TRUCK STOP #7297,"I-95, EXIT 191",North High Shoals,GA,849,3.427
8298,DUMMY TRUCK STOP #7298,"I-81, EXIT 306",Millwood,WA,488,4.933
8299,DUMMY TRUCK STOP #7299,"I-64, EXIT 212",Greenehaven,AZ,185,3.751
8300,DUMMY TRUCK STOP #7300,"I-10, EXIT 168",Archer,FL,168,3.530
8301,DUMMY TRUCK STOP #7301,"I-95, EXIT 1",Lorain,PA,152,4.395
8302,DUMMY TRUCK STOP #7302,"I-85, EXIT 27",Fort Wayne,IN,208,3.974
8303,DUMMY TRUCK STOP #7303,"I-5, EXIT 91",Moscow,TN,112,3.006
8304,DUMMY TRUCK STOP #7304,"I-70, EXIT 25",Star City,IN,252,3.757
8305,DUMMY TRUCK STOP #7305,"I-85, EXIT 84",Milton,WV,802,3.514
8306,DUMMY TRUCK STOP #7306,"I-44, EXIT 350",Belmont Estates,VA,732,3.671
8307,DUMMY TRUCK STOP #7307,"I-35, EXIT 318",North Barrington,IL,581,3.834
8308,DUMMY TRUCK STOP #7308,"I-70, EXIT 320",Nelson,GA,717,3.416
8309,DUMMY TRUCK STOP #7309,"I-65, EXIT 328",Centerville,MN,335,3.243
8310,DUMMY TRUCK STOP #7310,"I-80, EXIT 165",Catherine,CO,709,3.593
8311,DUMMY TRUCK STOP #7311,"I-64, EXIT 131",Carrsville,VA,878,3.908
8312,DUMMY TRUCK STOP #7312,"I-35, EXIT 178",Dunnigan,CA,254,4.354
8313,DUMMY TRUCK STOP #7313,"I-55, EXIT 343",Fitchburg,WI,764,3.248
8314,DUMMY TRUCK STOP #7314,"I-35, EXIT 29",Broadalbin,NY,388,4.331
8315,DUMMY TRUCK STOP #7315,"I-70, EXIT 109",Baldwin Park,CA,551,4.877
8316,DUMMY TRUCK STOP #7316,"I-64, EXIT 21",Parker Strip,AZ,796,3.924
8317,DUMMY TRUCK STOP #7317,"I-40, EXIT 123",Center City,MN,569,3.547
8318,DUMMY TRUCK STOP #7318,"I-44, EXIT 228",Round Hill,VA,533,3.486
8319,DUMMY TRUCK STOP #7319,"I-95, EXIT 312",Oceanside,CA,558,4.802
8320,DUMMY TRUCK STOP #7320,"I-75, EXIT 274",Govan,SC,217,3.127
8321,DUMMY TRUCK STOP #7321,"I-5, EXIT 272",Crystal Lake,IA,427,3.334
8322,DUMMY TRUCK STOP #7322,"I-65, EXIT 255",Ryder,ND,885,3.114
8323,DUMMY TRUCK STOP #7323,"I-64, EXIT 307",Berry College,GA,773,3.623
8324,DUMMY TRUCK STOP #7324,"I-10, EXIT 186",Palm Springs,CA,633,4.919
8325,DUMMY TRUCK STOP #7325,"I-90, EXIT 261",Troy,OH,180,3.614
8326,DUMMY TRUCK STOP #7326,"I-55, EXIT 140",South Gull Lake,MI,702,3.975
8327,DUMMY TRUCK STOP #7327,"I-40, EXIT 173",Winchester,KS,615,3.085
8328,DUMMY TRUCK STOP #7328,"I-75, EXIT 88",Burlington,IN,390,3.610
8329,DUMMY TRUCK STOP #7329,"I-81, EXIT 131",Pleasant Lake,IN,371,3.724
8330,DUMMY TRUCK STOP #7330,"I-65, EXIT 14",Orchard Hills,PA,678,3.782
8331,DUMMY TRUCK STOP #7331,"I-40, EXIT 94",Tripoli,IA,364,3.180
8332,DUMMY TRUCK STOP #7332,"I-70, EXIT 125",Elsberry,MO,424,3.046
8333,DUMMY TRUCK STOP #7333,"I-95, EXIT 56",Cherry Grove,OH,199,3.819
8334,DUMMY TRUCK STOP #7334,"I-20, EXIT 47",Beverly Hills,FL,808,3.654
8335,DUMMY TRUCK STOP #7335,"I-90, EXIT 191",Estero,FL,809,3.885
8336,DUMMY TRUCK STOP #7336,"I-15, EXIT 274",Upper Greenwood Lake,NJ,356,3.758
8337,DUMMY TRUCK STOP #7337,"I-90, EXIT 313",Sky Valley,GA,667,3.190
8338,DUMMY TRUCK STOP #7338,"I-65, EXIT 306",Sedona,AZ,327,3.951
8339,DUMMY TRUCK STOP #7339,"I-70, EXIT 296",Calion,AR,521,3.280
8340,DUMMY TRUCK STOP #7340,"I-20, EXIT 257",Cherry Tree,OK,781,3.085
8341,DUMMY TRUCK STOP #7341,"I-81, EXIT 102",Telford,TN,766,3.383
8342,DUMMY TRUCK STOP #7342,"I-55, EXIT 273",Van Lear,KY,108,3.772
8343,DUMMY TRUCK STOP #7343,"I-25, EXIT 76",Lindale,TX,772,3.187
8344,DUMMY TRUCK STOP #7344,"I-80, EXIT 136",Amsterdam,MT,258,3.564
8345,DUMMY TRUCK STOP #7345,"I-85, EXIT 340",Pablo Pena,TX,237,2.882
8346,DUMMY TRUCK STOP #7346,"I-5, EXIT 172",Lowden,IA,439,3.738
8347,DUMMY TRUCK STOP #7347,"I-95, EXIT 265",Bronxville,NY,595,4.053
8348,DUMMY TRUCK STOP #7348,"I-94, EXIT 53",Freistatt,MO,835,3.522
8349,DUMMY TRUCK STOP #7349,"I-64, EXIT 241",Homeland,FL,799,3.135
8350,DUMMY TRUCK STOP #7350,"I-55, EXIT 312",Alamo Beach,TX,846,2.849
8351,DUMMY TRUCK STOP #7351,"I-75, EXIT 3",Ulysses,PA,401,3.860
8352,DUMMY TRUCK STOP #7352,"I-35, EXIT 299",Lake Wissota,WI,353,3.401
8353,DUMMY TRUCK STOP #7353,"I-85, EXIT 281",Elon,NC,358,3.867
8354,DUMMY TRUCK STOP #7354,"I-85, EXIT 93",Mar-Mac,NC,182,3.271
8355,DUMMY TRUCK STOP #7355,"I-35, EXIT 256",Oran,MO,444,3.194
8356,DUMMY TRUCK STOP #7356,"I-94, EXIT 25",Fayetteville,OH,377,3.773
8357,DUMMY TRUCK STOP #7357,"I-35, EXIT 217",Independence,OH,556,3.644
8358,DUMMY TRUCK STOP #7358,"I-80, EXIT 318",Abbotsford,WI,615,3.533
8359,DUMMY TRUCK STOP #7359,"I-95, EXIT 278",Bulverde,TX,637,2.902
8360,DUMMY TRUCK STOP #7360,"I-81, EXIT 241",Rio Grande,NJ,438,3.821
8361,DUMMY TRUCK STOP #7361,"I-55, EXIT 232",Hanksville,VT,876,3.557
8362,DUMMY TRUCK STOP #7362,"I-64, EXIT 36",McDermott,OH,341,3.855
8363,DUMMY TRUCK STOP #7363,"I-25, EXIT 298",Glen Acres,NM,808,3.435
8364,DUMMY TRUCK STOP #7364,"I-40, EXIT 213",Yates Center,KS,103,3.338
8365,DUMMY TRUCK STOP #7365,"I-80, EXIT 94",Barnesville,MD,812,3.434
8366,DUMMY TRUCK STOP #7366,"I-81, EXIT 171",Windham,MT,779,3.170
8367,DUMMY TRUCK STOP #7367,"I-95, EXIT 107",Prewitt,NM,357,3.984
8368,DUMMY TRUCK STOP #7368,"I-75, EXIT 128",Attica,IN,628,3.720
8369,DUMMY TRUCK STOP #7369,"I-55, EXIT 271",St. Helena,CA,393,4.680
8370,DUMMY TRUCK STOP #7370,"I-64, EXIT 246",Thorndale,TX,718,3.097
8371,DUMMY TRUCK STOP #7371,"I-70, EXIT 209",Vassar,KS,221,3.264
8372,DUMMY TRUCK STOP #7372,"I-15, EXIT 185",Park City,UT,519,3.886
8373,DUMMY TRUCK STOP #7373,"I-25, EXIT 123",Ormsby,MN,163,3.328
8374,DUMMY TRUCK STOP #7374,"I-81, EXIT 15",Bussey,IA,773,3.289
8375,DUMMY TRUCK STOP #7375,"I-90, EXIT 16",Boston,GA,423,3.133
8376,DUMMY TRUCK STOP #7376,"I-44, EXIT 53",Peabody,KS,487,3.371
8377,DUMMY TRUCK STOP #7377,"I-81, EXIT 326",Los Arcos,TX,406,3.425
8378,DUMMY TRUCK STOP #7378,"I-44, EXIT 128",Addison,AL,154,3.362
8379,DUMMY TRUCK STOP #7379,"I-35, EXIT 334",Ridgefield Park,NJ,832,3.894
8380,DUMMY TRUCK STOP #7380,"I-85, EXIT 35",Jasmine Estates,FL,649,3.689
8381,DUMMY TRUCK STOP #7381,"I-64, EXIT 153",Kittery Point,ME,567,3.377
8382,DUMMY TRUCK STOP #7382,"I-70, EXIT 215",Winthrop,IA,292,3.484
8383,DUMMY TRUCK STOP #7383,"I-20, EXIT 67",Centerville,MT,740,3.808
8384,DUMMY TRUCK STOP #7384,"I-15, EXIT 108",La Cienega,NM,656,3.203
8385,DUMMY TRUCK STOP #7385,"I-35, EXIT 286",Hoover,AL,599,3.233
8386,DUMMY TRUCK STOP #7386,"I-94, EXIT 25",Three Springs,PA,504,3.851
8387,DUMMY TRUCK STOP #7387,"I-64, EXIT 178",Lorenzo,NE,737,3.214
8388,DUMMY TRUCK STOP #7388,"I-90, EXIT 170",Plains,MT,625,3.679
8389,DUMMY TRUCK STOP #7389,"I-80, EXIT 167",Lyons,KS,825,3.144
8390,DUMMY TRUCK STOP #7390,"I-64, EXIT 41",Quail Creek,TX,635,3.226
8391,DUMMY TRUCK STOP #7391,"I-94, EXIT 349",Quitman,MS,634,3.298
8392,DUMMY TRUCK STOP #7392,"I-35, EXIT 174",Elgin,KS,242,3.204
8393,DUMMY TRUCK STOP #7393,"I-90, EXIT 277",Lucama,NC,490,3.548
8394,DUMMY TRUCK STOP #7394,"I-80, EXIT 300",Coesse,IN,142,3.801
8395,DUMMY TRUCK STOP #7395,"I-55, EXIT 200",Hackleburg,AL,703,3.433
8396,DUMMY TRUCK STOP #7396,"I-90, EXIT 159",Briarcliff Manor,NY,279,4.067
8397,DUMMY TRUCK STOP #7397,"I-94, EXIT 147",Canada Creek Ranch,MI,559,3.331
8398,DUMMY TRUCK STOP #7398,"I-10, EXIT 169",Champaign,IL,257,3.713
8399,DUMMY TRUCK STOP #7399,"I-44, EXIT 346",Lake Ivanhoe,WI,271,3.520
8400,DUMMY TRUCK STOP #7400,"I-94, EXIT 285",Hoosick Falls,NY,571,4.170
8401,DUMMY TRUCK STOP #7401,"I-35, EXIT 108",Blythedale,MO,863,3.446
8402,DUMMY TRUCK STOP #7402,"I-35, EXIT 9",Belgrade,MN,312,3.659
8403,DUMMY TRUCK STOP #7403,"I-90, EXIT 224",Santa Claus,IN,400,4.041
8404,DUMMY TRUCK STOP #7404,"I-25, EXIT 227",Iron City,GA,866,3.030
8405,DUMMY TRUCK STOP #7405,"I-80, EXIT 278",Fawn Lake Forest,PA,819,3.873
8406,DUMMY TRUCK STOP #7406,"I-65, EXIT 96",Bellmead,TX,582,3.172
8407,DUMMY TRUCK STOP #7407,"I-75, EXIT 15",Snover,MI,839,3.824
8408,DUMMY TRUCK STOP #7408,"I-44, EXIT 77",Sunbright,TN,106,3.458
8409,DUMMY TRUCK STOP #7409,"I-81, EXIT 288",Summit,IL,331,3.403
8410,DUMMY TRUCK STOP #7410,"I-55, EXIT 225",Lake Andes,SD,181,3.385
8411,DUMMY TRUCK STOP #7411,"I-35, EXIT 341",Mendota,CA,649,4.771
8412,DUMMY TRUCK STOP #7412,"I-44, EXIT 114",Bolivar,MS,372,3.194
8413,DUMMY TRUCK STOP #7413,"I-70, EXIT 246",Cadiz,OH,348,3.592
8414,DUMMY TRUCK STOP #7414,"I-65, EXIT 218",Lake Bruce,IN,277,3.623
8415,DUMMY TRUCK STOP #7415,"I-81, EXIT 256",Philippi,WV,759,3.692
8416,DUMMY TRUCK STOP #7416,"I-10, EXIT 29",Hannaford,ND,360,3.744
8417,DUMMY TRUCK STOP #7417,"I-70, EXIT 300",Prairie City,OR,581,4.120
8418,DUMMY TRUCK STOP #7418,"I-40, EXIT 32",Yeager,OK,228,3.293
8419,DUMMY TRUCK STOP #7419,"I-25, EXIT 88",Lineville,IA,663,3.371
8420,DUMMY TRUCK STOP #7420,"I-70, EXIT 230",Van Meter,IA,123,3.225
8421,DUMMY TRUCK STOP #7421,"I-55, EXIT 22",Port Clinton,OH,881,3.659
8422,DUMMY TRUCK STOP #7422,"I-25, EXIT 170",Southmayd,TX,450,3.249
8423,DUMMY TRUCK STOP #7423,"I-90, EXIT 310",Homestead,IA,843,3.144
8424,DUMMY TRUCK STOP #7424,"I-44, EXIT 297",Perley,MN,560,3.835
8425,DUMMY TRUCK STOP #7425,"I-10, EXIT 151",Carman,IL,206,4.201
8426,DUMMY TRUCK STOP #7426,"I-20, EXIT 213",Glendora,CA,588,4.428
8427,DUMMY TRUCK STOP #7427,"I-15, EXIT 185",Andalusia,IL,697,4.020
8428,DUMMY TRUCK STOP #7428,"I-80, EXIT 327",Jupiter Inlet Colony,FL,392,3.460
8429,DUMMY TRUCK STOP #7429,"I-44, EXIT 271",Brownell,KS,500,3.041
8430,DUMMY TRUCK STOP #7430,"I-65, EXIT 195",Nederland,CO,723,3.703
8431,DUMMY TRUCK STOP #7431,"I-55, EXIT 264",Santee,SC,787,3.763
8432,DUMMY TRUCK STOP #7432,"I-55, EXIT 344",Lipan,TX,541,3.180
8433,DUMMY TRUCK STOP #7433,"I-35, EXIT 92",Richardton,ND,738,3.370
8434,DUMMY TRUCK STOP #7434,"I-15, EXIT 84",Malta Bend,MO,390,3.200
8435,DUMMY TRUCK STOP #7435,"I-94, EXIT 239",Logan,IA,806,3.195
8436,DUMMY TRUCK STOP #7436,"I-81, EXIT 15",Bath,PA,110,4.006
8437,DUMMY TRUCK STOP #7437,"I-35, EXIT 123",Bellevue,OH,793,3.598
8438,DUMMY TRUCK STOP #7438,"I-55, EXIT 161",Lorton,NE,696,3.191
8439,DUMMY TRUCK STOP #7439,"I-55, EXIT 82",Capron,IL,531,3.946
8440,DUMMY TRUCK STOP #7440,"I-55, EXIT 17",Castlewood,SD,599,3.172
8441,DUMMY TRUCK STOP #7441,"I-65, EXIT 106",Arena,WI,160,3.232
8442,DUMMY TRUCK STOP #7442,"I-15, EXIT 66",Westlake,FL,835,3.634
8443,DUMMY TRUCK STOP #7443,"I-44, EXIT 295",Cedar Hill,TN,623,3.641
8444,DUMMY TRUCK STOP #7444,"I-5, EXIT 61",Kingston,NM,347,3.554
8445,DUMMY TRUCK STOP #7445,"I-15, EXIT 193",Florence,AZ,247,3.812
8446,DUMMY TRUCK STOP #7446,"I-94, EXIT 115",Bridgeport,IL,353,3.590
8447,DUMMY TRUCK STOP #7447,"I-10, EXIT 165",Brandon,CO,661,3.410
8448,DUMMY TRUCK STOP #7448,"I-15, EXIT 20",Sioux Center,IA,653,3.529
8449,DUMMY TRUCK STOP #7449,"I-70, EXIT 112",Ida Grove,IA,311,3.149
8450,DUMMY TRUCK STOP #7450,"I-81, EXIT 144",Pennwyn,PA,302,3.663
8451,DUMMY TRUCK STOP #7451,"I-25, EXIT 326",Ferndale,PA,771,3.958
8452,DUMMY TRUCK STOP #7452,"I-81, EXIT 252",Cabool,MO,269,3.377
8453,DUMMY TRUCK STOP #7453,"I-65, EXIT 196",Holladay,TN,474,3.100
8454,DUMMY TRUCK STOP #7454,"I-80, EXIT 338",Hollywood,AL,735,3.286
8455,DUMMY TRUCK STOP #7455,"I-95, EXIT 342",Lucerne,WY,402,3.262
8456,DUMMY TRUCK STOP #7456,"I-70, EXIT 254",San Fernando,CA,448,4.955
8457,DUMMY TRUCK STOP #7457,"I-70, EXIT 189",University,FL,126,3.275
8458,DUMMY TRUCK STOP #7458,"I-65, EXIT 166",Saraland,AL,764,3.197
8459,DUMMY TRUCK STOP #7459,"I-25, EXIT 289",Neligh,NE,827,3.366
8460,DUMMY TRUCK STOP #7460,"I-15, EXIT 227",St. Augustine,IL,217,4.053
8461,DUMMY TRUCK STOP #7461,"I-64, EXIT 39",Belfast,ME,672,3.547
8462,DUMMY TRUCK STOP #7462,"I-44, EXIT 320",Wilmont,MN,453,3.663
8463,DUMMY TRUCK STOP #7463,"I-25, EXIT 340",Bromley,KY,475,3.707
8464,DUMMY TRUCK STOP #7464,"I-25, EXIT 32",Thurston,NE,564,3.252
8465,DUMMY TRUCK STOP #7465,"I-90, EXIT 84",Baldwin,MI,893,3.944
8466,DUMMY TRUCK STOP #7466,"I-15, EXIT 202",Tindall,MO,765,3.009
8467,DUMMY TRUCK STOP #7467,"I-35, EXIT 48",Wallowa Lake,OR,406,4.058
8468,DUMMY TRUCK STOP #7468,"I-70, EXIT 252",Summerfield,TX,402,3.488
8469,DUMMY TRUCK STOP #7469,"I-10, EXIT 105",Deville,LA,141,3.211
8470,DUMMY TRUCK STOP #7470,"I-25, EXIT 243",Mokelumne Hill,CA,745,4.597
8471,DUMMY TRUCK STOP #7471,"I-55, EXIT 238",Quincy,FL,307,3.311
8472,DUMMY TRUCK STOP #7472,"I-5, EXIT 263",Boulder Creek,CA,848,4.915
8473,DUMMY TRUCK STOP #7473,"I-10, EXIT 97",Geneva,IA,846,3.365
8474,DUMMY TRUCK STOP #7474,"I-70, EXIT 350",Whitehall,MI,347,3.602
8475,DUMMY TRUCK STOP #7475,"I-35, EXIT 146",Dunbar,WV,392,3.799
8476,DUMMY TRUCK STOP #7476,"I-5, EXIT 89",Cedar Highlands,UT,696,3.974
8477,DUMMY TRUCK STOP #7477,"I-44, EXIT 149",Reedsville,WV,759,3.695
8478,DUMMY TRUCK STOP #7478,"I-5, EXIT 295",Adams,IL,356,4.095
8479,DUMMY TRUCK STOP #7479,"I-15, EXIT 283",Donnellson,IL,139,4.071
8480,DUMMY TRUCK STOP #7480,"I-70, EXIT 338",Schneider,IN,268,3.923
8481,DUMMY TRUCK STOP #7481,"I-95, EXIT 291",Oswego,SC,162,3.158
8482,DUMMY TRUCK STOP #7482,"I-5, EXIT 145",Paint Rock,AL,589,3.486
8483,DUMMY TRUCK STOP #7483,"I-25, EXIT 336",Windsor Locks,CT,342,3.993
8484,DUMMY TRUCK STOP #7484,"I-25, EXIT 167",Fairview-Ferndale,PA,409,3.964
8485,DUMMY TRUCK STOP #7485,"I-15, EXIT 59",Rolling Prairie,IN,308,3.686
8486,DUMMY TRUCK STOP #7486,"I-64, EXIT 120",Mount Pleasant,MI,368,3.742
8487,DUMMY TRUCK STOP #7487,"I-85, EXIT 36",El Dorado Springs,MO,306,3.289
8488,DUMMY TRUCK STOP #7488,"I-40, EXIT 308",Pierceton,IN,885,3.481
8489,DUMMY TRUCK STOP #7489,"I-35, EXIT 237",Bay,AR,537,3.175
8490,DUMMY TRUCK STOP #7490,"I-94, EXIT 213",Herrin,IL,189,3.624
8491,DUMMY TRUCK STOP #7491,"I-25, EXIT 60",Ravenna,TX,886,3.202
8492,DUMMY TRUCK STOP #7492,"I-20, EXIT 78",Stanford,CA,126,4.872
8493,DUMMY TRUCK STOP #7493,"I-40, EXIT 258",Oldwick,NJ,185,3.886
8494,DUMMY TRUCK STOP #7494,"I-44, EXIT 21",Durant,OK,194,2.903
8495,DUMMY TRUCK STOP #7495,"I-94, EXIT 18",Morrison,IL,266,3.711
8496,DUMMY TRUCK STOP #7496,"I-90, EXIT 309",Haugan,MT,151,3.945
8497,DUMMY TRUCK STOP #7497,"I-15, EXIT 297",McMillin,WA,488,4.207
8498,DUMMY TRUCK STOP #7498,"I-80, EXIT 155",Tamaha,OK,469,3.061
8499,DUMMY TRUCK STOP #7499,"I-95, EXIT 56",Calvert City,KY,792,3.499
8500,DUMMY TRUCK STOP #7500,"I-95, EXIT 303",Russellville,KY,136,3.525
8501,DUMMY TRUCK STOP #7501,"I-40, EXIT 99",Dallas,GA,428,3.282
8502,DUMMY TRUCK STOP #7502,"I-75, EXIT 288",Dennison,OH,844,3.694
8503,DUMMY TRUCK STOP #7503,"I-81, EXIT 78",Sheboygan,WI,339,3.500
8504,DUMMY TRUCK STOP #7504,"I-80, EXIT 321",Lakeview,AR,508,3.138
8505,DUMMY TRUCK STOP #7505,"I-15, EXIT 248",Caroga Lake,NY,187,3.594
8506,DUMMY TRUCK STOP #7506,"I-5, EXIT 336",Ocean Grove,NJ,322,3.888
8507,DUMMY TRUCK STOP #7507,"I-15, EXIT 317",Buffalo City,WI,217,3.309
8508,DUMMY TRUCK STOP #7508,"I-90, EXIT 246",Brucetown,VA,397,3.189
8509,DUMMY TRUCK STOP #7509,"I-5, EXIT 58",West Havre,MT,344,3.921
8510,DUMMY TRUCK STOP #7510,"I-40, EXIT 82",Lake McMurray,WA,123,4.523
8511,DUMMY TRUCK STOP #7511,"I-55, EXIT 135",Levant,KS,706,3.294
8512,DUMMY TRUCK STOP #7512,"I-70, EXIT 221",Harvard,IL,128,3.275
8513,DUMMY TRUCK STOP #7513,"I-90, EXIT 244",Gholson,TX,888,3.219
8514,DUMMY TRUCK STOP #7514,"I-75, EXIT 177",Muscoda,WI,159,3.431
8515,DUMMY TRUCK STOP #7515,"I-70, EXIT 79",Enid,OK,466,3.247
8516,DUMMY TRUCK STOP #7516,"I-81, EXIT 78",Savanna,IL,331,3.613
8517,DUMMY TRUCK STOP #7517,"I-40, EXIT 61",Dupree,SD,503,3.556
8518,DUMMY TRUCK STOP #7518,"I-5, EXIT 101",Greendale,IN,778,3.830
8519,DUMMY TRUCK STOP #7519,"I-15, EXIT 48",Golf Manor,OH,767,3.442
8520,DUMMY TRUCK STOP #7520,"I-10, EXIT 162",Alba,MO,889,3.204
8521,DUMMY TRUCK STOP #7521,"I-5, EXIT 97",Stanley,KY,877,3.681
8522,DUMMY TRUCK STOP #7522,"I-95, EXIT 314",Shoal Creek,AL,488,3.106
8523,DUMMY TRUCK STOP #7523,"I-80, EXIT 205",Nunez,GA,572,3.428
8524,DUMMY TRUCK STOP #7524,"I-5, EXIT 7",New Market,IA,453,3.256
8525,DUMMY TRUCK STOP #7525,"I-75, EXIT 204",Brookston,TX,802,3.028
8526,DUMMY TRUCK STOP #7526,"I-44, EXIT 71",Oxoboxo River,CT,884,4.019
8527,DUMMY TRUCK STOP #7527,"I-10, EXIT 15",Finger,TN,604,3.304
8528,DUMMY TRUCK STOP #7528,"I-20, EXIT 349",Millhousen,IN,425,4.025
8529,DUMMY TRUCK STOP #7529,"I-5, EXIT 297",Killen,AL,607,3.276
8530,DUMMY TRUCK STOP #7530,"I-15, EXIT 141",Knoxville,AR,771,3.247
8531,DUMMY TRUCK STOP #7531,"I-44, EXIT 94",Walton Park,NY,321,4.329
8532,DUMMY TRUCK STOP #7532,"I-64, EXIT 111",Kings Valley,OR,131,4.257
8533,DUMMY TRUCK STOP #7533,"I-94, EXIT 252",Lonepine,MT,400,3.656
8534,DUMMY TRUCK STOP #7534,"I-64, EXIT 278",Fairview,OR,810,4.025
8535,DUMMY TRUCK STOP #7535,"I-35, EXIT 125",Laurel Hill,NC,579,3.334
8536,DUMMY TRUCK STOP #7536,"I-65, EXIT 308",Ball Ground,GA,849,3.331
8537,DUMMY TRUCK STOP #7537,"I-35, EXIT 73",Thatcher,UT,637,3.836
8538,DUMMY TRUCK STOP #7538,"I-65, EXIT 278",Sacramento,CA,809,4.758
8539,DUMMY TRUCK STOP #7539,"I-65, EXIT 141",Rochester,IN,464,3.860
8540,DUMMY TRUCK STOP #7540,"I-65, EXIT 58",Cochran,GA,316,3.485
8541,DUMMY TRUCK STOP #7541,"I-95, EXIT 216",Winslow,NE,900,3.285
8542,DUMMY TRUCK STOP #7542,"I-5, EXIT 110",Santa Ynez,CA,418,4.689
8543,DUMMY TRUCK STOP #7543,"I-44, EXIT 220",Boardman,OR,607,4.093
8544,DUMMY TRUCK STOP #7544,"I-94, EXIT 288",South Heart,ND,311,3.487
8545,DUMMY TRUCK STOP #7545,"I-75, EXIT 289",Strattanville,PA,750,3.851
8546,DUMMY TRUCK STOP #7546,"I-40, EXIT 75",Burkettsville,OH,346,3.638
8547,DUMMY TRUCK STOP #7547,"I-44, EXIT 211",Pymatuning South,PA,361,4.005
8548,DUMMY TRUCK STOP #7548,"I-81, EXIT 187",Citrus,CA,631,4.741
8549,DUMMY TRUCK STOP #7549,"I-55, EXIT 265",Leitersburg,MD,541,3.529
8550,DUMMY TRUCK STOP #7550,"I-85, EXIT 137",New Middletown,OH,200,3.874
8551,DUMMY TRUCK STOP #7551,"I-15, EXIT 67",Alamo,GA,139,3.186
8552,DUMMY TRUCK STOP #7552,"I-75, EXIT 117",South Park,WY,208,3.580
8553,DUMMY TRUCK STOP #7553,"I-35, EXIT 295",Los Alamos,NM,552,3.290
8554,DUMMY TRUCK STOP #7554,"I-85, EXIT 205",Hooper,CO,138,3.594
8555,DUMMY TRUCK STOP #7555,"I-64, EXIT 3",Bay Pines,FL,625,3.622
8556,DUMMY TRUCK STOP #7556,"I-20, EXIT 57",Endicott,NE,867,3.467
8557,DUMMY TRUCK STOP #7557,"I-15, EXIT 190",Donaldson,IN,549,3.773
8558,DUMMY TRUCK STOP #7558,"I-35, EXIT 279",Hazel Green,KY,215,3.314
8559,DUMMY TRUCK STOP #7559,"I-75, EXIT 36",Greenville,NY,174,4.074
8560,DUMMY TRUCK STOP #7560,"I-80, EXIT 276",Realitos,TX,490,2.877
8561,DUMMY TRUCK STOP #7561,"I-5, EXIT 102",Beaver Creek,MD,484,3.714
8562,DUMMY TRUCK STOP #7562,"I-15, EXIT 46",Camden Point,MO,628,3.304
8563,DUMMY TRUCK STOP #7563,"I-5, EXIT 171",East Hazel Crest,IL,449,3.658
8564,DUMMY TRUCK STOP #7564,"I-65, EXIT 323",Fox Island,WA,376,4.336
8565,DUMMY TRUCK STOP #7565,"I-55, EXIT 90",Granite,OR,859,4.079
8566,DUMMY TRUCK STOP #7566,"I-75, EXIT 257",Fowler,MI,352,3.815
8567,DUMMY TRUCK STOP #7567,"I-44, EXIT 256",Parkville,MD,562,3.381
8568,DUMMY TRUCK STOP #7568,"I-15, EXIT 137",Klahr,PA,127,4.256
8569,DUMMY TRUCK STOP #7569,"I-55, EXIT 324",Newry,SC,802,3.417
8570,DUMMY TRUCK STOP #7570,"I-65, EXIT 144",Buford,SC,446,3.649
8571,DUMMY TRUCK STOP #7571,"I-80, EXIT 218",Green Forest,AR,129,3.347
8572,DUMMY TRUCK STOP #7572,"I-5, EXIT 119",Center,NE,107,3.212
8573,DUMMY TRUCK STOP #7573,"I-80, EXIT 330",Chinchilla,PA,240,4.097
8574,DUMMY TRUCK STOP #7574,"I-25, EXIT 255",Brashear,MO,894,3.136
8575,DUMMY TRUCK STOP #7575,"I-90, EXIT 193",Tyndall,SD,701,3.475
8576,DUMMY TRUCK STOP #7576,"I-85, EXIT 137",Glasco,KS,803,3.353
8577,DUMMY TRUCK STOP #7577,"I-81, EXIT 107",Tajique,NM,499,3.508
8578,DUMMY TRUCK STOP #7578,"I-90, EXIT 119",Warren,OR,647,4.258
8579,DUMMY TRUCK STOP #7579,"I-10, EXIT 298",Holmesville,NE,432,3.137
8580,DUMMY TRUCK STOP #7580,"I-81, EXIT 11",Colchester,IL,699,4.034
8581,DUMMY TRUCK STOP #7581,"I-95, EXIT 44",Paisano Park,TX,516,3.165
8582,DUMMY TRUCK STOP #7582,"I-70, EXIT 17",Buffalo Prairie,IL,656,3.841
8583,DUMMY TRUCK STOP #7583,"I-55, EXIT 10",Tucumcari,NM,346,3.538
8584,DUMMY TRUCK STOP #7584,"I-55, EXIT 271",Bier,MD,743,3.676
8585,DUMMY TRUCK STOP #7585,"I-85, EXIT 238",Seneca Gardens,KY,134,3.448
8586,DUMMY TRUCK STOP #7586,"I-5, EXIT 216",Box Elder,MT,276,3.743
8587,DUMMY TRUCK STOP #7587,"I-65, EXIT 339",Morning Sun,IA,690,3.503
8588,DUMMY TRUCK STOP #7588,"I-65, EXIT 64",Morganton,NC,412,3.067
8589,DUMMY TRUCK STOP #7589,"I-70, EXIT 131",East Syracuse,NY,391,4.241
8590,DUMMY TRUCK STOP #7590,"I-75, EXIT 220",Eton,GA,689,3.126
8591,DUMMY TRUCK STOP #7591,"I-15, EXIT 244",Grand Terrace,CA,812,4.703
8592,DUMMY TRUCK STOP #7592,"I-70, EXIT 223",Dale,WI,233,3.536
8593,DUMMY TRUCK STOP #7593,"I-5, EXIT 7",Barnesville,GA,214,3.242
8594,DUMMY TRUCK STOP #7594,"I-80, EXIT 35",Jerico Springs,MO,763,3.217
8595,DUMMY TRUCK STOP #7595,"I-64, EXIT 237",Glen Flora,WI,693,3.572
8596,DUMMY TRUCK STOP #7596,"I-64, EXIT 164",Edmund,SC,699,3.295
8597,DUMMY TRUCK STOP #7597,"I-20, EXIT 210",San Rafael,NM,828,3.513
8598,DUMMY TRUCK STOP #7598,"I-40, EXIT 283",North Lakeville,MA,333,3.743
8599,DUMMY TRUCK STOP #7599,"I-90, EXIT 311",Mineral Point,MO,598,3.284
8600,DUMMY TRUCK STOP #7600,"I-15, EXIT 350",Athens,AL,147,3.131
8601,DUMMY TRUCK STOP #7601,"I-81, EXIT 285",Lebanon,OH,205,3.885
8602,DUMMY TRUCK STOP #7602,"I-25, EXIT 350",Star City,WV,829,3.664
8603,DUMMY TRUCK STOP #7603,"I-65, EXIT 230",Grosse Pointe Park,MI,514,3.517
8604,DUMMY TRUCK STOP #7604,"I-15, EXIT 123",Bone Gap,IL,141,3.621
8605,DUMMY TRUCK STOP #7605,"I-95, EXIT 155",Ash Fork,AZ,672,4.077
8606,DUMMY TRUCK STOP #7606,"I-64, EXIT 47",Herriman,UT,815,3.313
8607,DUMMY TRUCK STOP #7607,"I-44, EXIT 161",Dennis,MA,830,3.731
8608,DUMMY TRUCK STOP #7608,"I-70, EXIT 77",Mingus,TX,654,3.079
8609,DUMMY TRUCK STOP #7609,"I-35, EXIT 346",Kendallville,IN,647,3.787
8610,DUMMY TRUCK STOP #7610,"I-85, EXIT 184",Nebo,KY,515,3.569
8611,DUMMY TRUCK STOP #7611,"I-94, EXIT 64",Hiller,PA,775,3.922
8612,DUMMY TRUCK STOP #7612,"I-40, EXIT 25",Doland,SD,241,3.203
8613,DUMMY TRUCK STOP #7613,"I-55, EXIT 327",Wolfhurst,OH,567,3.563
8614,DUMMY TRUCK STOP #7614,"I-85, EXIT 50",Peak Place,NM,184,3.532
8615,DUMMY TRUCK STOP #7615,"I-15, EXIT 269",Portland,MI,579,3.574
8616,DUMMY TRUCK STOP #7616,"I-10, EXIT 346",Collinsville,IL,634,3.994
8617,DUMMY TRUCK STOP #7617,"I-5, EXIT 250",Middlebrook,VA,845,3.586
8618,DUMMY TRUCK STOP #7618,"I-95, EXIT 62",Bayside,TX,218,3.009
8619,DUMMY TRUCK STOP #7619,"I-64, EXIT 206",Steele City,NE,363,3.440
8620,DUMMY TRUCK STOP #7620,"I-55, EXIT 196",Commack,NY,829,4.144
8621,DUMMY TRUCK STOP #7621,"I-95, EXIT 259",Bowler,WI,346,3.172
8622,DUMMY TRUCK STOP #7622,"I-10, EXIT 296",Halliday,ND,568,3.119
8623,DUMMY TRUCK STOP #7623,"I-64, EXIT 251",Strawberry Point,IA,317,3.250
8624,DUMMY TRUCK STOP #7624,"I-90, EXIT 280",Raywick,KY,767,3.566
8625,DUMMY TRUCK STOP #7625,"I-35, EXIT 124",Miesville,MN,608,3.546
8626,DUMMY TRUCK STOP #7626,"I-85, EXIT 150",Mayfield Heights,OH,672,3.225
8627,DUMMY TRUCK STOP #7627,"I-85, EXIT 235",Plantation,KY,104,3.231
8628,DUMMY TRUCK STOP #7628,"I-10, EXIT 241",No Name,CO,673,3.123
8629,DUMMY TRUCK STOP #7629,"I-25, EXIT 175",Trinidad,CA,348,4.665
8630,DUMMY TRUCK STOP #7630,"I-35, EXIT 172",Renaissance at Monroe,NJ,197,3.816
8631,DUMMY TRUCK STOP #7631,"I-94, EXIT 16",Cowiche,WA,663,4.616
8632,DUMMY TRUCK STOP #7632,"I-35, EXIT 85",Fish Camp,CA,515,5.000
8633,DUMMY TRUCK STOP #7633,"I-10, EXIT 315",Mayflower,AR,518,2.772
8634,DUMMY TRUCK STOP #7634,"I-75, EXIT 211",Manchester Center,VT,845,3.651
8635,DUMMY TRUCK STOP #7635,"I-70, EXIT 105",Moreland,ID,662,3.923
8636,DUMMY TRUCK STOP #7636,"I-40, EXIT 293",Walnut Creek,AZ,762,3.877
8637,DUMMY TRUCK STOP #7637,"I-80, EXIT 158",Bicknell,UT,512,3.800
8638,DUMMY TRUCK STOP #7638,"I-90, EXIT 69",Montreal,WI,211,3.447
8639,DUMMY TRUCK STOP #7639,"I-5, EXIT 97",Ceresco,NE,799,3.351
8640,DUMMY TRUCK STOP #7640,"I-85, EXIT 5",Seneca,WI,875,3.441
8641,DUMMY TRUCK STOP #7641,"I-5, EXIT 229",West Carson,CA,147,4.748
8642,DUMMY TRUCK STOP #7642,"I-44, EXIT 250",Willcox,AZ,632,3.504
8643,DUMMY TRUCK STOP #7643,"I-90, EXIT 214",Panama,NY,830,4.187
8644,DUMMY TRUCK STOP #7644,"I-80, EXIT 297",Milford Center,OH,330,3.483
8645,DUMMY TRUCK STOP #7645,"I-10, EXIT 293",Rose City,MI,627,3.809
8646,DUMMY TRUCK STOP #7646,"I-44, EXIT 140",Willoughby,OH,616,3.882
8647,DUMMY TRUCK STOP #7647,"I-80, EXIT 252",Herman,NE,839,3.336
8648,DUMMY TRUCK STOP #7648,"I-64, EXIT 277",Succasunna,NJ,550,3.953
8649,DUMMY TRUCK STOP #7649,"I-35, EXIT 316",Bourneville,OH,519,3.978
8650,DUMMY TRUCK STOP #7650,"I-70, EXIT 31",Ben Avon Heights,PA,586,3.736
8651,DUMMY TRUCK STOP #7651,"I-55, EXIT 175",Earl,NC,504,3.531
8652,DUMMY TRUCK STOP #7652,"I-65, EXIT 227",Edinburg,VA,236,3.293
8653,DUMMY TRUCK STOP #7653,"I-55, EXIT 46",Summers,AR,891,3.088
8654,DUMMY TRUCK STOP #7654,"I-90, EXIT 83",Melrose,MA,614,3.680
8655,DUMMY TRUCK STOP #7655,"I-55, EXIT 256",Swansea,IL,588,4.305
8656,DUMMY TRUCK STOP #7656,"I-95, EXIT 180",Vandemere,NC,103,3.832
8657,DUMMY TRUCK STOP #7657,"I-40, EXIT 158",Glenburn,PA,441,4.257
8658,DUMMY TRUCK STOP #7658,"I-25, EXIT 77",Hollister,CA,162,4.497
8659,DUMMY TRUCK STOP #7659,"I-75, EXIT 314",Piedmont,AL,331,3.492
8660,DUMMY TRUCK STOP #7660,"I-10, EXIT 111",Mount Carmel,IL,228,4.250
8661,DUMMY TRUCK STOP #7661,"I-55, EXIT 177",Branchville,VA,275,3.651
8662,DUMMY TRUCK STOP #7662,"I-70, EXIT 227",Leigh,NE,328,3.202
8663,DUMMY TRUCK STOP #7663,"I-10, EXIT 237",Mission Canyon,CA,871,4.763
8664,DUMMY TRUCK STOP #7664,"I-55, EXIT 21",Bar Nunn,WY,850,3.697
8665,DUMMY TRUCK STOP #7665,"I-80, EXIT 264",Onalaska,WA,451,4.331
8666,DUMMY TRUCK STOP #7666,"I-25, EXIT 332",Columbia,CA,252,4.860
8667,DUMMY TRUCK STOP #7667,"I-85, EXIT 189",Still Pond,MD,225,3.575
8668,DUMMY TRUCK STOP #7668,"I-25, EXIT 176",Great Neck Estates,NY,825,4.330
8669,DUMMY TRUCK STOP #7669,"I-95, EXIT 304",Lane,SC,125,3.107
8670,DUMMY TRUCK STOP #7670,"I-10, EXIT 184",Hamlin,TX,314,3.076
8671,DUMMY TRUCK STOP #7671,"I-80, EXIT 308",Coopersburg,PA,313,3.720
8672,DUMMY TRUCK STOP #7672,"I-40, EXIT 70",Carpinteria,CA,604,4.991
8673,DUMMY TRUCK STOP #7673,"I-55, EXIT 67",Palermo,ND,253,3.385
8674,DUMMY TRUCK STOP #7674,"I-94, EXIT 182",Forest City,IA,813,3.400
8675,DUMMY TRUCK STOP #7675,"I-90, EXIT 119",Alcalde,NM,576,3.199
8676,DUMMY TRUCK STOP #7676,"I-25, EXIT 113",Highland,AR,609,3.432
8677,DUMMY TRUCK STOP #7677,"I-95, EXIT 107",Herald,CA,204,4.697
8678,DUMMY TRUCK STOP #7678,"I-10, EXIT 120",Linton Hall,VA,334,3.447
8679,DUMMY TRUCK STOP #7679,"I-10, EXIT 4",Idamay,WV,656,3.532
8680,DUMMY TRUCK STOP #7680,"I-95, EXIT 160",Robbins,IL,245,3.471
8681,DUMMY TRUCK STOP #7681,"I-10, EXIT 105",Mount Arlington,NJ,860,3.773
8682,DUMMY TRUCK STOP #7682,"I-81, EXIT 6",Vallecito,CA,373,4.637
8683,DUMMY TRUCK STOP #7683,"I-40, EXIT 350",Antonito,CO,226,3.592
8684,DUMMY TRUCK STOP #7684,"I-94, EXIT 264",Upland Colony,SD,315,3.524
8685,DUMMY TRUCK STOP #7685,"I-15, EXIT 66",Clifford,IN,468,3.582
8686,DUMMY TRUCK STOP #7686,"I-85, EXIT 281",Conchas Dam,NM,740,3.414
8687,DUMMY TRUCK STOP #7687,"I-44, EXIT 226",New Lothrop,MI,203,3.826
8688,DUMMY TRUCK STOP #7688,"I-95, EXIT 269",Clayton,IL,827,3.733
8689,DUMMY TRUCK STOP #7689,"I-20, EXIT 245",Junction City,WI,531,3.341
8690,DUMMY TRUCK STOP #7690,"I-95, EXIT 338",The Hills,NJ,494,3.715
8691,DUMMY TRUCK STOP #7691,"I-75, EXIT 152",Spartansburg,PA,478,3.681
8692,DUMMY TRUCK STOP #7692,"I-70, EXIT 158",Rockfield,IN,409,3.654
8693,DUMMY TRUCK STOP #7693,"I-20, EXIT 189",Old Bethpage,NY,601,4.112
8694,DUMMY TRUCK STOP #7694,"I-94, EXIT 114",Sunbrook,PA,574,3.777
8695,DUMMY TRUCK STOP #7695,"I-64, EXIT 16",Nampa,ID,430,3.624
8696,DUMMY TRUCK STOP #7696,"I-40, EXIT 75",Greenwich,NY,744,4.078
8697,DUMMY TRUCK STOP #7697,"I-80, EXIT 268",Greece,NY,642,4.204
8698,DUMMY TRUCK STOP #7698,"I-70, EXIT 316",St. Anthony,MN,309,3.393
8699,DUMMY TRUCK STOP #7699,"I-90, EXIT 285",Fleming,CO,318,3.512
8700,DUMMY TRUCK STOP #7700,"I-95, EXIT 20",Lloydsville,OH,326,4.158
8701,DUMMY TRUCK STOP #7701,"I-81, EXIT 347",Sherman,NY,788,3.952
8702,DUMMY TRUCK STOP #7702,"I-90, EXIT 112",Olney,MD,793,3.450
8703,DUMMY TRUCK STOP #7703,"I-5, EXIT 122",Minco,OK,268,3.217
8704,DUMMY TRUCK STOP #7704,"I-20, EXIT 305",Prathersville,MO,622,3.469
8705,DUMMY TRUCK STOP #7705,"I-80, EXIT 177",Blue Bell,PA,471,3.883
8706,DUMMY TRUCK STOP #7706,"I-15, EXIT 349",Deer Lick,OK,801,3.319
8707,DUMMY TRUCK STOP #7707,"I-5, EXIT 203",Lauderdale,MS,546,3.187
8708,DUMMY TRUCK STOP #7708,"I-80, EXIT 333",Slayden,TN,636,3.207
8709,DUMMY TRUCK STOP #7709,"I-10, EXIT 207",Nahunta,GA,761,3.128
8710,DUMMY TRUCK STOP #7710,"I-81, EXIT 115",Woodlawn,VA,404,3.701
8711,DUMMY TRUCK STOP #7711,"I-64, EXIT 291",Celoron,NY,690,3.947
8712,DUMMY TRUCK STOP #7712,"I-94, EXIT 220",Finlayson,MN,352,3.507
8713,DUMMY TRUCK STOP #7713,"I-15, EXIT 1",Canaan,NH,336,3.749
8714,DUMMY TRUCK STOP #7714,"I-90, EXIT 172",Augusta,WI,289,3.636
8715,DUMMY TRUCK STOP #7715,"I-75, EXIT 87",White Oak,OH,256,3.569
8716,DUMMY TRUCK STOP #7716,"I-20, EXIT 167",Cornelia,GA,460,3.679
8717,DUMMY TRUCK STOP #7717,"I-81, EXIT 152",Alburgh,VT,310,3.433
8718,DUMMY TRUCK STOP #7718,"I-95, EXIT 347",Ocracoke,NC,524,3.377
8719,DUMMY TRUCK STOP #7719,"I-65, EXIT 306",Ellisville,MO,395,3.234
8720,DUMMY TRUCK STOP #7720,"I-5, EXIT 103",Chase City,VA,669,3.793
8721,DUMMY TRUCK STOP #7721,"I-64, EXIT 213",Fleming-Neon,KY,470,3.304
8722,DUMMY TRUCK STOP #7722,"I-80, EXIT 340",Mason,TX,768,3.089
8723,DUMMY TRUCK STOP #7723,"I-10, EXIT 263",Sturgis,KY,602,3.402
8724,DUMMY TRUCK STOP #7724,"I-40, EXIT 17",Bay Port,MI,154,3.752
8725,DUMMY TRUCK STOP #7725,"I-5, EXIT 340",Brandt,SD,249,3.608
8726,DUMMY TRUCK STOP #7726,"I-81, EXIT 105",West Columbia,SC,489,3.584
8727,DUMMY TRUCK STOP #7727,"I-35, EXIT 180",Port Neches,TX,853,3.090
8728,DUMMY TRUCK STOP #7728,"I-75, EXIT 337",Laurelton,PA,572,3.938
8729,DUMMY TRUCK STOP #7729,"I-35, EXIT 88",Salyersville,KY,847,3.529
8730,DUMMY TRUCK STOP #7730,"I-40, EXIT 146",Ardoch,ND,617,3.770
8731,DUMMY TRUCK STOP #7731,"I-15, EXIT 219",Lewis,IN,783,3.528
8732,DUMMY TRUCK STOP #7732,"I-75, EXIT 3",Dalzell,SC,198,3.369
8733,DUMMY TRUCK STOP #7733,"I-5, EXIT 155",Maud,TX,661,3.109
8734,DUMMY TRUCK STOP #7734,"I-90, EXIT 221",Plattville,IL,505,3.777
8735,DUMMY TRUCK STOP #7735,"I-81, EXIT 107",Coopersville,MI,863,3.646
8736,DUMMY TRUCK STOP #7736,"I-25, EXIT 212",Chadwicks,NY,416,3.865
8737,DUMMY TRUCK STOP #7737,"I-94, EXIT 293",Warrington,IN,743,3.649
8738,DUMMY TRUCK STOP #7738,"I-40, EXIT 341",St. Leonard,MD,580,3.885
8739,DUMMY TRUCK STOP #7739,"I-55, EXIT 47",Ludlow,MO,595,2.953
8740,DUMMY TRUCK STOP #7740,"I-80, EXIT 30",Herculaneum,MO,731,3.178
8741,DUMMY TRUCK STOP #7741,"I-85, EXIT 50",Smithfield,VA,524,3.434
8742,DUMMY TRUCK STOP #7742,"I-64, EXIT 337",Albertville,AL,777,3.086
8743,DUMMY TRUCK STOP #7743,"I-20, EXIT 8",Barrett,TX,392,2.857
8744,DUMMY TRUCK STOP #7744,"I-70, EXIT 252",University Park,IA,352,3.679
8745,DUMMY TRUCK STOP #7745,"I-95, EXIT 154",Knightdale,NC,361,3.410
8746,DUMMY TRUCK STOP #7746,"I-85, EXIT 110",Thorsby,AL,805,3.117
8747,DUMMY TRUCK STOP #7747,"I-81, EXIT 282",Loch Arbour,NJ,158,3.977
8748,DUMMY TRUCK STOP #7748,"I-65, EXIT 67",Holmes Beach,FL,613,3.468
8749,DUMMY TRUCK STOP #7749,"I-65, EXIT 200",New Albany,KS,547,3.292
8750,DUMMY TRUCK STOP #7750,"I-70, EXIT 45",Good Hope,AL,666,3.285
8751,DUMMY TRUCK STOP #7751,"I-64, EXIT 231",Mayfield,KS,553,3.331
8752,DUMMY TRUCK STOP #7752,"I-15, EXIT 304",Tremont,IL,641,4.010
8753,DUMMY TRUCK STOP #7753,"I-44, EXIT 228",Ramsey,IL,380,3.998
8754,DUMMY TRUCK STOP #7754,"I-44, EXIT 136",Fancy Farm,KY,463,3.345
8755,DUMMY TRUCK STOP #7755,"I-90, EXIT 164",Eagar,AZ,733,4.171
8756,DUMMY TRUCK STOP #7756,"I-40, EXIT 258",Hebo,OR,141,4.290
8757,DUMMY TRUCK STOP #7757,"I-10, EXIT 77",Morgan's Point Resort,TX,345,2.914
8758,DUMMY TRUCK STOP #7758,"I-10, EXIT 262",Eastchester,NY,684,4.333
8759,DUMMY TRUCK STOP #7759,"I-75, EXIT 144",Cream Ridge,NJ,502,3.643
8760,DUMMY TRUCK STOP #7760,"I-35, EXIT 136",Fort Montgomery,NY,327,3.883
8761,DUMMY TRUCK STOP #7761,"I-70, EXIT 129",Crosspointe,VA,641,3.441
8762,DUMMY TRUCK STOP #7762,"I-75, EXIT 305",Philmont,NY,437,4.500
8763,DUMMY TRUCK STOP #7763,"I-20, EXIT 183",Augusta-Richmond County consolidated government,GA,498,3.389
8764,DUMMY TRUCK STOP #7764,"I-10, EXIT 121",Strathmore,CA,616,4.829
8765,DUMMY TRUCK STOP #7765,"I-94, EXIT 24",Prairiewood Village,SD,314,3.383
8766,DUMMY TRUCK STOP #7766,"I-65, EXIT 159",Rushville,MO,529,3.205
8767,DUMMY TRUCK STOP #7767,"I-5, EXIT 154",Linganore,MD,701,3.473
8768,DUMMY TRUCK STOP #7768,"I-10, EXIT 109",Brookhaven,GA,588,3.228
8769,DUMMY TRUCK STOP #7769,"I-81, EXIT 221",Dodge,WI,852,3.291
8770,DUMMY TRUCK STOP #7770,"I-95, EXIT 63",Birch Hill,WI,772,3.562
8771,DUMMY TRUCK STOP #7771,"I-15, EXIT 96",Northfield,MA,281,3.596
8772,DUMMY TRUCK STOP #7772,"I-20, EXIT 174",West Danby,NY,145,4.076
8773,DUMMY TRUCK STOP #7773,"I-95, EXIT 349",Blanco,TX,514,3.282
8774,DUMMY TRUCK STOP #7774,"I-65, EXIT 180",Carter,TX,664,3.138
8775,DUMMY TRUCK STOP #7775,"I-15, EXIT 327",Winfield,WV,676,3.668
8776,DUMMY TRUCK STOP #7776,"I-10, EXIT 22",Grand Marsh,WI,409,3.175
8777,DUMMY TRUCK STOP #7777,"I-44, EXIT 111",Selma,CA,321,4.907
8778,DUMMY TRUCK STOP #7778,"I-70, EXIT 68",Oriskany Falls,NY,656,4.302
8779,DUMMY TRUCK STOP #7779,"I-75, EXIT 1",Dundas,MN,202,3.254
8780,DUMMY TRUCK STOP #7780,"I-44, EXIT 264",North Hornell,NY,421,4.294
8781,DUMMY TRUCK STOP #7781,"I-5, EXIT 86",St. Joseph,IL,700,3.798
8782,DUMMY TRUCK STOP #7782,"I-65, EXIT 247",Los Angeles,CA,297,4.754
8783,DUMMY TRUCK STOP #7783,"I-5, EXIT 36",Hosmer,SD,288,3.407
8784,DUMMY TRUCK STOP #7784,"I-64, EXIT 182",Summer Shade,KY,576,3.423
8785,DUMMY TRUCK STOP #7785,"I-70, EXIT 287",Ames,NE,156,3.536
8786,DUMMY TRUCK STOP #7786,"I-75, EXIT 335",Villa Rica,GA,192,3.476
8787,DUMMY TRUCK STOP #7787,"I-95, EXIT 60",Fordyce,NE,294,3.149
8788,DUMMY TRUCK STOP #7788,"I-75, EXIT 321",Harbor,OR,841,4.058
8789,DUMMY TRUCK STOP #7789,"I-65, EXIT 62",Petersburg,TX,689,2.892
8790,DUMMY TRUCK STOP #7790,"I-20, EXIT 344",Spring Green,WI,857,3.713
8791,DUMMY TRUCK STOP #7791,"I-95, EXIT 211",Pecan Plantation,TX,645,3.197
8792,DUMMY TRUCK STOP #7792,"I-81, EXIT 42",Jefferson,NC,613,3.331
8793,DUMMY TRUCK STOP #7793,"I-15, EXIT 248",Jacksonboro,SC,107,3.059
8794,DUMMY TRUCK STOP #7794,"I-94, EXIT 6",Medicine Lodge,KS,757,3.358
8795,DUMMY TRUCK STOP #7795,"I-40, EXIT 84",Morristown,SD,869,3.236
8796,DUMMY TRUCK STOP #7796,"I-94, EXIT 188",Rockham,SD,117,3.806
8797,DUMMY TRUCK STOP #7797,"I-20, EXIT 308",Lake Gogebic,MI,532,3.304
8798,DUMMY TRUCK STOP #7798,"I-15, EXIT 79",St. Vincent College,PA,705,4.074
8799,DUMMY TRUCK STOP #7799,"I-15, EXIT 100",Timberville,VA,386,3.612
8800,DUMMY TRUCK STOP #7800,"I-95, EXIT 181",Lebeau,LA,267,3.574
8801,DUMMY TRUCK STOP #7801,"I-55, EXIT 22",Lake Bryan,TX,781,3.201
8802,DUMMY TRUCK STOP #7802,"I-10, EXIT 110",Allenville,MO,589,3.187
8803,DUMMY TRUCK STOP #7803,"I-85, EXIT 254",Sandy Oaks,TX,471,3.199
8804,DUMMY TRUCK STOP #7804,"I-90, EXIT 285",Shelton,CT,457,4.050
8805,DUMMY TRUCK STOP #7805,"I-55, EXIT 277",Andersonville,IN,107,3.535
8806,DUMMY TRUCK STOP #7806,"I-75, EXIT 205",South Salem,OH,208,3.888
8807,DUMMY TRUCK STOP #7807,"I-35, EXIT 213",Rose Hill,NC,858,3.816
8808,DUMMY TRUCK STOP #7808,"I-25, EXIT 17",Vega,TX,765,3.318
8809,DUMMY TRUCK STOP #7809,"I-75, EXIT 304",Nixon,TX,479,3.158
8810,DUMMY TRUCK STOP #7810,"I-15, EXIT 220",Gambier,OH,425,3.763
8811,DUMMY TRUCK STOP #7811,"I-20, EXIT 61",Asherton,TX,667,3.070
8812,DUMMY TRUCK STOP #7812,"I-80, EXIT 25",Baywood Park,CA,758,4.755
8813,DUMMY TRUCK STOP #7813,"I-20, EXIT 342",Reserve,KS,847,3.319
8814,DUMMY TRUCK STOP #7814,"I-25, EXIT 343",Seaside Heights,NJ,827,3.879
8815,DUMMY TRUCK STOP #7815,"I-44, EXIT 101",Barton,VT,160,3.520
8816,DUMMY TRUCK STOP #7816,"I-35, EXIT 167",Rocky Mount,VA,465,3.447
8817,DUMMY TRUCK STOP #7817,"I-85, EXIT 298",Purty Rock,NM,837,3.192
8818,DUMMY TRUCK STOP #7818,"I-25, EXIT 31",Marcy,NY,539,4.000
8819,DUMMY TRUCK STOP #7819,"I-64, EXIT 340",Taft,FL,449,3.530
8820,DUMMY TRUCK STOP #7820,"I-80, EXIT 285",Albany,LA,773,3.126
8821,DUMMY TRUCK STOP #7821,"I-20, EXIT 11",Appleby,TX,696,3.043
8822,DUMMY TRUCK STOP #7822,"I-75, EXIT 325",Yoncalla,OR,210,3.942
8823,DUMMY TRUCK STOP #7823,"I-94, EXIT 25",Symerton,IL,395,3.635
8824,DUMMY TRUCK STOP #7824,"I-70, EXIT 16",Turkey,TX,452,3.071
8825,DUMMY TRUCK STOP #7825,"I-10, EXIT 112",Wesley,AR,532,3.284
8826,DUMMY TRUCK STOP #7826,"I-5, EXIT 266",Mannford,OK,225,3.206
8827,DUMMY TRUCK STOP #7827,"I-20, EXIT 286",Wyoming,MI,887,3.581
8828,DUMMY TRUCK STOP #7828,"I-5, EXIT 130",Glenaire,MO,361,3.281
8829,DUMMY TRUCK STOP #7829,"I-10, EXIT 278",James City,NC,818,3.444
8830,DUMMY TRUCK STOP #7830,"I-15, EXIT 313",Longview,TX,611,2.823
8831,DUMMY TRUCK STOP #7831,"I-94, EXIT 121",Center Ossipee,NH,379,3.716
8832,DUMMY TRUCK STOP #7832,"I-80, EXIT 289",Humboldt,SD,433,3.324
8833,DUMMY TRUCK STOP #7833,"I-70, EXIT 16",Rupert,PA,513,4.030
8834,DUMMY TRUCK STOP #7834,"I-5, EXIT 303",Soso,MS,796,3.432
8835,DUMMY TRUCK STOP #7835,"I-90, EXIT 18",Burden,KS,523,3.361
8836,DUMMY TRUCK STOP #7836,"I-25, EXIT 234",Barnesville,MN,368,3.226
8837,DUMMY TRUCK STOP #7837,"I-94, EXIT 113",Shalimar,FL,800,3.397
8838,DUMMY TRUCK STOP #7838,"I-94, EXIT 179",Hatch,UT,685,3.761
8839,DUMMY TRUCK STOP #7839,"I-25, EXIT 312",Morgan City,LA,380,3.132
8840,DUMMY TRUCK STOP #7840,"I-15, EXIT 157",North Lakeport,CA,246,4.579
8841,DUMMY TRUCK STOP #7841,"I-64, EXIT 318",Milford Colony,MT,467,3.466
8842,DUMMY TRUCK STOP #7842,"I-81, EXIT 334",Penn Yan,NY,553,3.923
8843,DUMMY TRUCK STOP #7843,"I-40, EXIT 346",Farner,TN,879,3.395
8844,DUMMY TRUCK STOP #7844,"I-94, EXIT 148",Kaylor,SD,565,3.338
8845,DUMMY TRUCK STOP #7845,"I-15, EXIT 308",De Graff,MN,453,3.351
8846,DUMMY TRUCK STOP #7846,"I-40, EXIT 23",Curlew,IA,198,3.450
8847,DUMMY TRUCK STOP #7847,"I-64, EXIT 254",Penngrove,CA,242,4.476
8848,DUMMY TRUCK STOP #7848,"I-90, EXIT 323",Cromwell,MN,510,3.725
8849,DUMMY TRUCK STOP #7849,"I-75, EXIT 266",Fremont,UT,427,3.987
8850,DUMMY TRUCK STOP #7850,"I-95, EXIT 8",De Kalb,TX,237,3.529
8851,DUMMY TRUCK STOP #7851,"I-75, EXIT 67",Post,TX,723,3.600
8852,DUMMY TRUCK STOP #7852,"I-81, EXIT 199",Destin,FL,186,3.403
8853,DUMMY TRUCK STOP #7853,"I-25, EXIT 277",Hobe Sound,FL,508,3.630
8854,DUMMY TRUCK STOP #7854,"I-80, EXIT 5",Vaughn,MT,886,3.723
8855,DUMMY TRUCK STOP #7855,"I-25, EXIT 139",Hartsdale,NY,509,4.240
8856,DUMMY TRUCK STOP #7856,"I-94, EXIT 305",Hamel,IL,746,4.025
8857,DUMMY TRUCK STOP #7857,"I-85, EXIT 334",Ocosta,WA,147,4.720
8858,DUMMY TRUCK STOP #7858,"I-20, EXIT 203",Bird Island,MN,478,3.496
8859,DUMMY TRUCK STOP #7859,"I-85, EXIT 152",Silver Lake,OH,145,3.451
8860,DUMMY TRUCK STOP #7860,"I-35, EXIT 33",Peekskill,NY,472,4.388
8861,DUMMY TRUCK STOP #7861,"I-25, EXIT 106",Galt,IL,188,3.892
8862,DUMMY TRUCK STOP #7862,"I-25, EXIT 166",Irondequoit,NY,251,3.960
8863,DUMMY TRUCK STOP #7863,"I-65, EXIT 78",Mohall,ND,449,3.432
8864,DUMMY TRUCK STOP #7864,"I-75, EXIT 18",Hildale,UT,100,4.054
8865,DUMMY TRUCK STOP #7865,"I-90, EXIT 318",Otisco,IN,416,3.455
8866,DUMMY TRUCK STOP #7866,"I-75, EXIT 33",Mellott,IN,563,3.711
8867,DUMMY TRUCK STOP #7867,"I-10, EXIT 174",Imperial Beach,CA,891,4.823
8868,DUMMY TRUCK STOP #7868,"I-25, EXIT 5",Galva,IA,740,3.504
8869,DUMMY TRUCK STOP #7869,"I-44, EXIT 170",Carbonado,WA,303,4.264
8870,DUMMY TRUCK STOP #7870,"I-15, EXIT 97",Salvisa,KY,836,3.675
8871,DUMMY TRUCK STOP #7871,"I-80, EXIT 9",Zena,OK,437,3.255
8872,DUMMY TRUCK STOP #7872,"I-44, EXIT 148",Scio,NY,779,4.248
8873,DUMMY TRUCK STOP #7873,"I-20, EXIT 4",Salida,CA,719,4.810
8874,DUMMY TRUCK STOP #7874,"I-15, EXIT 76",Gruetli-Laager,TN,692,3.383
8875,DUMMY TRUCK STOP #7875,"I-44, EXIT 56",Lahoma,OK,383,3.132
8876,DUMMY TRUCK STOP #7876,"I-15, EXIT 144",Proctor,MN,131,3.638
8877,DUMMY TRUCK STOP #7877,"I-85, EXIT 263",Corinth,MS,327,3.279
8878,DUMMY TRUCK STOP #7878,"I-55, EXIT 101",Holland,MA,797,3.391
8879,DUMMY TRUCK STOP #7879,"I-85, EXIT 303",Linden,TX,880,3.261
8880,DUMMY TRUCK STOP #7880,"I-94, EXIT 78",Salineño North,TX,805,2.982
8881,DUMMY TRUCK STOP #7881,"I-25, EXIT 50",New Castle,KY,217,3.488
8882,DUMMY TRUCK STOP #7882,"I-80, EXIT 272",Sunset,TX,250,3.111
8883,DUMMY TRUCK STOP #7883,"I-95, EXIT 349",Haw River,NC,863,3.467
8884,DUMMY TRUCK STOP #7884,"I-90, EXIT 42",White Horse,SD,614,3.525
8885,DUMMY TRUCK STOP #7885,"I-10, EXIT 349",Kohatk,AZ,680,3.875
8886,DUMMY TRUCK STOP #7886,"I-75, EXIT 78",Rexford,KS,418,3.270
8887,DUMMY TRUCK STOP #7887,"I-81, EXIT 266",Ranger,TX,890,3.246
8888,DUMMY TRUCK STOP #7888,"I-80, EXIT 112",Chewsville,MD,795,3.757
8889,DUMMY TRUCK STOP #7889,"I-81, EXIT 145",Napoleon,ND,894,3.394
8890,DUMMY TRUCK STOP #7890,"I-70, EXIT 66",Orkney Springs,VA,527,3.735
8891,DUMMY TRUCK STOP #7891,"I-90, EXIT 268",Bethel,OH,645,3.764
8892,DUMMY TRUCK STOP #7892,"I-25, EXIT 101",Port St. John,FL,866,3.773
8893,DUMMY TRUCK STOP #7893,"I-25, EXIT 162",Justice,WV,418,3.609
8894,DUMMY TRUCK STOP #7894,"I-64, EXIT 96",Newark,AR,231,3.040
8895,DUMMY TRUCK STOP #7895,"I-20, EXIT 35",Elizabeth,IN,577,3.672
8896,DUMMY TRUCK STOP #7896,"I-90, EXIT 348",Greenbriar,VA,670,3.457
8897,DUMMY TRUCK STOP #7897,"I-65, EXIT 24",Bandon,OR,355,4.210
8898,DUMMY TRUCK STOP #7898,"I-55, EXIT 173",Caro,MI,474,3.472
8899,DUMMY TRUCK STOP #7899,"I-35, EXIT 262",Daniel,WY,583,3.486
8900,DUMMY TRUCK STOP #7900,"I-35, EXIT 4",Pinole,CA,368,5.042
8901,DUMMY TRUCK STOP #7901,"I-75, EXIT 194",Rollinsville,CO,825,3.360
8902,DUMMY TRUCK STOP #7902,"I-10, EXIT 273",Belmont,CA,231,4.823
8903,DUMMY TRUCK STOP #7903,"I-64, EXIT 165",Millgrove,IN,823,3.289
8904,DUMMY TRUCK STOP #7904,"I-90, EXIT 229",Great Cacapon,WV,180,3.481
8905,DUMMY TRUCK STOP #7905,"I-85, EXIT 161",Quicksburg,VA,312,3.534
8906,DUMMY TRUCK STOP #7906,"I-15, EXIT 111",Altoona,KS,833,3.157
8907,DUMMY TRUCK STOP #7907,"I-40, EXIT 53",Ranburne,AL,480,3.495
8908,DUMMY TRUCK STOP #7908,"I-25, EXIT 203",Fryeburg,ME,231,3.479
8909,DUMMY TRUCK STOP #7909,"I-85, EXIT 152",Plush,OR,828,4.417
8910,DUMMY TRUCK STOP #7910,"I-15, EXIT 132",Park Center,CO,369,3.698
8911,DUMMY TRUCK STOP #7911,"I-20, EXIT 8",Rosalia,KS,496,3.298
8912,DUMMY TRUCK STOP #7912,"I-15, EXIT 143",Cochrane,WI,393,3.701
8913,DUMMY TRUCK STOP #7913,"I-75, EXIT 157",Fallon,MT,460,3.452
8914,DUMMY TRUCK STOP #7914,"I-81, EXIT 160",Gisela,AZ,377,4.040
8915,DUMMY TRUCK STOP #7915,"I-85, EXIT 50",Gilbert,LA,225,3.363
8916,DUMMY TRUCK STOP #7916,"I-70, EXIT 117",Mount Vernon,IL,332,3.748
8917,DUMMY TRUCK STOP #7917,"I-95, EXIT 231",Nambe,NM,268,3.607
8918,DUMMY TRUCK STOP #7918,"I-80, EXIT 316",Onarga,IL,578,3.458
8919,DUMMY TRUCK STOP #7919,"I-10, EXIT 106",Lee Center,IL,748,3.840
8920,DUMMY TRUCK STOP #7920,"I-64, EXIT 116",Baldwin,NY,401,4.157
8921,DUMMY TRUCK STOP #7921,"I-70, EXIT 278",Richwood,NJ,817,3.773
8922,DUMMY TRUCK STOP #7922,"I-70, EXIT 283",Riverside Colony,SD,834,3.631
8923,DUMMY TRUCK STOP #7923,"I-90, EXIT 269",East Lexington,VA,618,3.492
8924,DUMMY TRUCK STOP #7924,"I-15, EXIT 244",Auburn,NE,624,3.385
8925,DUMMY TRUCK STOP #7925,"I-25, EXIT 60",Berea,OH,475,3.340
8926,DUMMY TRUCK STOP #7926,"I-95, EXIT 303",Mulberry,FL,257,3.750
8927,DUMMY TRUCK STOP #7927,"I-81, EXIT 224",Scio,OR,324,4.062
8928,DUMMY TRUCK STOP #7928,"I-90, EXIT 66",Alverda,PA,602,4.051
8929,DUMMY TRUCK STOP #7929,"I-10, EXIT 108",Gideon,OK,319,3.345
8930,DUMMY TRUCK STOP #7930,"I-20, EXIT 83",Alpine,AZ,271,3.714
8931,DUMMY TRUCK STOP #7931,"I-65, EXIT 136",Eau Claire,MI,670,3.842
8932,DUMMY TRUCK STOP #7932,"I-10, EXIT 225",West Winfield,NY,114,4.485
8933,DUMMY TRUCK STOP #7933,"I-20, EXIT 160",Cherokee,OK,849,3.120
8934,DUMMY TRUCK STOP #7934,"I-90, EXIT 112",Upper Pohatcong,NJ,505,3.969
8935,DUMMY TRUCK STOP #7935,"I-85, EXIT 255",Manila,AR,361,3.104
8936,DUMMY TRUCK STOP #7936,"I-5, EXIT 236",Winslow,IN,118,3.697
8937,DUMMY TRUCK STOP #7937,"I-70, EXIT 206",Seville,GA,112,3.382
8938,DUMMY TRUCK STOP #7938,"I-5, EXIT 345",Clio,CA,560,4.925
8939,DUMMY TRUCK STOP #7939,"I-35, EXIT 282",Toledo,IA,258,3.144
8940,DUMMY TRUCK STOP #7940,"I-20, EXIT 93",Inverness,IL,803,3.999
8941,DUMMY TRUCK STOP #7941,"I-95, EXIT 109",Tumalo,OR,615,4.142
8942,DUMMY TRUCK STOP #7942,"I-80, EXIT 276",Rugby,ND,268,3.426
8943,DUMMY TRUCK STOP #7943,"I-81, EXIT 69",Leando,IA,536,3.034
8944,DUMMY TRUCK STOP #7944,"I-55, EXIT 111",Arnold,CA,713,4.788
8945,DUMMY TRUCK STOP #7945,"I-64, EXIT 185",Walnut Grove,MO,759,3.296
8946,DUMMY TRUCK STOP #7946,"I-95, EXIT 221",Skokomish,WA,683,4.788
8947,DUMMY TRUCK STOP #7947,"I-75, EXIT 206",Horn Hill,AL,775,3.453
8948,DUMMY TRUCK STOP #7948,"I-75, EXIT 17",Fillmore,CA,379,5.013
8949,DUMMY TRUCK STOP #7949,"I-20, EXIT 94",Kahlotus,WA,307,3.931
8950,DUMMY TRUCK STOP #7950,"I-55, EXIT 335",Bee,OK,370,3.006
8951,DUMMY TRUCK STOP #7951,"I-55, EXIT 297",Le Claire,IA,675,3.395
8952,DUMMY TRUCK STOP #7952,"I-15, EXIT 58",Carter,OK,633,3.308
8953,DUMMY TRUCK STOP #7953,"I-80, EXIT 180",Badger Lee,OK,200,2.872
8954,DUMMY TRUCK STOP #7954,"I-25, EXIT 134",Hazel,SD,285,2.975
8955,DUMMY TRUCK STOP #7955,"I-44, EXIT 240",Joes,CO,670,3.819
8956,DUMMY TRUCK STOP #7956,"I-15, EXIT 243",Bisbee,AZ,875,4.098
8957,DUMMY TRUCK STOP #7957,"I-44, EXIT 193",Durham,KS,358,3.209
8958,DUMMY TRUCK STOP #7958,"I-90, EXIT 49",Richfield,OH,185,3.551
8959,DUMMY TRUCK STOP #7959,"I-95, EXIT 180",Palo,MI,470,3.592
8960,DUMMY TRUCK STOP #7960,"I-94, EXIT 321",Hillside Colony,SD,826,3.131
8961,DUMMY TRUCK STOP #7961,"I-35, EXIT 38",Iron Mountain,MI,737,3.410
8962,DUMMY TRUCK STOP #7962,"I-44, EXIT 256",Beattystown,NJ,687,4.150
8963,DUMMY TRUCK STOP #7963,"I-40, EXIT 210",Lyman,SC,298,3.312
8964,DUMMY TRUCK STOP #7964,"I-75, EXIT 173",Williams,CA,690,4.344
8965,DUMMY TRUCK STOP #7965,"I-81, EXIT 219",Fort Washakie,WY,632,3.242
8966,DUMMY TRUCK STOP #7966,"I-85, EXIT 244",Archer City,TX,599,3.155
8967,DUMMY TRUCK STOP #7967,"I-94, EXIT 218",McAdenville,NC,173,3.368
8968,DUMMY TRUCK STOP #7968,"I-40, EXIT 159",Cochiti,NM,191,3.542
8969,DUMMY TRUCK STOP #7969,"I-15, EXIT 300",Bruce,SD,454,2.756
8970,DUMMY TRUCK STOP #7970,"I-44, EXIT 285",Bryant,IL,124,3.859
8971,DUMMY TRUCK STOP #7971,"I-64, EXIT 92",Hawthorn Woods,IL,542,4.053
8972,DUMMY TRUCK STOP #7972,"I-85, EXIT 67",Cal-Nev-Ari,NV,296,3.985
8973,DUMMY TRUCK STOP #7973,"I-85, EXIT 208",Pilot Knob,MO,217,3.275
8974,DUMMY TRUCK STOP #7974,"I-70, EXIT 15",Horseheads North,NY,133,4.384
8975,DUMMY TRUCK STOP #7975,"I-20, EXIT 172",East York,PA,415,4.112
8976,DUMMY TRUCK STOP #7976,"I-90, EXIT 1",Douglas,AZ,415,3.891
8977,DUMMY TRUCK STOP #7977,"I-80, EXIT 129",Pardeeville,WI,611,3.388
8978,DUMMY TRUCK STOP #7978,"I-35, EXIT 39",Parkesburg,PA,367,4.343
8979,DUMMY TRUCK STOP #7979,"I-15, EXIT 2",South Wenatchee,WA,843,4.695
8980,DUMMY TRUCK STOP #7980,"I-90, EXIT 202",Riley,KS,199,3.239
8981,DUMMY TRUCK STOP #7981,"I-55, EXIT 236",Jordan Hill,LA,820,3.305
8982,DUMMY TRUCK STOP #7982,"I-5, EXIT 160",Hershey,NE,743,3.181
8983,DUMMY TRUCK STOP #7983,"I-95, EXIT 46",Aldrich,MN,450,3.762
8984,DUMMY TRUCK STOP #7984,"I-85, EXIT 115",Cave Spring,GA,643,3.318
8985,DUMMY TRUCK STOP #7985,"I-81, EXIT 314",Richards,TX,686,3.128
8986,DUMMY TRUCK STOP #7986,"I-75, EXIT 237",Aquasco,MD,782,3.564
8987,DUMMY TRUCK STOP #7987,"I-10, EXIT 300",Wilson,OK,791,3.173
8988,DUMMY TRUCK STOP #7988,"I-75, EXIT 61",Fairmount,MD,146,3.796
8989,DUMMY TRUCK STOP #7989,"I-81, EXIT 93",La Vale,MD,542,3.696
8990,DUMMY TRUCK STOP #7990,"I-64, EXIT 115",Butler,OH,790,3.411
8991,DUMMY TRUCK STOP #7991,"I-75, EXIT 291",Oak Hill,KS,679,3.329
8992,DUMMY TRUCK STOP #7992,"I-81, EXIT 82",Greenville,IN,373,3.902
8993,DUMMY TRUCK STOP #7993,"I-85, EXIT 54",Fernley,NV,780,4.263
8994,DUMMY TRUCK STOP #7994,"I-70, EXIT 186",New Albin,IA,798,3.217
8995,DUMMY TRUCK STOP #7995,"I-85, EXIT 240",Cutten,CA,107,4.639
8996,DUMMY TRUCK STOP #7996,"I-20, EXIT 60",Carbon Hill,OH,797,3.741
8997,DUMMY TRUCK STOP #7997,"I-20, EXIT 239",Badger,IA,792,3.211
8998,DUMMY TRUCK STOP #7998,"I-85, EXIT 106",Pinconning,MI,740,3.933
8999,DUMMY TRUCK STOP #7999,"I-80, EXIT 3",Sun City West,AZ,700,3.954
9000,DUMMY TRUCK STOP #8000,"I-80, EXIT 261",Ellisburg,NY,448,3.878
